input log file location, tiny_llm_block_custom_matmul/device_output/prefill_q_proj_lhs_tile_cache/qnn-profiling-data_0.log
qnn-profile-viewer version, v2.47.0.260601114230
qnn-net-run version, v2.47.0.260601114230
Backend version, v2.47.0.260601114230
Msg Timestamp, Message, Time, Unit of Measurement, Timing Source, Event Level, Event Identifier
355434044188,INIT,159943,US,NETRUN,ROOT,null
355434131509,COMPOSE GRAPHS,85552,US,NETRUN,ROOT,null
355434200816,FINALIZE,68840,US,NETRUN,ROOT,Graph 0: tiny_block_prefill
355434200816,FINALIZE,5225,US,BACKEND,ROOT,RPC (finalize) time
355434200816,FINALIZE,3731,US,BACKEND,ROOT,QNN accelerator (finalize) time
355434200816,FINALIZE,3588,US,BACKEND,ROOT,Accelerator (finalize) time
355434200816,FINALIZE,68774,US,BACKEND,ROOT,QNN (finalize) time
355434200816,FINALIZE,200,US,BACKEND,SUB-EVENT,Graph Preparation Initializing
355434200816,FINALIZE,41434,US,BACKEND,SUB-EVENT,Graph Optimizations
355434200816,FINALIZE,1142,US,BACKEND,SUB-EVENT,Post Graph Optimization
355434200816,FINALIZE,5065,US,BACKEND,SUB-EVENT,Graph Sequencing for Target
355434200816,FINALIZE,542,US,BACKEND,SUB-EVENT,VTCM Allocation
355434200816,FINALIZE,129,US,BACKEND,SUB-EVENT,Parallelization Optimization
355434200816,FINALIZE,445,US,BACKEND,SUB-EVENT,Finalizing Graph Sequence
355434200816,FINALIZE,18,US,BACKEND,SUB-EVENT,Completion
355434341920,DE-INIT,28685,US,NETRUN,ROOT,null
355434341920,DE-INIT,6397,US,BACKEND,ROOT,RPC (deinit) time
355434341920,DE-INIT,5193,US,BACKEND,ROOT,QNN Accelerator (deinit) time
355434341920,DE-INIT,5051,US,BACKEND,ROOT,Accelerator (deinit) time
355434341920,DE-INIT,28637,US,BACKEND,ROOT,QNN (deinit) time
355434213738,EXECUTE,11130,US,NETRUN,ROOT,Graph 0: tiny_block_prefill
355434213738,EXECUTE,4,COUNT,BACKEND,ROOT,Number of HVX threads used
355434213738,EXECUTE,10669,US,BACKEND,ROOT,RPC (execute) time
355434213738,EXECUTE,8478,US,BACKEND,ROOT,QNN accelerator (execute) time
355434213738,EXECUTE,0,COUNT,BACKEND,ROOT,Num times yield occured
355434213738,EXECUTE,2921,US,BACKEND,ROOT,Time for initial VTCM acquire
355434213738,EXECUTE,44421,US,BACKEND,ROOT,Time for HVX + HMX power on and acquire
355434213738,EXECUTE,675524,CYCLES,BACKEND,ROOT,Accelerator (execute) time (cycles)
355434213738,EXECUTE,5393,CYCLES,BACKEND,SUB-EVENT,Input OpId_2 (cycles)
355434213738,EXECUTE,0,CYCLES,BACKEND,SUB-EVENT,hidden_states_nfc:OpId_17 (cycles)
355434213738,EXECUTE,29782,CYCLES,BACKEND,SUB-EVENT,rms_norm__Mul_2_output_0:OpId_22 (cycles)
355434213738,EXECUTE,0,CYCLES,BACKEND,SUB-EVENT,_MatMul_2_pre_reshape:OpId_25 (cycles)
355434213738,EXECUTE,0,CYCLES,BACKEND,SUB-EVENT,_MatMul_1_pre_reshape:OpId_26 (cycles)
355434213738,EXECUTE,0,CYCLES,BACKEND,SUB-EVENT,_MatMul_pre_reshape:OpId_27 (cycles)
355434213738,EXECUTE,0,CYCLES,BACKEND,SUB-EVENT,_MatMul_lhs_reshape:OpId_30 (cycles)
355434213738,EXECUTE,0,CYCLES,BACKEND,SUB-EVENT,_MatMul_lhs_cast_fp16:OpId_31 (cycles)
355434213738,EXECUTE,7660,CYCLES,BACKEND,SUB-EVENT,_MatMul_rhs_cast_fp16:OpId_32 (cycles)
355434213738,EXECUTE,144102,CYCLES,BACKEND,SUB-EVENT,_MatMul:OpId_33 (cycles)
355434213738,EXECUTE,0,CYCLES,BACKEND,SUB-EVENT,_MatMul_output_reshape:OpId_34 (cycles)
355434213738,EXECUTE,2045,CYCLES,BACKEND,SUB-EVENT,_MatMul_post_reshape:OpId_35 (cycles)
355434213738,EXECUTE,4213,CYCLES,BACKEND,SUB-EVENT,_Transpose:OpId_37 (cycles)
355434213738,EXECUTE,0,CYCLES,BACKEND,SUB-EVENT,_MatMul_1:OpId_40 (cycles)
355434213738,EXECUTE,0,CYCLES,BACKEND,SUB-EVENT,_MatMul_1_post_reshape:OpId_42 (cycles)
355434213738,EXECUTE,7298,CYCLES,BACKEND,SUB-EVENT,_Transpose_1:OpId_44 (cycles)
355434213738,EXECUTE,0,CYCLES,BACKEND,SUB-EVENT,_MatMul_2:OpId_47 (cycles)
355434213738,EXECUTE,0,CYCLES,BACKEND,SUB-EVENT,_MatMul_2_post_reshape:OpId_49 (cycles)
355434213738,EXECUTE,13323,CYCLES,BACKEND,SUB-EVENT,_Transpose_2:OpId_51 (cycles)
355434213738,EXECUTE,0,CYCLES,BACKEND,SUB-EVENT,_Slice:OpId_53 (cycles)
355434213738,EXECUTE,701,CYCLES,BACKEND,SUB-EVENT,_Slice_1:OpId_59 (cycles)
355434213738,EXECUTE,6870,CYCLES,BACKEND,SUB-EVENT,_Mul_3:OpId_65 (cycles)
355434213738,EXECUTE,4733,CYCLES,BACKEND,SUB-EVENT,_Mul_4:OpId_68 (cycles)
355434213738,EXECUTE,810,CYCLES,BACKEND,SUB-EVENT,_Sub:OpId_70 (cycles)
355434213738,EXECUTE,4419,CYCLES,BACKEND,SUB-EVENT,_Mul_5:OpId_72 (cycles)
355434213738,EXECUTE,7046,CYCLES,BACKEND,SUB-EVENT,_Mul_6:OpId_74 (cycles)
355434213738,EXECUTE,879,CYCLES,BACKEND,SUB-EVENT,_Add_4:OpId_76 (cycles)
355434213738,EXECUTE,1981,CYCLES,BACKEND,SUB-EVENT,_Concat:OpId_78 (cycles)
355434213738,EXECUTE,0,CYCLES,BACKEND,SUB-EVENT,_Slice_2:OpId_81 (cycles)
355434213738,EXECUTE,1661,CYCLES,BACKEND,SUB-EVENT,_Slice_3:OpId_87 (cycles)
355434213738,EXECUTE,11744,CYCLES,BACKEND,SUB-EVENT,_Mul_7:OpId_92 (cycles)
355434213738,EXECUTE,11448,CYCLES,BACKEND,SUB-EVENT,_Mul_8:OpId_94 (cycles)
355434213738,EXECUTE,1743,CYCLES,BACKEND,SUB-EVENT,_Sub_1:OpId_96 (cycles)
355434213738,EXECUTE,7030,CYCLES,BACKEND,SUB-EVENT,_Mul_9:OpId_98 (cycles)
355434213738,EXECUTE,11724,CYCLES,BACKEND,SUB-EVENT,_Mul_10:OpId_100 (cycles)
355434213738,EXECUTE,1251,CYCLES,BACKEND,SUB-EVENT,_Add_5:OpId_102 (cycles)
355434213738,EXECUTE,7097,CYCLES,BACKEND,SUB-EVENT,_Concat_1:OpId_104 (cycles)
355434213738,EXECUTE,0,CYCLES,BACKEND,SUB-EVENT,_Unsqueeze_4:OpId_106 (cycles)
355434213738,EXECUTE,2180,CYCLES,BACKEND,SUB-EVENT,_Tile:OpId_108 (cycles)
355434213738,EXECUTE,0,CYCLES,BACKEND,SUB-EVENT,_Reshape_3:OpId_109 (cycles)
355434213738,EXECUTE,0,CYCLES,BACKEND,SUB-EVENT,_Unsqueeze_5:OpId_110 (cycles)
355434213738,EXECUTE,2740,CYCLES,BACKEND,SUB-EVENT,_Tile_1:OpId_112 (cycles)
355434213738,EXECUTE,0,CYCLES,BACKEND,SUB-EVENT,_Reshape_4:OpId_113 (cycles)
355434213738,EXECUTE,0,CYCLES,BACKEND,SUB-EVENT,_Transpose_3:OpId_115 (cycles)
355434213738,EXECUTE,69472,CYCLES,BACKEND,SUB-EVENT,_MatMul_3:OpId_116 (cycles)
355434213738,EXECUTE,17998,CYCLES,BACKEND,SUB-EVENT,_Mul_11:OpId_121 (cycles)
355434213738,EXECUTE,0,CYCLES,BACKEND,SUB-EVENT,_Unsqueeze_7_output_0_cast_to_bool:OpId_124 (cycles)
355434213738,EXECUTE,27051,CYCLES,BACKEND,SUB-EVENT,_Where:OpId_126 (cycles)
355434213738,EXECUTE,24242,CYCLES,BACKEND,SUB-EVENT,_Softmax:OpId_127 (cycles)
355434213738,EXECUTE,20798,CYCLES,BACKEND,SUB-EVENT,_MatMul_4:OpId_130 (cycles)
355434213738,EXECUTE,0,CYCLES,BACKEND,SUB-EVENT,_Transpose_4:OpId_135 (cycles)
355434213738,EXECUTE,0,CYCLES,BACKEND,SUB-EVENT,_Reshape_5:OpId_136 (cycles)
355434213738,EXECUTE,1614,CYCLES,BACKEND,SUB-EVENT,_MatMul_5:OpId_138 (cycles)
355434213738,EXECUTE,0,CYCLES,BACKEND,SUB-EVENT,_MatMul_5_post_reshape:OpId_141 (cycles)
355434213738,EXECUTE,0,CYCLES,BACKEND,SUB-EVENT,_MatMul_5_output_0_nfc:OpId_143 (cycles)
355434213738,EXECUTE,4181,CYCLES,BACKEND,SUB-EVENT,_Add_6:OpId_145 (cycles)
355434213738,EXECUTE,0,CYCLES,BACKEND,SUB-EVENT,_Add_6_output_0_ncf:OpId_148 (cycles)
355434213738,EXECUTE,5714,CYCLES,BACKEND,SUB-EVENT,rms_norm__Mul_14_output_0:OpId_153 (cycles)
355434213738,EXECUTE,0,CYCLES,BACKEND,SUB-EVENT,_MatMul_7_pre_reshape:OpId_156 (cycles)
355434213738,EXECUTE,0,CYCLES,BACKEND,SUB-EVENT,_MatMul_6_pre_reshape:OpId_157 (cycles)
355434213738,EXECUTE,18495,CYCLES,BACKEND,SUB-EVENT,_MatMul_6:OpId_159 (cycles)
355434213738,EXECUTE,0,CYCLES,BACKEND,SUB-EVENT,_MatMul_6_post_reshape:OpId_162 (cycles)
355434213738,EXECUTE,0,CYCLES,BACKEND,SUB-EVENT,_Sigmoid:OpId_163 (cycles)
355434213738,EXECUTE,83715,CYCLES,BACKEND,SUB-EVENT,_Mul_15:OpId_170 (cycles)
355434213738,EXECUTE,3326,CYCLES,BACKEND,SUB-EVENT,_MatMul_7:OpId_173 (cycles)
355434213738,EXECUTE,0,CYCLES,BACKEND,SUB-EVENT,_MatMul_7_post_reshape:OpId_176 (cycles)
355434213738,EXECUTE,60624,CYCLES,BACKEND,SUB-EVENT,_Mul_16:OpId_177 (cycles)
355434213738,EXECUTE,0,CYCLES,BACKEND,SUB-EVENT,_MatMul_8_pre_reshape:OpId_179 (cycles)
355434213738,EXECUTE,2258,CYCLES,BACKEND,SUB-EVENT,_MatMul_8:OpId_181 (cycles)
355434213738,EXECUTE,0,CYCLES,BACKEND,SUB-EVENT,_MatMul_8_post_reshape:OpId_184 (cycles)
355434213738,EXECUTE,0,CYCLES,BACKEND,SUB-EVENT,_MatMul_8_output_0_nfc:OpId_186 (cycles)
355434213738,EXECUTE,3093,CYCLES,BACKEND,SUB-EVENT,_Add_8:OpId_188 (cycles)
355434213738,EXECUTE,15478,CYCLES,BACKEND,SUB-EVENT,hidden_out_ncf:OpId_191 (cycles)
355434213738,EXECUTE,17592,CYCLES,BACKEND,SUB-EVENT,Output OpId_3 (cycles)
355434213738,EXECUTE,4981,US,BACKEND,ROOT,Accelerator (execute) time
355434213738,EXECUTE,1372,US,BACKEND,ROOT,Accelerator (execute excluding wait) time
355434213738,EXECUTE,11081,US,BACKEND,ROOT,QNN (execute) time
355434222774,EXECUTE,6599,US,NETRUN,ROOT,Graph 0: tiny_block_prefill
355434222774,EXECUTE,4,COUNT,BACKEND,ROOT,Number of HVX threads used
355434222774,EXECUTE,6054,US,BACKEND,ROOT,RPC (execute) time
355434222774,EXECUTE,4912,US,BACKEND,ROOT,QNN accelerator (execute) time
355434222774,EXECUTE,0,COUNT,BACKEND,ROOT,Num times yield occured
355434222774,EXECUTE,7364,US,BACKEND,ROOT,Time for initial VTCM acquire
355434222774,EXECUTE,4828,US,BACKEND,ROOT,Time for HVX + HMX power on and acquire
355434222774,EXECUTE,525135,CYCLES,BACKEND,ROOT,Accelerator (execute) time (cycles)
355434222774,EXECUTE,1410,CYCLES,BACKEND,SUB-EVENT,Input OpId_2 (cycles)
355434222774,EXECUTE,0,CYCLES,BACKEND,SUB-EVENT,hidden_states_nfc:OpId_17 (cycles)
355434222774,EXECUTE,21635,CYCLES,BACKEND,SUB-EVENT,rms_norm__Mul_2_output_0:OpId_22 (cycles)
355434222774,EXECUTE,0,CYCLES,BACKEND,SUB-EVENT,_MatMul_2_pre_reshape:OpId_25 (cycles)
355434222774,EXECUTE,0,CYCLES,BACKEND,SUB-EVENT,_MatMul_1_pre_reshape:OpId_26 (cycles)
355434222774,EXECUTE,0,CYCLES,BACKEND,SUB-EVENT,_MatMul_pre_reshape:OpId_27 (cycles)
355434222774,EXECUTE,0,CYCLES,BACKEND,SUB-EVENT,_MatMul_lhs_reshape:OpId_30 (cycles)
355434222774,EXECUTE,0,CYCLES,BACKEND,SUB-EVENT,_MatMul_lhs_cast_fp16:OpId_31 (cycles)
355434222774,EXECUTE,221,CYCLES,BACKEND,SUB-EVENT,_MatMul_rhs_cast_fp16:OpId_32 (cycles)
355434222774,EXECUTE,146068,CYCLES,BACKEND,SUB-EVENT,_MatMul:OpId_33 (cycles)
355434222774,EXECUTE,0,CYCLES,BACKEND,SUB-EVENT,_MatMul_output_reshape:OpId_34 (cycles)
355434222774,EXECUTE,2092,CYCLES,BACKEND,SUB-EVENT,_MatMul_post_reshape:OpId_35 (cycles)
355434222774,EXECUTE,2037,CYCLES,BACKEND,SUB-EVENT,_Transpose:OpId_37 (cycles)
355434222774,EXECUTE,0,CYCLES,BACKEND,SUB-EVENT,_MatMul_1:OpId_40 (cycles)
355434222774,EXECUTE,0,CYCLES,BACKEND,SUB-EVENT,_MatMul_1_post_reshape:OpId_42 (cycles)
355434222774,EXECUTE,6225,CYCLES,BACKEND,SUB-EVENT,_Transpose_1:OpId_44 (cycles)
355434222774,EXECUTE,0,CYCLES,BACKEND,SUB-EVENT,_MatMul_2:OpId_47 (cycles)
355434222774,EXECUTE,0,CYCLES,BACKEND,SUB-EVENT,_MatMul_2_post_reshape:OpId_49 (cycles)
355434222774,EXECUTE,5025,CYCLES,BACKEND,SUB-EVENT,_Transpose_2:OpId_51 (cycles)
355434222774,EXECUTE,0,CYCLES,BACKEND,SUB-EVENT,_Slice:OpId_53 (cycles)
355434222774,EXECUTE,648,CYCLES,BACKEND,SUB-EVENT,_Slice_1:OpId_59 (cycles)
355434222774,EXECUTE,7262,CYCLES,BACKEND,SUB-EVENT,_Mul_3:OpId_65 (cycles)
355434222774,EXECUTE,6444,CYCLES,BACKEND,SUB-EVENT,_Mul_4:OpId_68 (cycles)
355434222774,EXECUTE,792,CYCLES,BACKEND,SUB-EVENT,_Sub:OpId_70 (cycles)
355434222774,EXECUTE,6285,CYCLES,BACKEND,SUB-EVENT,_Mul_5:OpId_72 (cycles)
355434222774,EXECUTE,7143,CYCLES,BACKEND,SUB-EVENT,_Mul_6:OpId_74 (cycles)
355434222774,EXECUTE,2202,CYCLES,BACKEND,SUB-EVENT,_Add_4:OpId_76 (cycles)
355434222774,EXECUTE,1273,CYCLES,BACKEND,SUB-EVENT,_Concat:OpId_78 (cycles)
355434222774,EXECUTE,0,CYCLES,BACKEND,SUB-EVENT,_Slice_2:OpId_81 (cycles)
355434222774,EXECUTE,1131,CYCLES,BACKEND,SUB-EVENT,_Slice_3:OpId_87 (cycles)
355434222774,EXECUTE,8730,CYCLES,BACKEND,SUB-EVENT,_Mul_7:OpId_92 (cycles)
355434222774,EXECUTE,5938,CYCLES,BACKEND,SUB-EVENT,_Mul_8:OpId_94 (cycles)
355434222774,EXECUTE,827,CYCLES,BACKEND,SUB-EVENT,_Sub_1:OpId_96 (cycles)
355434222774,EXECUTE,5864,CYCLES,BACKEND,SUB-EVENT,_Mul_9:OpId_98 (cycles)
355434222774,EXECUTE,8696,CYCLES,BACKEND,SUB-EVENT,_Mul_10:OpId_100 (cycles)
355434222774,EXECUTE,1114,CYCLES,BACKEND,SUB-EVENT,_Add_5:OpId_102 (cycles)
355434222774,EXECUTE,2923,CYCLES,BACKEND,SUB-EVENT,_Concat_1:OpId_104 (cycles)
355434222774,EXECUTE,0,CYCLES,BACKEND,SUB-EVENT,_Unsqueeze_4:OpId_106 (cycles)
355434222774,EXECUTE,2198,CYCLES,BACKEND,SUB-EVENT,_Tile:OpId_108 (cycles)
355434222774,EXECUTE,0,CYCLES,BACKEND,SUB-EVENT,_Reshape_3:OpId_109 (cycles)
355434222774,EXECUTE,0,CYCLES,BACKEND,SUB-EVENT,_Unsqueeze_5:OpId_110 (cycles)
355434222774,EXECUTE,2566,CYCLES,BACKEND,SUB-EVENT,_Tile_1:OpId_112 (cycles)
355434222774,EXECUTE,0,CYCLES,BACKEND,SUB-EVENT,_Reshape_4:OpId_113 (cycles)
355434222774,EXECUTE,0,CYCLES,BACKEND,SUB-EVENT,_Transpose_3:OpId_115 (cycles)
355434222774,EXECUTE,61384,CYCLES,BACKEND,SUB-EVENT,_MatMul_3:OpId_116 (cycles)
355434222774,EXECUTE,28611,CYCLES,BACKEND,SUB-EVENT,_Mul_11:OpId_121 (cycles)
355434222774,EXECUTE,0,CYCLES,BACKEND,SUB-EVENT,_Unsqueeze_7_output_0_cast_to_bool:OpId_124 (cycles)
355434222774,EXECUTE,20464,CYCLES,BACKEND,SUB-EVENT,_Where:OpId_126 (cycles)
355434222774,EXECUTE,19623,CYCLES,BACKEND,SUB-EVENT,_Softmax:OpId_127 (cycles)
355434222774,EXECUTE,19348,CYCLES,BACKEND,SUB-EVENT,_MatMul_4:OpId_130 (cycles)
355434222774,EXECUTE,0,CYCLES,BACKEND,SUB-EVENT,_Transpose_4:OpId_135 (cycles)
355434222774,EXECUTE,0,CYCLES,BACKEND,SUB-EVENT,_Reshape_5:OpId_136 (cycles)
355434222774,EXECUTE,1163,CYCLES,BACKEND,SUB-EVENT,_MatMul_5:OpId_138 (cycles)
355434222774,EXECUTE,0,CYCLES,BACKEND,SUB-EVENT,_MatMul_5_post_reshape:OpId_141 (cycles)
355434222774,EXECUTE,0,CYCLES,BACKEND,SUB-EVENT,_MatMul_5_output_0_nfc:OpId_143 (cycles)
355434222774,EXECUTE,3814,CYCLES,BACKEND,SUB-EVENT,_Add_6:OpId_145 (cycles)
355434222774,EXECUTE,0,CYCLES,BACKEND,SUB-EVENT,_Add_6_output_0_ncf:OpId_148 (cycles)
355434222774,EXECUTE,5716,CYCLES,BACKEND,SUB-EVENT,rms_norm__Mul_14_output_0:OpId_153 (cycles)
355434222774,EXECUTE,0,CYCLES,BACKEND,SUB-EVENT,_MatMul_7_pre_reshape:OpId_156 (cycles)
355434222774,EXECUTE,0,CYCLES,BACKEND,SUB-EVENT,_MatMul_6_pre_reshape:OpId_157 (cycles)
355434222774,EXECUTE,6310,CYCLES,BACKEND,SUB-EVENT,_MatMul_6:OpId_159 (cycles)
355434222774,EXECUTE,0,CYCLES,BACKEND,SUB-EVENT,_MatMul_6_post_reshape:OpId_162 (cycles)
355434222774,EXECUTE,0,CYCLES,BACKEND,SUB-EVENT,_Sigmoid:OpId_163 (cycles)
355434222774,EXECUTE,42679,CYCLES,BACKEND,SUB-EVENT,_Mul_15:OpId_170 (cycles)
355434222774,EXECUTE,4519,CYCLES,BACKEND,SUB-EVENT,_MatMul_7:OpId_173 (cycles)
355434222774,EXECUTE,0,CYCLES,BACKEND,SUB-EVENT,_MatMul_7_post_reshape:OpId_176 (cycles)
355434222774,EXECUTE,33901,CYCLES,BACKEND,SUB-EVENT,_Mul_16:OpId_177 (cycles)
355434222774,EXECUTE,0,CYCLES,BACKEND,SUB-EVENT,_MatMul_8_pre_reshape:OpId_179 (cycles)
355434222774,EXECUTE,3671,CYCLES,BACKEND,SUB-EVENT,_MatMul_8:OpId_181 (cycles)
355434222774,EXECUTE,0,CYCLES,BACKEND,SUB-EVENT,_MatMul_8_post_reshape:OpId_184 (cycles)
355434222774,EXECUTE,0,CYCLES,BACKEND,SUB-EVENT,_MatMul_8_output_0_nfc:OpId_186 (cycles)
355434222774,EXECUTE,2681,CYCLES,BACKEND,SUB-EVENT,_Add_8:OpId_188 (cycles)
355434222774,EXECUTE,6858,CYCLES,BACKEND,SUB-EVENT,hidden_out_ncf:OpId_191 (cycles)
355434222774,EXECUTE,7644,CYCLES,BACKEND,SUB-EVENT,Output OpId_3 (cycles)
355434222774,EXECUTE,3116,US,BACKEND,ROOT,Accelerator (execute) time
355434222774,EXECUTE,1260,US,BACKEND,ROOT,Accelerator (execute excluding wait) time
355434222774,EXECUTE,6548,US,BACKEND,ROOT,QNN (execute) time
355434233971,EXECUTE,6380,US,NETRUN,ROOT,Graph 0: tiny_block_prefill
355434233971,EXECUTE,4,COUNT,BACKEND,ROOT,Number of HVX threads used
355434233971,EXECUTE,5918,US,BACKEND,ROOT,RPC (execute) time
355434233971,EXECUTE,4821,US,BACKEND,ROOT,QNN accelerator (execute) time
355434233971,EXECUTE,0,COUNT,BACKEND,ROOT,Num times yield occured
355434233971,EXECUTE,7117,US,BACKEND,ROOT,Time for initial VTCM acquire
355434233971,EXECUTE,4738,US,BACKEND,ROOT,Time for HVX + HMX power on and acquire
355434233971,EXECUTE,476911,CYCLES,BACKEND,ROOT,Accelerator (execute) time (cycles)
355434233971,EXECUTE,1284,CYCLES,BACKEND,SUB-EVENT,Input OpId_2 (cycles)
355434233971,EXECUTE,0,CYCLES,BACKEND,SUB-EVENT,hidden_states_nfc:OpId_17 (cycles)
355434233971,EXECUTE,13608,CYCLES,BACKEND,SUB-EVENT,rms_norm__Mul_2_output_0:OpId_22 (cycles)
355434233971,EXECUTE,0,CYCLES,BACKEND,SUB-EVENT,_MatMul_2_pre_reshape:OpId_25 (cycles)
355434233971,EXECUTE,0,CYCLES,BACKEND,SUB-EVENT,_MatMul_1_pre_reshape:OpId_26 (cycles)
355434233971,EXECUTE,0,CYCLES,BACKEND,SUB-EVENT,_MatMul_pre_reshape:OpId_27 (cycles)
355434233971,EXECUTE,0,CYCLES,BACKEND,SUB-EVENT,_MatMul_lhs_reshape:OpId_30 (cycles)
355434233971,EXECUTE,0,CYCLES,BACKEND,SUB-EVENT,_MatMul_lhs_cast_fp16:OpId_31 (cycles)
355434233971,EXECUTE,876,CYCLES,BACKEND,SUB-EVENT,_MatMul_rhs_cast_fp16:OpId_32 (cycles)
355434233971,EXECUTE,146394,CYCLES,BACKEND,SUB-EVENT,_MatMul:OpId_33 (cycles)
355434233971,EXECUTE,0,CYCLES,BACKEND,SUB-EVENT,_MatMul_output_reshape:OpId_34 (cycles)
355434233971,EXECUTE,2119,CYCLES,BACKEND,SUB-EVENT,_MatMul_post_reshape:OpId_35 (cycles)
355434233971,EXECUTE,1609,CYCLES,BACKEND,SUB-EVENT,_Transpose:OpId_37 (cycles)
355434233971,EXECUTE,0,CYCLES,BACKEND,SUB-EVENT,_MatMul_1:OpId_40 (cycles)
355434233971,EXECUTE,0,CYCLES,BACKEND,SUB-EVENT,_MatMul_1_post_reshape:OpId_42 (cycles)
355434233971,EXECUTE,4928,CYCLES,BACKEND,SUB-EVENT,_Transpose_1:OpId_44 (cycles)
355434233971,EXECUTE,0,CYCLES,BACKEND,SUB-EVENT,_MatMul_2:OpId_47 (cycles)
355434233971,EXECUTE,0,CYCLES,BACKEND,SUB-EVENT,_MatMul_2_post_reshape:OpId_49 (cycles)
355434233971,EXECUTE,6975,CYCLES,BACKEND,SUB-EVENT,_Transpose_2:OpId_51 (cycles)
355434233971,EXECUTE,0,CYCLES,BACKEND,SUB-EVENT,_Slice:OpId_53 (cycles)
355434233971,EXECUTE,644,CYCLES,BACKEND,SUB-EVENT,_Slice_1:OpId_59 (cycles)
355434233971,EXECUTE,6875,CYCLES,BACKEND,SUB-EVENT,_Mul_3:OpId_65 (cycles)
355434233971,EXECUTE,6158,CYCLES,BACKEND,SUB-EVENT,_Mul_4:OpId_68 (cycles)
355434233971,EXECUTE,1059,CYCLES,BACKEND,SUB-EVENT,_Sub:OpId_70 (cycles)
355434233971,EXECUTE,5175,CYCLES,BACKEND,SUB-EVENT,_Mul_5:OpId_72 (cycles)
355434233971,EXECUTE,6823,CYCLES,BACKEND,SUB-EVENT,_Mul_6:OpId_74 (cycles)
355434233971,EXECUTE,935,CYCLES,BACKEND,SUB-EVENT,_Add_4:OpId_76 (cycles)
355434233971,EXECUTE,1656,CYCLES,BACKEND,SUB-EVENT,_Concat:OpId_78 (cycles)
355434233971,EXECUTE,0,CYCLES,BACKEND,SUB-EVENT,_Slice_2:OpId_81 (cycles)
355434233971,EXECUTE,1261,CYCLES,BACKEND,SUB-EVENT,_Slice_3:OpId_87 (cycles)
355434233971,EXECUTE,7496,CYCLES,BACKEND,SUB-EVENT,_Mul_7:OpId_92 (cycles)
355434233971,EXECUTE,5158,CYCLES,BACKEND,SUB-EVENT,_Mul_8:OpId_94 (cycles)
355434233971,EXECUTE,1588,CYCLES,BACKEND,SUB-EVENT,_Sub_1:OpId_96 (cycles)
355434233971,EXECUTE,5117,CYCLES,BACKEND,SUB-EVENT,_Mul_9:OpId_98 (cycles)
355434233971,EXECUTE,7423,CYCLES,BACKEND,SUB-EVENT,_Mul_10:OpId_100 (cycles)
355434233971,EXECUTE,695,CYCLES,BACKEND,SUB-EVENT,_Add_5:OpId_102 (cycles)
355434233971,EXECUTE,2166,CYCLES,BACKEND,SUB-EVENT,_Concat_1:OpId_104 (cycles)
355434233971,EXECUTE,0,CYCLES,BACKEND,SUB-EVENT,_Unsqueeze_4:OpId_106 (cycles)
355434233971,EXECUTE,1875,CYCLES,BACKEND,SUB-EVENT,_Tile:OpId_108 (cycles)
355434233971,EXECUTE,0,CYCLES,BACKEND,SUB-EVENT,_Reshape_3:OpId_109 (cycles)
355434233971,EXECUTE,0,CYCLES,BACKEND,SUB-EVENT,_Unsqueeze_5:OpId_110 (cycles)
355434233971,EXECUTE,2516,CYCLES,BACKEND,SUB-EVENT,_Tile_1:OpId_112 (cycles)
355434233971,EXECUTE,0,CYCLES,BACKEND,SUB-EVENT,_Reshape_4:OpId_113 (cycles)
355434233971,EXECUTE,0,CYCLES,BACKEND,SUB-EVENT,_Transpose_3:OpId_115 (cycles)
355434233971,EXECUTE,55917,CYCLES,BACKEND,SUB-EVENT,_MatMul_3:OpId_116 (cycles)
355434233971,EXECUTE,16634,CYCLES,BACKEND,SUB-EVENT,_Mul_11:OpId_121 (cycles)
355434233971,EXECUTE,0,CYCLES,BACKEND,SUB-EVENT,_Unsqueeze_7_output_0_cast_to_bool:OpId_124 (cycles)
355434233971,EXECUTE,22367,CYCLES,BACKEND,SUB-EVENT,_Where:OpId_126 (cycles)
355434233971,EXECUTE,21020,CYCLES,BACKEND,SUB-EVENT,_Softmax:OpId_127 (cycles)
355434233971,EXECUTE,14599,CYCLES,BACKEND,SUB-EVENT,_MatMul_4:OpId_130 (cycles)
355434233971,EXECUTE,0,CYCLES,BACKEND,SUB-EVENT,_Transpose_4:OpId_135 (cycles)
355434233971,EXECUTE,0,CYCLES,BACKEND,SUB-EVENT,_Reshape_5:OpId_136 (cycles)
355434233971,EXECUTE,1170,CYCLES,BACKEND,SUB-EVENT,_MatMul_5:OpId_138 (cycles)
355434233971,EXECUTE,0,CYCLES,BACKEND,SUB-EVENT,_MatMul_5_post_reshape:OpId_141 (cycles)
355434233971,EXECUTE,0,CYCLES,BACKEND,SUB-EVENT,_MatMul_5_output_0_nfc:OpId_143 (cycles)
355434233971,EXECUTE,3601,CYCLES,BACKEND,SUB-EVENT,_Add_6:OpId_145 (cycles)
355434233971,EXECUTE,0,CYCLES,BACKEND,SUB-EVENT,_Add_6_output_0_ncf:OpId_148 (cycles)
355434233971,EXECUTE,5694,CYCLES,BACKEND,SUB-EVENT,rms_norm__Mul_14_output_0:OpId_153 (cycles)
355434233971,EXECUTE,0,CYCLES,BACKEND,SUB-EVENT,_MatMul_7_pre_reshape:OpId_156 (cycles)
355434233971,EXECUTE,0,CYCLES,BACKEND,SUB-EVENT,_MatMul_6_pre_reshape:OpId_157 (cycles)
355434233971,EXECUTE,2512,CYCLES,BACKEND,SUB-EVENT,_MatMul_6:OpId_159 (cycles)
355434233971,EXECUTE,0,CYCLES,BACKEND,SUB-EVENT,_MatMul_6_post_reshape:OpId_162 (cycles)
355434233971,EXECUTE,0,CYCLES,BACKEND,SUB-EVENT,_Sigmoid:OpId_163 (cycles)
355434233971,EXECUTE,39865,CYCLES,BACKEND,SUB-EVENT,_Mul_15:OpId_170 (cycles)
355434233971,EXECUTE,4668,CYCLES,BACKEND,SUB-EVENT,_MatMul_7:OpId_173 (cycles)
355434233971,EXECUTE,0,CYCLES,BACKEND,SUB-EVENT,_MatMul_7_post_reshape:OpId_176 (cycles)
355434233971,EXECUTE,26378,CYCLES,BACKEND,SUB-EVENT,_Mul_16:OpId_177 (cycles)
355434233971,EXECUTE,0,CYCLES,BACKEND,SUB-EVENT,_MatMul_8_pre_reshape:OpId_179 (cycles)
355434233971,EXECUTE,2214,CYCLES,BACKEND,SUB-EVENT,_MatMul_8:OpId_181 (cycles)
355434233971,EXECUTE,0,CYCLES,BACKEND,SUB-EVENT,_MatMul_8_post_reshape:OpId_184 (cycles)
355434233971,EXECUTE,0,CYCLES,BACKEND,SUB-EVENT,_MatMul_8_output_0_nfc:OpId_186 (cycles)
355434233971,EXECUTE,2673,CYCLES,BACKEND,SUB-EVENT,_Add_8:OpId_188 (cycles)
355434233971,EXECUTE,8470,CYCLES,BACKEND,SUB-EVENT,hidden_out_ncf:OpId_191 (cycles)
355434233971,EXECUTE,6716,CYCLES,BACKEND,SUB-EVENT,Output OpId_3 (cycles)
355434233971,EXECUTE,3030,US,BACKEND,ROOT,Accelerator (execute) time
355434233971,EXECUTE,1222,US,BACKEND,ROOT,Accelerator (execute excluding wait) time
355434233971,EXECUTE,6330,US,BACKEND,ROOT,QNN (execute) time
355434244714,EXECUTE,6260,US,NETRUN,ROOT,Graph 0: tiny_block_prefill
355434244714,EXECUTE,4,COUNT,BACKEND,ROOT,Number of HVX threads used
355434244714,EXECUTE,5845,US,BACKEND,ROOT,RPC (execute) time
355434244714,EXECUTE,4859,US,BACKEND,ROOT,QNN accelerator (execute) time
355434244714,EXECUTE,0,COUNT,BACKEND,ROOT,Num times yield occured
355434244714,EXECUTE,7027,US,BACKEND,ROOT,Time for initial VTCM acquire
355434244714,EXECUTE,4603,US,BACKEND,ROOT,Time for HVX + HMX power on and acquire
355434244714,EXECUTE,480235,CYCLES,BACKEND,ROOT,Accelerator (execute) time (cycles)
355434244714,EXECUTE,1048,CYCLES,BACKEND,SUB-EVENT,Input OpId_2 (cycles)
355434244714,EXECUTE,0,CYCLES,BACKEND,SUB-EVENT,hidden_states_nfc:OpId_17 (cycles)
355434244714,EXECUTE,14334,CYCLES,BACKEND,SUB-EVENT,rms_norm__Mul_2_output_0:OpId_22 (cycles)
355434244714,EXECUTE,0,CYCLES,BACKEND,SUB-EVENT,_MatMul_2_pre_reshape:OpId_25 (cycles)
355434244714,EXECUTE,0,CYCLES,BACKEND,SUB-EVENT,_MatMul_1_pre_reshape:OpId_26 (cycles)
355434244714,EXECUTE,0,CYCLES,BACKEND,SUB-EVENT,_MatMul_pre_reshape:OpId_27 (cycles)
355434244714,EXECUTE,0,CYCLES,BACKEND,SUB-EVENT,_MatMul_lhs_reshape:OpId_30 (cycles)
355434244714,EXECUTE,0,CYCLES,BACKEND,SUB-EVENT,_MatMul_lhs_cast_fp16:OpId_31 (cycles)
355434244714,EXECUTE,860,CYCLES,BACKEND,SUB-EVENT,_MatMul_rhs_cast_fp16:OpId_32 (cycles)
355434244714,EXECUTE,146351,CYCLES,BACKEND,SUB-EVENT,_MatMul:OpId_33 (cycles)
355434244714,EXECUTE,0,CYCLES,BACKEND,SUB-EVENT,_MatMul_output_reshape:OpId_34 (cycles)
355434244714,EXECUTE,2084,CYCLES,BACKEND,SUB-EVENT,_MatMul_post_reshape:OpId_35 (cycles)
355434244714,EXECUTE,1616,CYCLES,BACKEND,SUB-EVENT,_Transpose:OpId_37 (cycles)
355434244714,EXECUTE,0,CYCLES,BACKEND,SUB-EVENT,_MatMul_1:OpId_40 (cycles)
355434244714,EXECUTE,0,CYCLES,BACKEND,SUB-EVENT,_MatMul_1_post_reshape:OpId_42 (cycles)
355434244714,EXECUTE,5583,CYCLES,BACKEND,SUB-EVENT,_Transpose_1:OpId_44 (cycles)
355434244714,EXECUTE,0,CYCLES,BACKEND,SUB-EVENT,_MatMul_2:OpId_47 (cycles)
355434244714,EXECUTE,0,CYCLES,BACKEND,SUB-EVENT,_MatMul_2_post_reshape:OpId_49 (cycles)
355434244714,EXECUTE,5072,CYCLES,BACKEND,SUB-EVENT,_Transpose_2:OpId_51 (cycles)
355434244714,EXECUTE,0,CYCLES,BACKEND,SUB-EVENT,_Slice:OpId_53 (cycles)
355434244714,EXECUTE,674,CYCLES,BACKEND,SUB-EVENT,_Slice_1:OpId_59 (cycles)
355434244714,EXECUTE,7485,CYCLES,BACKEND,SUB-EVENT,_Mul_3:OpId_65 (cycles)
355434244714,EXECUTE,5863,CYCLES,BACKEND,SUB-EVENT,_Mul_4:OpId_68 (cycles)
355434244714,EXECUTE,825,CYCLES,BACKEND,SUB-EVENT,_Sub:OpId_70 (cycles)
355434244714,EXECUTE,6197,CYCLES,BACKEND,SUB-EVENT,_Mul_5:OpId_72 (cycles)
355434244714,EXECUTE,6494,CYCLES,BACKEND,SUB-EVENT,_Mul_6:OpId_74 (cycles)
355434244714,EXECUTE,3785,CYCLES,BACKEND,SUB-EVENT,_Add_4:OpId_76 (cycles)
355434244714,EXECUTE,1184,CYCLES,BACKEND,SUB-EVENT,_Concat:OpId_78 (cycles)
355434244714,EXECUTE,0,CYCLES,BACKEND,SUB-EVENT,_Slice_2:OpId_81 (cycles)
355434244714,EXECUTE,1394,CYCLES,BACKEND,SUB-EVENT,_Slice_3:OpId_87 (cycles)
355434244714,EXECUTE,7538,CYCLES,BACKEND,SUB-EVENT,_Mul_7:OpId_92 (cycles)
355434244714,EXECUTE,4926,CYCLES,BACKEND,SUB-EVENT,_Mul_8:OpId_94 (cycles)
355434244714,EXECUTE,1199,CYCLES,BACKEND,SUB-EVENT,_Sub_1:OpId_96 (cycles)
355434244714,EXECUTE,4842,CYCLES,BACKEND,SUB-EVENT,_Mul_9:OpId_98 (cycles)
355434244714,EXECUTE,7494,CYCLES,BACKEND,SUB-EVENT,_Mul_10:OpId_100 (cycles)
355434244714,EXECUTE,733,CYCLES,BACKEND,SUB-EVENT,_Add_5:OpId_102 (cycles)
355434244714,EXECUTE,1823,CYCLES,BACKEND,SUB-EVENT,_Concat_1:OpId_104 (cycles)
355434244714,EXECUTE,0,CYCLES,BACKEND,SUB-EVENT,_Unsqueeze_4:OpId_106 (cycles)
355434244714,EXECUTE,2477,CYCLES,BACKEND,SUB-EVENT,_Tile:OpId_108 (cycles)
355434244714,EXECUTE,0,CYCLES,BACKEND,SUB-EVENT,_Reshape_3:OpId_109 (cycles)
355434244714,EXECUTE,0,CYCLES,BACKEND,SUB-EVENT,_Unsqueeze_5:OpId_110 (cycles)
355434244714,EXECUTE,2175,CYCLES,BACKEND,SUB-EVENT,_Tile_1:OpId_112 (cycles)
355434244714,EXECUTE,0,CYCLES,BACKEND,SUB-EVENT,_Reshape_4:OpId_113 (cycles)
355434244714,EXECUTE,0,CYCLES,BACKEND,SUB-EVENT,_Transpose_3:OpId_115 (cycles)
355434244714,EXECUTE,52658,CYCLES,BACKEND,SUB-EVENT,_MatMul_3:OpId_116 (cycles)
355434244714,EXECUTE,20019,CYCLES,BACKEND,SUB-EVENT,_Mul_11:OpId_121 (cycles)
355434244714,EXECUTE,0,CYCLES,BACKEND,SUB-EVENT,_Unsqueeze_7_output_0_cast_to_bool:OpId_124 (cycles)
355434244714,EXECUTE,19195,CYCLES,BACKEND,SUB-EVENT,_Where:OpId_126 (cycles)
355434244714,EXECUTE,21835,CYCLES,BACKEND,SUB-EVENT,_Softmax:OpId_127 (cycles)
355434244714,EXECUTE,15483,CYCLES,BACKEND,SUB-EVENT,_MatMul_4:OpId_130 (cycles)
355434244714,EXECUTE,0,CYCLES,BACKEND,SUB-EVENT,_Transpose_4:OpId_135 (cycles)
355434244714,EXECUTE,0,CYCLES,BACKEND,SUB-EVENT,_Reshape_5:OpId_136 (cycles)
355434244714,EXECUTE,1172,CYCLES,BACKEND,SUB-EVENT,_MatMul_5:OpId_138 (cycles)
355434244714,EXECUTE,0,CYCLES,BACKEND,SUB-EVENT,_MatMul_5_post_reshape:OpId_141 (cycles)
355434244714,EXECUTE,0,CYCLES,BACKEND,SUB-EVENT,_MatMul_5_output_0_nfc:OpId_143 (cycles)
355434244714,EXECUTE,3701,CYCLES,BACKEND,SUB-EVENT,_Add_6:OpId_145 (cycles)
355434244714,EXECUTE,0,CYCLES,BACKEND,SUB-EVENT,_Add_6_output_0_ncf:OpId_148 (cycles)
355434244714,EXECUTE,5703,CYCLES,BACKEND,SUB-EVENT,rms_norm__Mul_14_output_0:OpId_153 (cycles)
355434244714,EXECUTE,0,CYCLES,BACKEND,SUB-EVENT,_MatMul_7_pre_reshape:OpId_156 (cycles)
355434244714,EXECUTE,0,CYCLES,BACKEND,SUB-EVENT,_MatMul_6_pre_reshape:OpId_157 (cycles)
355434244714,EXECUTE,2649,CYCLES,BACKEND,SUB-EVENT,_MatMul_6:OpId_159 (cycles)
355434244714,EXECUTE,0,CYCLES,BACKEND,SUB-EVENT,_MatMul_6_post_reshape:OpId_162 (cycles)
355434244714,EXECUTE,0,CYCLES,BACKEND,SUB-EVENT,_Sigmoid:OpId_163 (cycles)
355434244714,EXECUTE,42472,CYCLES,BACKEND,SUB-EVENT,_Mul_15:OpId_170 (cycles)
355434244714,EXECUTE,5194,CYCLES,BACKEND,SUB-EVENT,_MatMul_7:OpId_173 (cycles)
355434244714,EXECUTE,0,CYCLES,BACKEND,SUB-EVENT,_MatMul_7_post_reshape:OpId_176 (cycles)
355434244714,EXECUTE,26597,CYCLES,BACKEND,SUB-EVENT,_Mul_16:OpId_177 (cycles)
355434244714,EXECUTE,0,CYCLES,BACKEND,SUB-EVENT,_MatMul_8_pre_reshape:OpId_179 (cycles)
355434244714,EXECUTE,2241,CYCLES,BACKEND,SUB-EVENT,_MatMul_8:OpId_181 (cycles)
355434244714,EXECUTE,0,CYCLES,BACKEND,SUB-EVENT,_MatMul_8_post_reshape:OpId_184 (cycles)
355434244714,EXECUTE,0,CYCLES,BACKEND,SUB-EVENT,_MatMul_8_output_0_nfc:OpId_186 (cycles)
355434244714,EXECUTE,2698,CYCLES,BACKEND,SUB-EVENT,_Add_8:OpId_188 (cycles)
355434244714,EXECUTE,6628,CYCLES,BACKEND,SUB-EVENT,hidden_out_ncf:OpId_191 (cycles)
355434244714,EXECUTE,7934,CYCLES,BACKEND,SUB-EVENT,Output OpId_3 (cycles)
355434244714,EXECUTE,3033,US,BACKEND,ROOT,Accelerator (execute) time
355434244714,EXECUTE,1196,US,BACKEND,ROOT,Accelerator (execute excluding wait) time
355434244714,EXECUTE,6220,US,BACKEND,ROOT,QNN (execute) time
355434255443,EXECUTE,6238,US,NETRUN,ROOT,Graph 0: tiny_block_prefill
355434255443,EXECUTE,4,COUNT,BACKEND,ROOT,Number of HVX threads used
355434255443,EXECUTE,5810,US,BACKEND,ROOT,RPC (execute) time
355434255443,EXECUTE,4807,US,BACKEND,ROOT,QNN accelerator (execute) time
355434255443,EXECUTE,0,COUNT,BACKEND,ROOT,Num times yield occured
355434255443,EXECUTE,7092,US,BACKEND,ROOT,Time for initial VTCM acquire
355434255443,EXECUTE,4816,US,BACKEND,ROOT,Time for HVX + HMX power on and acquire
355434255443,EXECUTE,480855,CYCLES,BACKEND,ROOT,Accelerator (execute) time (cycles)
355434255443,EXECUTE,1270,CYCLES,BACKEND,SUB-EVENT,Input OpId_2 (cycles)
355434255443,EXECUTE,0,CYCLES,BACKEND,SUB-EVENT,hidden_states_nfc:OpId_17 (cycles)
355434255443,EXECUTE,14021,CYCLES,BACKEND,SUB-EVENT,rms_norm__Mul_2_output_0:OpId_22 (cycles)
355434255443,EXECUTE,0,CYCLES,BACKEND,SUB-EVENT,_MatMul_2_pre_reshape:OpId_25 (cycles)
355434255443,EXECUTE,0,CYCLES,BACKEND,SUB-EVENT,_MatMul_1_pre_reshape:OpId_26 (cycles)
355434255443,EXECUTE,0,CYCLES,BACKEND,SUB-EVENT,_MatMul_pre_reshape:OpId_27 (cycles)
355434255443,EXECUTE,0,CYCLES,BACKEND,SUB-EVENT,_MatMul_lhs_reshape:OpId_30 (cycles)
355434255443,EXECUTE,0,CYCLES,BACKEND,SUB-EVENT,_MatMul_lhs_cast_fp16:OpId_31 (cycles)
355434255443,EXECUTE,843,CYCLES,BACKEND,SUB-EVENT,_MatMul_rhs_cast_fp16:OpId_32 (cycles)
355434255443,EXECUTE,145334,CYCLES,BACKEND,SUB-EVENT,_MatMul:OpId_33 (cycles)
355434255443,EXECUTE,0,CYCLES,BACKEND,SUB-EVENT,_MatMul_output_reshape:OpId_34 (cycles)
355434255443,EXECUTE,2075,CYCLES,BACKEND,SUB-EVENT,_MatMul_post_reshape:OpId_35 (cycles)
355434255443,EXECUTE,1605,CYCLES,BACKEND,SUB-EVENT,_Transpose:OpId_37 (cycles)
355434255443,EXECUTE,0,CYCLES,BACKEND,SUB-EVENT,_MatMul_1:OpId_40 (cycles)
355434255443,EXECUTE,0,CYCLES,BACKEND,SUB-EVENT,_MatMul_1_post_reshape:OpId_42 (cycles)
355434255443,EXECUTE,3630,CYCLES,BACKEND,SUB-EVENT,_Transpose_1:OpId_44 (cycles)
355434255443,EXECUTE,0,CYCLES,BACKEND,SUB-EVENT,_MatMul_2:OpId_47 (cycles)
355434255443,EXECUTE,0,CYCLES,BACKEND,SUB-EVENT,_MatMul_2_post_reshape:OpId_49 (cycles)
355434255443,EXECUTE,4706,CYCLES,BACKEND,SUB-EVENT,_Transpose_2:OpId_51 (cycles)
355434255443,EXECUTE,0,CYCLES,BACKEND,SUB-EVENT,_Slice:OpId_53 (cycles)
355434255443,EXECUTE,648,CYCLES,BACKEND,SUB-EVENT,_Slice_1:OpId_59 (cycles)
355434255443,EXECUTE,7168,CYCLES,BACKEND,SUB-EVENT,_Mul_3:OpId_65 (cycles)
355434255443,EXECUTE,6304,CYCLES,BACKEND,SUB-EVENT,_Mul_4:OpId_68 (cycles)
355434255443,EXECUTE,1009,CYCLES,BACKEND,SUB-EVENT,_Sub:OpId_70 (cycles)
355434255443,EXECUTE,5825,CYCLES,BACKEND,SUB-EVENT,_Mul_5:OpId_72 (cycles)
355434255443,EXECUTE,6996,CYCLES,BACKEND,SUB-EVENT,_Mul_6:OpId_74 (cycles)
355434255443,EXECUTE,3542,CYCLES,BACKEND,SUB-EVENT,_Add_4:OpId_76 (cycles)
355434255443,EXECUTE,1538,CYCLES,BACKEND,SUB-EVENT,_Concat:OpId_78 (cycles)
355434255443,EXECUTE,0,CYCLES,BACKEND,SUB-EVENT,_Slice_2:OpId_81 (cycles)
355434255443,EXECUTE,1178,CYCLES,BACKEND,SUB-EVENT,_Slice_3:OpId_87 (cycles)
355434255443,EXECUTE,7113,CYCLES,BACKEND,SUB-EVENT,_Mul_7:OpId_92 (cycles)
355434255443,EXECUTE,4795,CYCLES,BACKEND,SUB-EVENT,_Mul_8:OpId_94 (cycles)
355434255443,EXECUTE,1222,CYCLES,BACKEND,SUB-EVENT,_Sub_1:OpId_96 (cycles)
355434255443,EXECUTE,4730,CYCLES,BACKEND,SUB-EVENT,_Mul_9:OpId_98 (cycles)
355434255443,EXECUTE,7086,CYCLES,BACKEND,SUB-EVENT,_Mul_10:OpId_100 (cycles)
355434255443,EXECUTE,1012,CYCLES,BACKEND,SUB-EVENT,_Add_5:OpId_102 (cycles)
355434255443,EXECUTE,2047,CYCLES,BACKEND,SUB-EVENT,_Concat_1:OpId_104 (cycles)
355434255443,EXECUTE,0,CYCLES,BACKEND,SUB-EVENT,_Unsqueeze_4:OpId_106 (cycles)
355434255443,EXECUTE,2183,CYCLES,BACKEND,SUB-EVENT,_Tile:OpId_108 (cycles)
355434255443,EXECUTE,0,CYCLES,BACKEND,SUB-EVENT,_Reshape_3:OpId_109 (cycles)
355434255443,EXECUTE,0,CYCLES,BACKEND,SUB-EVENT,_Unsqueeze_5:OpId_110 (cycles)
355434255443,EXECUTE,2027,CYCLES,BACKEND,SUB-EVENT,_Tile_1:OpId_112 (cycles)
355434255443,EXECUTE,0,CYCLES,BACKEND,SUB-EVENT,_Reshape_4:OpId_113 (cycles)
355434255443,EXECUTE,0,CYCLES,BACKEND,SUB-EVENT,_Transpose_3:OpId_115 (cycles)
355434255443,EXECUTE,57881,CYCLES,BACKEND,SUB-EVENT,_MatMul_3:OpId_116 (cycles)
355434255443,EXECUTE,20164,CYCLES,BACKEND,SUB-EVENT,_Mul_11:OpId_121 (cycles)
355434255443,EXECUTE,0,CYCLES,BACKEND,SUB-EVENT,_Unsqueeze_7_output_0_cast_to_bool:OpId_124 (cycles)
355434255443,EXECUTE,19976,CYCLES,BACKEND,SUB-EVENT,_Where:OpId_126 (cycles)
355434255443,EXECUTE,20152,CYCLES,BACKEND,SUB-EVENT,_Softmax:OpId_127 (cycles)
355434255443,EXECUTE,15166,CYCLES,BACKEND,SUB-EVENT,_MatMul_4:OpId_130 (cycles)
355434255443,EXECUTE,0,CYCLES,BACKEND,SUB-EVENT,_Transpose_4:OpId_135 (cycles)
355434255443,EXECUTE,0,CYCLES,BACKEND,SUB-EVENT,_Reshape_5:OpId_136 (cycles)
355434255443,EXECUTE,1876,CYCLES,BACKEND,SUB-EVENT,_MatMul_5:OpId_138 (cycles)
355434255443,EXECUTE,0,CYCLES,BACKEND,SUB-EVENT,_MatMul_5_post_reshape:OpId_141 (cycles)
355434255443,EXECUTE,0,CYCLES,BACKEND,SUB-EVENT,_MatMul_5_output_0_nfc:OpId_143 (cycles)
355434255443,EXECUTE,3472,CYCLES,BACKEND,SUB-EVENT,_Add_6:OpId_145 (cycles)
355434255443,EXECUTE,0,CYCLES,BACKEND,SUB-EVENT,_Add_6_output_0_ncf:OpId_148 (cycles)
355434255443,EXECUTE,5689,CYCLES,BACKEND,SUB-EVENT,rms_norm__Mul_14_output_0:OpId_153 (cycles)
355434255443,EXECUTE,0,CYCLES,BACKEND,SUB-EVENT,_MatMul_7_pre_reshape:OpId_156 (cycles)
355434255443,EXECUTE,0,CYCLES,BACKEND,SUB-EVENT,_MatMul_6_pre_reshape:OpId_157 (cycles)
355434255443,EXECUTE,2608,CYCLES,BACKEND,SUB-EVENT,_MatMul_6:OpId_159 (cycles)
355434255443,EXECUTE,0,CYCLES,BACKEND,SUB-EVENT,_MatMul_6_post_reshape:OpId_162 (cycles)
355434255443,EXECUTE,0,CYCLES,BACKEND,SUB-EVENT,_Sigmoid:OpId_163 (cycles)
355434255443,EXECUTE,42431,CYCLES,BACKEND,SUB-EVENT,_Mul_15:OpId_170 (cycles)
355434255443,EXECUTE,4864,CYCLES,BACKEND,SUB-EVENT,_MatMul_7:OpId_173 (cycles)
355434255443,EXECUTE,0,CYCLES,BACKEND,SUB-EVENT,_MatMul_7_post_reshape:OpId_176 (cycles)
355434255443,EXECUTE,27252,CYCLES,BACKEND,SUB-EVENT,_Mul_16:OpId_177 (cycles)
355434255443,EXECUTE,0,CYCLES,BACKEND,SUB-EVENT,_MatMul_8_pre_reshape:OpId_179 (cycles)
355434255443,EXECUTE,2275,CYCLES,BACKEND,SUB-EVENT,_MatMul_8:OpId_181 (cycles)
355434255443,EXECUTE,0,CYCLES,BACKEND,SUB-EVENT,_MatMul_8_post_reshape:OpId_184 (cycles)
355434255443,EXECUTE,0,CYCLES,BACKEND,SUB-EVENT,_MatMul_8_output_0_nfc:OpId_186 (cycles)
355434255443,EXECUTE,2651,CYCLES,BACKEND,SUB-EVENT,_Add_8:OpId_188 (cycles)
355434255443,EXECUTE,6663,CYCLES,BACKEND,SUB-EVENT,hidden_out_ncf:OpId_191 (cycles)
355434255443,EXECUTE,7828,CYCLES,BACKEND,SUB-EVENT,Output OpId_3 (cycles)
355434255443,EXECUTE,2987,US,BACKEND,ROOT,Accelerator (execute) time
355434255443,EXECUTE,1207,US,BACKEND,ROOT,Accelerator (execute excluding wait) time
355434255443,EXECUTE,6198,US,BACKEND,ROOT,QNN (execute) time
355434266113,EXECUTE,6298,US,NETRUN,ROOT,Graph 0: tiny_block_prefill
355434266113,EXECUTE,4,COUNT,BACKEND,ROOT,Number of HVX threads used
355434266113,EXECUTE,5852,US,BACKEND,ROOT,RPC (execute) time
355434266113,EXECUTE,4867,US,BACKEND,ROOT,QNN accelerator (execute) time
355434266113,EXECUTE,0,COUNT,BACKEND,ROOT,Num times yield occured
355434266113,EXECUTE,7539,US,BACKEND,ROOT,Time for initial VTCM acquire
355434266113,EXECUTE,4653,US,BACKEND,ROOT,Time for HVX + HMX power on and acquire
355434266113,EXECUTE,481083,CYCLES,BACKEND,ROOT,Accelerator (execute) time (cycles)
355434266113,EXECUTE,1303,CYCLES,BACKEND,SUB-EVENT,Input OpId_2 (cycles)
355434266113,EXECUTE,0,CYCLES,BACKEND,SUB-EVENT,hidden_states_nfc:OpId_17 (cycles)
355434266113,EXECUTE,14350,CYCLES,BACKEND,SUB-EVENT,rms_norm__Mul_2_output_0:OpId_22 (cycles)
355434266113,EXECUTE,0,CYCLES,BACKEND,SUB-EVENT,_MatMul_2_pre_reshape:OpId_25 (cycles)
355434266113,EXECUTE,0,CYCLES,BACKEND,SUB-EVENT,_MatMul_1_pre_reshape:OpId_26 (cycles)
355434266113,EXECUTE,0,CYCLES,BACKEND,SUB-EVENT,_MatMul_pre_reshape:OpId_27 (cycles)
355434266113,EXECUTE,0,CYCLES,BACKEND,SUB-EVENT,_MatMul_lhs_reshape:OpId_30 (cycles)
355434266113,EXECUTE,0,CYCLES,BACKEND,SUB-EVENT,_MatMul_lhs_cast_fp16:OpId_31 (cycles)
355434266113,EXECUTE,1248,CYCLES,BACKEND,SUB-EVENT,_MatMul_rhs_cast_fp16:OpId_32 (cycles)
355434266113,EXECUTE,145106,CYCLES,BACKEND,SUB-EVENT,_MatMul:OpId_33 (cycles)
355434266113,EXECUTE,0,CYCLES,BACKEND,SUB-EVENT,_MatMul_output_reshape:OpId_34 (cycles)
355434266113,EXECUTE,2053,CYCLES,BACKEND,SUB-EVENT,_MatMul_post_reshape:OpId_35 (cycles)
355434266113,EXECUTE,1611,CYCLES,BACKEND,SUB-EVENT,_Transpose:OpId_37 (cycles)
355434266113,EXECUTE,0,CYCLES,BACKEND,SUB-EVENT,_MatMul_1:OpId_40 (cycles)
355434266113,EXECUTE,0,CYCLES,BACKEND,SUB-EVENT,_MatMul_1_post_reshape:OpId_42 (cycles)
355434266113,EXECUTE,6036,CYCLES,BACKEND,SUB-EVENT,_Transpose_1:OpId_44 (cycles)
355434266113,EXECUTE,0,CYCLES,BACKEND,SUB-EVENT,_MatMul_2:OpId_47 (cycles)
355434266113,EXECUTE,0,CYCLES,BACKEND,SUB-EVENT,_MatMul_2_post_reshape:OpId_49 (cycles)
355434266113,EXECUTE,4021,CYCLES,BACKEND,SUB-EVENT,_Transpose_2:OpId_51 (cycles)
355434266113,EXECUTE,0,CYCLES,BACKEND,SUB-EVENT,_Slice:OpId_53 (cycles)
355434266113,EXECUTE,638,CYCLES,BACKEND,SUB-EVENT,_Slice_1:OpId_59 (cycles)
355434266113,EXECUTE,7291,CYCLES,BACKEND,SUB-EVENT,_Mul_3:OpId_65 (cycles)
355434266113,EXECUTE,6340,CYCLES,BACKEND,SUB-EVENT,_Mul_4:OpId_68 (cycles)
355434266113,EXECUTE,844,CYCLES,BACKEND,SUB-EVENT,_Sub:OpId_70 (cycles)
355434266113,EXECUTE,5656,CYCLES,BACKEND,SUB-EVENT,_Mul_5:OpId_72 (cycles)
355434266113,EXECUTE,6986,CYCLES,BACKEND,SUB-EVENT,_Mul_6:OpId_74 (cycles)
355434266113,EXECUTE,3631,CYCLES,BACKEND,SUB-EVENT,_Add_4:OpId_76 (cycles)
355434266113,EXECUTE,1855,CYCLES,BACKEND,SUB-EVENT,_Concat:OpId_78 (cycles)
355434266113,EXECUTE,0,CYCLES,BACKEND,SUB-EVENT,_Slice_2:OpId_81 (cycles)
355434266113,EXECUTE,1152,CYCLES,BACKEND,SUB-EVENT,_Slice_3:OpId_87 (cycles)
355434266113,EXECUTE,7941,CYCLES,BACKEND,SUB-EVENT,_Mul_7:OpId_92 (cycles)
355434266113,EXECUTE,5636,CYCLES,BACKEND,SUB-EVENT,_Mul_8:OpId_94 (cycles)
355434266113,EXECUTE,1500,CYCLES,BACKEND,SUB-EVENT,_Sub_1:OpId_96 (cycles)
355434266113,EXECUTE,5584,CYCLES,BACKEND,SUB-EVENT,_Mul_9:OpId_98 (cycles)
355434266113,EXECUTE,7911,CYCLES,BACKEND,SUB-EVENT,_Mul_10:OpId_100 (cycles)
355434266113,EXECUTE,661,CYCLES,BACKEND,SUB-EVENT,_Add_5:OpId_102 (cycles)
355434266113,EXECUTE,1897,CYCLES,BACKEND,SUB-EVENT,_Concat_1:OpId_104 (cycles)
355434266113,EXECUTE,0,CYCLES,BACKEND,SUB-EVENT,_Unsqueeze_4:OpId_106 (cycles)
355434266113,EXECUTE,1703,CYCLES,BACKEND,SUB-EVENT,_Tile:OpId_108 (cycles)
355434266113,EXECUTE,0,CYCLES,BACKEND,SUB-EVENT,_Reshape_3:OpId_109 (cycles)
355434266113,EXECUTE,0,CYCLES,BACKEND,SUB-EVENT,_Unsqueeze_5:OpId_110 (cycles)
355434266113,EXECUTE,2133,CYCLES,BACKEND,SUB-EVENT,_Tile_1:OpId_112 (cycles)
355434266113,EXECUTE,0,CYCLES,BACKEND,SUB-EVENT,_Reshape_4:OpId_113 (cycles)
355434266113,EXECUTE,0,CYCLES,BACKEND,SUB-EVENT,_Transpose_3:OpId_115 (cycles)
355434266113,EXECUTE,49598,CYCLES,BACKEND,SUB-EVENT,_MatMul_3:OpId_116 (cycles)
355434266113,EXECUTE,23248,CYCLES,BACKEND,SUB-EVENT,_Mul_11:OpId_121 (cycles)
355434266113,EXECUTE,0,CYCLES,BACKEND,SUB-EVENT,_Unsqueeze_7_output_0_cast_to_bool:OpId_124 (cycles)
355434266113,EXECUTE,17873,CYCLES,BACKEND,SUB-EVENT,_Where:OpId_126 (cycles)
355434266113,EXECUTE,20128,CYCLES,BACKEND,SUB-EVENT,_Softmax:OpId_127 (cycles)
355434266113,EXECUTE,15769,CYCLES,BACKEND,SUB-EVENT,_MatMul_4:OpId_130 (cycles)
355434266113,EXECUTE,0,CYCLES,BACKEND,SUB-EVENT,_Transpose_4:OpId_135 (cycles)
355434266113,EXECUTE,0,CYCLES,BACKEND,SUB-EVENT,_Reshape_5:OpId_136 (cycles)
355434266113,EXECUTE,1725,CYCLES,BACKEND,SUB-EVENT,_MatMul_5:OpId_138 (cycles)
355434266113,EXECUTE,0,CYCLES,BACKEND,SUB-EVENT,_MatMul_5_post_reshape:OpId_141 (cycles)
355434266113,EXECUTE,0,CYCLES,BACKEND,SUB-EVENT,_MatMul_5_output_0_nfc:OpId_143 (cycles)
355434266113,EXECUTE,3345,CYCLES,BACKEND,SUB-EVENT,_Add_6:OpId_145 (cycles)
355434266113,EXECUTE,0,CYCLES,BACKEND,SUB-EVENT,_Add_6_output_0_ncf:OpId_148 (cycles)
355434266113,EXECUTE,5722,CYCLES,BACKEND,SUB-EVENT,rms_norm__Mul_14_output_0:OpId_153 (cycles)
355434266113,EXECUTE,0,CYCLES,BACKEND,SUB-EVENT,_MatMul_7_pre_reshape:OpId_156 (cycles)
355434266113,EXECUTE,0,CYCLES,BACKEND,SUB-EVENT,_MatMul_6_pre_reshape:OpId_157 (cycles)
355434266113,EXECUTE,3752,CYCLES,BACKEND,SUB-EVENT,_MatMul_6:OpId_159 (cycles)
355434266113,EXECUTE,0,CYCLES,BACKEND,SUB-EVENT,_MatMul_6_post_reshape:OpId_162 (cycles)
355434266113,EXECUTE,0,CYCLES,BACKEND,SUB-EVENT,_Sigmoid:OpId_163 (cycles)
355434266113,EXECUTE,41841,CYCLES,BACKEND,SUB-EVENT,_Mul_15:OpId_170 (cycles)
355434266113,EXECUTE,5194,CYCLES,BACKEND,SUB-EVENT,_MatMul_7:OpId_173 (cycles)
355434266113,EXECUTE,0,CYCLES,BACKEND,SUB-EVENT,_MatMul_7_post_reshape:OpId_176 (cycles)
355434266113,EXECUTE,28890,CYCLES,BACKEND,SUB-EVENT,_Mul_16:OpId_177 (cycles)
355434266113,EXECUTE,0,CYCLES,BACKEND,SUB-EVENT,_MatMul_8_pre_reshape:OpId_179 (cycles)
355434266113,EXECUTE,2275,CYCLES,BACKEND,SUB-EVENT,_MatMul_8:OpId_181 (cycles)
355434266113,EXECUTE,0,CYCLES,BACKEND,SUB-EVENT,_MatMul_8_post_reshape:OpId_184 (cycles)
355434266113,EXECUTE,0,CYCLES,BACKEND,SUB-EVENT,_MatMul_8_output_0_nfc:OpId_186 (cycles)
355434266113,EXECUTE,2700,CYCLES,BACKEND,SUB-EVENT,_Add_8:OpId_188 (cycles)
355434266113,EXECUTE,6775,CYCLES,BACKEND,SUB-EVENT,hidden_out_ncf:OpId_191 (cycles)
355434266113,EXECUTE,7161,CYCLES,BACKEND,SUB-EVENT,Output OpId_3 (cycles)
355434266113,EXECUTE,3060,US,BACKEND,ROOT,Accelerator (execute) time
355434266113,EXECUTE,1216,US,BACKEND,ROOT,Accelerator (execute excluding wait) time
355434266113,EXECUTE,6261,US,BACKEND,ROOT,QNN (execute) time
355434276700,EXECUTE,6198,US,NETRUN,ROOT,Graph 0: tiny_block_prefill
355434276700,EXECUTE,4,COUNT,BACKEND,ROOT,Number of HVX threads used
355434276700,EXECUTE,5794,US,BACKEND,ROOT,RPC (execute) time
355434276700,EXECUTE,4805,US,BACKEND,ROOT,QNN accelerator (execute) time
355434276700,EXECUTE,0,COUNT,BACKEND,ROOT,Num times yield occured
355434276700,EXECUTE,7053,US,BACKEND,ROOT,Time for initial VTCM acquire
355434276700,EXECUTE,4769,US,BACKEND,ROOT,Time for HVX + HMX power on and acquire
355434276700,EXECUTE,473064,CYCLES,BACKEND,ROOT,Accelerator (execute) time (cycles)
355434276700,EXECUTE,947,CYCLES,BACKEND,SUB-EVENT,Input OpId_2 (cycles)
355434276700,EXECUTE,0,CYCLES,BACKEND,SUB-EVENT,hidden_states_nfc:OpId_17 (cycles)
355434276700,EXECUTE,14145,CYCLES,BACKEND,SUB-EVENT,rms_norm__Mul_2_output_0:OpId_22 (cycles)
355434276700,EXECUTE,0,CYCLES,BACKEND,SUB-EVENT,_MatMul_2_pre_reshape:OpId_25 (cycles)
355434276700,EXECUTE,0,CYCLES,BACKEND,SUB-EVENT,_MatMul_1_pre_reshape:OpId_26 (cycles)
355434276700,EXECUTE,0,CYCLES,BACKEND,SUB-EVENT,_MatMul_pre_reshape:OpId_27 (cycles)
355434276700,EXECUTE,0,CYCLES,BACKEND,SUB-EVENT,_MatMul_lhs_reshape:OpId_30 (cycles)
355434276700,EXECUTE,0,CYCLES,BACKEND,SUB-EVENT,_MatMul_lhs_cast_fp16:OpId_31 (cycles)
355434276700,EXECUTE,239,CYCLES,BACKEND,SUB-EVENT,_MatMul_rhs_cast_fp16:OpId_32 (cycles)
355434276700,EXECUTE,144486,CYCLES,BACKEND,SUB-EVENT,_MatMul:OpId_33 (cycles)
355434276700,EXECUTE,0,CYCLES,BACKEND,SUB-EVENT,_MatMul_output_reshape:OpId_34 (cycles)
355434276700,EXECUTE,2081,CYCLES,BACKEND,SUB-EVENT,_MatMul_post_reshape:OpId_35 (cycles)
355434276700,EXECUTE,1621,CYCLES,BACKEND,SUB-EVENT,_Transpose:OpId_37 (cycles)
355434276700,EXECUTE,0,CYCLES,BACKEND,SUB-EVENT,_MatMul_1:OpId_40 (cycles)
355434276700,EXECUTE,0,CYCLES,BACKEND,SUB-EVENT,_MatMul_1_post_reshape:OpId_42 (cycles)
355434276700,EXECUTE,6652,CYCLES,BACKEND,SUB-EVENT,_Transpose_1:OpId_44 (cycles)
355434276700,EXECUTE,0,CYCLES,BACKEND,SUB-EVENT,_MatMul_2:OpId_47 (cycles)
355434276700,EXECUTE,0,CYCLES,BACKEND,SUB-EVENT,_MatMul_2_post_reshape:OpId_49 (cycles)
355434276700,EXECUTE,5191,CYCLES,BACKEND,SUB-EVENT,_Transpose_2:OpId_51 (cycles)
355434276700,EXECUTE,0,CYCLES,BACKEND,SUB-EVENT,_Slice:OpId_53 (cycles)
355434276700,EXECUTE,639,CYCLES,BACKEND,SUB-EVENT,_Slice_1:OpId_59 (cycles)
355434276700,EXECUTE,7444,CYCLES,BACKEND,SUB-EVENT,_Mul_3:OpId_65 (cycles)
355434276700,EXECUTE,5887,CYCLES,BACKEND,SUB-EVENT,_Mul_4:OpId_68 (cycles)
355434276700,EXECUTE,803,CYCLES,BACKEND,SUB-EVENT,_Sub:OpId_70 (cycles)
355434276700,EXECUTE,6349,CYCLES,BACKEND,SUB-EVENT,_Mul_5:OpId_72 (cycles)
355434276700,EXECUTE,6394,CYCLES,BACKEND,SUB-EVENT,_Mul_6:OpId_74 (cycles)
355434276700,EXECUTE,3158,CYCLES,BACKEND,SUB-EVENT,_Add_4:OpId_76 (cycles)
355434276700,EXECUTE,1254,CYCLES,BACKEND,SUB-EVENT,_Concat:OpId_78 (cycles)
355434276700,EXECUTE,0,CYCLES,BACKEND,SUB-EVENT,_Slice_2:OpId_81 (cycles)
355434276700,EXECUTE,918,CYCLES,BACKEND,SUB-EVENT,_Slice_3:OpId_87 (cycles)
355434276700,EXECUTE,6837,CYCLES,BACKEND,SUB-EVENT,_Mul_7:OpId_92 (cycles)
355434276700,EXECUTE,4611,CYCLES,BACKEND,SUB-EVENT,_Mul_8:OpId_94 (cycles)
355434276700,EXECUTE,831,CYCLES,BACKEND,SUB-EVENT,_Sub_1:OpId_96 (cycles)
355434276700,EXECUTE,4620,CYCLES,BACKEND,SUB-EVENT,_Mul_9:OpId_98 (cycles)
355434276700,EXECUTE,6592,CYCLES,BACKEND,SUB-EVENT,_Mul_10:OpId_100 (cycles)
355434276700,EXECUTE,728,CYCLES,BACKEND,SUB-EVENT,_Add_5:OpId_102 (cycles)
355434276700,EXECUTE,3266,CYCLES,BACKEND,SUB-EVENT,_Concat_1:OpId_104 (cycles)
355434276700,EXECUTE,0,CYCLES,BACKEND,SUB-EVENT,_Unsqueeze_4:OpId_106 (cycles)
355434276700,EXECUTE,1905,CYCLES,BACKEND,SUB-EVENT,_Tile:OpId_108 (cycles)
355434276700,EXECUTE,0,CYCLES,BACKEND,SUB-EVENT,_Reshape_3:OpId_109 (cycles)
355434276700,EXECUTE,0,CYCLES,BACKEND,SUB-EVENT,_Unsqueeze_5:OpId_110 (cycles)
355434276700,EXECUTE,1867,CYCLES,BACKEND,SUB-EVENT,_Tile_1:OpId_112 (cycles)
355434276700,EXECUTE,0,CYCLES,BACKEND,SUB-EVENT,_Reshape_4:OpId_113 (cycles)
355434276700,EXECUTE,0,CYCLES,BACKEND,SUB-EVENT,_Transpose_3:OpId_115 (cycles)
355434276700,EXECUTE,51043,CYCLES,BACKEND,SUB-EVENT,_MatMul_3:OpId_116 (cycles)
355434276700,EXECUTE,19960,CYCLES,BACKEND,SUB-EVENT,_Mul_11:OpId_121 (cycles)
355434276700,EXECUTE,0,CYCLES,BACKEND,SUB-EVENT,_Unsqueeze_7_output_0_cast_to_bool:OpId_124 (cycles)
355434276700,EXECUTE,18551,CYCLES,BACKEND,SUB-EVENT,_Where:OpId_126 (cycles)
355434276700,EXECUTE,20115,CYCLES,BACKEND,SUB-EVENT,_Softmax:OpId_127 (cycles)
355434276700,EXECUTE,14774,CYCLES,BACKEND,SUB-EVENT,_MatMul_4:OpId_130 (cycles)
355434276700,EXECUTE,0,CYCLES,BACKEND,SUB-EVENT,_Transpose_4:OpId_135 (cycles)
355434276700,EXECUTE,0,CYCLES,BACKEND,SUB-EVENT,_Reshape_5:OpId_136 (cycles)
355434276700,EXECUTE,1432,CYCLES,BACKEND,SUB-EVENT,_MatMul_5:OpId_138 (cycles)
355434276700,EXECUTE,0,CYCLES,BACKEND,SUB-EVENT,_MatMul_5_post_reshape:OpId_141 (cycles)
355434276700,EXECUTE,0,CYCLES,BACKEND,SUB-EVENT,_MatMul_5_output_0_nfc:OpId_143 (cycles)
355434276700,EXECUTE,3112,CYCLES,BACKEND,SUB-EVENT,_Add_6:OpId_145 (cycles)
355434276700,EXECUTE,0,CYCLES,BACKEND,SUB-EVENT,_Add_6_output_0_ncf:OpId_148 (cycles)
355434276700,EXECUTE,5710,CYCLES,BACKEND,SUB-EVENT,rms_norm__Mul_14_output_0:OpId_153 (cycles)
355434276700,EXECUTE,0,CYCLES,BACKEND,SUB-EVENT,_MatMul_7_pre_reshape:OpId_156 (cycles)
355434276700,EXECUTE,0,CYCLES,BACKEND,SUB-EVENT,_MatMul_6_pre_reshape:OpId_157 (cycles)
355434276700,EXECUTE,4857,CYCLES,BACKEND,SUB-EVENT,_MatMul_6:OpId_159 (cycles)
355434276700,EXECUTE,0,CYCLES,BACKEND,SUB-EVENT,_MatMul_6_post_reshape:OpId_162 (cycles)
355434276700,EXECUTE,0,CYCLES,BACKEND,SUB-EVENT,_Sigmoid:OpId_163 (cycles)
355434276700,EXECUTE,42251,CYCLES,BACKEND,SUB-EVENT,_Mul_15:OpId_170 (cycles)
355434276700,EXECUTE,6080,CYCLES,BACKEND,SUB-EVENT,_MatMul_7:OpId_173 (cycles)
355434276700,EXECUTE,0,CYCLES,BACKEND,SUB-EVENT,_MatMul_7_post_reshape:OpId_176 (cycles)
355434276700,EXECUTE,26728,CYCLES,BACKEND,SUB-EVENT,_Mul_16:OpId_177 (cycles)
355434276700,EXECUTE,0,CYCLES,BACKEND,SUB-EVENT,_MatMul_8_pre_reshape:OpId_179 (cycles)
355434276700,EXECUTE,2288,CYCLES,BACKEND,SUB-EVENT,_MatMul_8:OpId_181 (cycles)
355434276700,EXECUTE,0,CYCLES,BACKEND,SUB-EVENT,_MatMul_8_post_reshape:OpId_184 (cycles)
355434276700,EXECUTE,0,CYCLES,BACKEND,SUB-EVENT,_MatMul_8_output_0_nfc:OpId_186 (cycles)
355434276700,EXECUTE,3151,CYCLES,BACKEND,SUB-EVENT,_Add_8:OpId_188 (cycles)
355434276700,EXECUTE,6393,CYCLES,BACKEND,SUB-EVENT,hidden_out_ncf:OpId_191 (cycles)
355434276700,EXECUTE,7154,CYCLES,BACKEND,SUB-EVENT,Output OpId_3 (cycles)
355434276700,EXECUTE,2985,US,BACKEND,ROOT,Accelerator (execute) time
355434276700,EXECUTE,1206,US,BACKEND,ROOT,Accelerator (execute excluding wait) time
355434276700,EXECUTE,6159,US,BACKEND,ROOT,QNN (execute) time
355434287272,EXECUTE,6195,US,NETRUN,ROOT,Graph 0: tiny_block_prefill
355434287272,EXECUTE,4,COUNT,BACKEND,ROOT,Number of HVX threads used
355434287272,EXECUTE,5812,US,BACKEND,ROOT,RPC (execute) time
355434287272,EXECUTE,4824,US,BACKEND,ROOT,QNN accelerator (execute) time
355434287272,EXECUTE,0,COUNT,BACKEND,ROOT,Num times yield occured
355434287272,EXECUTE,7244,US,BACKEND,ROOT,Time for initial VTCM acquire
355434287272,EXECUTE,4818,US,BACKEND,ROOT,Time for HVX + HMX power on and acquire
355434287272,EXECUTE,490887,CYCLES,BACKEND,ROOT,Accelerator (execute) time (cycles)
355434287272,EXECUTE,3750,CYCLES,BACKEND,SUB-EVENT,Input OpId_2 (cycles)
355434287272,EXECUTE,0,CYCLES,BACKEND,SUB-EVENT,hidden_states_nfc:OpId_17 (cycles)
355434287272,EXECUTE,16630,CYCLES,BACKEND,SUB-EVENT,rms_norm__Mul_2_output_0:OpId_22 (cycles)
355434287272,EXECUTE,0,CYCLES,BACKEND,SUB-EVENT,_MatMul_2_pre_reshape:OpId_25 (cycles)
355434287272,EXECUTE,0,CYCLES,BACKEND,SUB-EVENT,_MatMul_1_pre_reshape:OpId_26 (cycles)
355434287272,EXECUTE,0,CYCLES,BACKEND,SUB-EVENT,_MatMul_pre_reshape:OpId_27 (cycles)
355434287272,EXECUTE,0,CYCLES,BACKEND,SUB-EVENT,_MatMul_lhs_reshape:OpId_30 (cycles)
355434287272,EXECUTE,0,CYCLES,BACKEND,SUB-EVENT,_MatMul_lhs_cast_fp16:OpId_31 (cycles)
355434287272,EXECUTE,7361,CYCLES,BACKEND,SUB-EVENT,_MatMul_rhs_cast_fp16:OpId_32 (cycles)
355434287272,EXECUTE,146244,CYCLES,BACKEND,SUB-EVENT,_MatMul:OpId_33 (cycles)
355434287272,EXECUTE,0,CYCLES,BACKEND,SUB-EVENT,_MatMul_output_reshape:OpId_34 (cycles)
355434287272,EXECUTE,2091,CYCLES,BACKEND,SUB-EVENT,_MatMul_post_reshape:OpId_35 (cycles)
355434287272,EXECUTE,2085,CYCLES,BACKEND,SUB-EVENT,_Transpose:OpId_37 (cycles)
355434287272,EXECUTE,0,CYCLES,BACKEND,SUB-EVENT,_MatMul_1:OpId_40 (cycles)
355434287272,EXECUTE,0,CYCLES,BACKEND,SUB-EVENT,_MatMul_1_post_reshape:OpId_42 (cycles)
355434287272,EXECUTE,3897,CYCLES,BACKEND,SUB-EVENT,_Transpose_1:OpId_44 (cycles)
355434287272,EXECUTE,0,CYCLES,BACKEND,SUB-EVENT,_MatMul_2:OpId_47 (cycles)
355434287272,EXECUTE,0,CYCLES,BACKEND,SUB-EVENT,_MatMul_2_post_reshape:OpId_49 (cycles)
355434287272,EXECUTE,5645,CYCLES,BACKEND,SUB-EVENT,_Transpose_2:OpId_51 (cycles)
355434287272,EXECUTE,0,CYCLES,BACKEND,SUB-EVENT,_Slice:OpId_53 (cycles)
355434287272,EXECUTE,654,CYCLES,BACKEND,SUB-EVENT,_Slice_1:OpId_59 (cycles)
355434287272,EXECUTE,7310,CYCLES,BACKEND,SUB-EVENT,_Mul_3:OpId_65 (cycles)
355434287272,EXECUTE,6210,CYCLES,BACKEND,SUB-EVENT,_Mul_4:OpId_68 (cycles)
355434287272,EXECUTE,826,CYCLES,BACKEND,SUB-EVENT,_Sub:OpId_70 (cycles)
355434287272,EXECUTE,6380,CYCLES,BACKEND,SUB-EVENT,_Mul_5:OpId_72 (cycles)
355434287272,EXECUTE,6863,CYCLES,BACKEND,SUB-EVENT,_Mul_6:OpId_74 (cycles)
355434287272,EXECUTE,1435,CYCLES,BACKEND,SUB-EVENT,_Add_4:OpId_76 (cycles)
355434287272,EXECUTE,1685,CYCLES,BACKEND,SUB-EVENT,_Concat:OpId_78 (cycles)
355434287272,EXECUTE,0,CYCLES,BACKEND,SUB-EVENT,_Slice_2:OpId_81 (cycles)
355434287272,EXECUTE,1416,CYCLES,BACKEND,SUB-EVENT,_Slice_3:OpId_87 (cycles)
355434287272,EXECUTE,7948,CYCLES,BACKEND,SUB-EVENT,_Mul_7:OpId_92 (cycles)
355434287272,EXECUTE,5298,CYCLES,BACKEND,SUB-EVENT,_Mul_8:OpId_94 (cycles)
355434287272,EXECUTE,837,CYCLES,BACKEND,SUB-EVENT,_Sub_1:OpId_96 (cycles)
355434287272,EXECUTE,5156,CYCLES,BACKEND,SUB-EVENT,_Mul_9:OpId_98 (cycles)
355434287272,EXECUTE,7883,CYCLES,BACKEND,SUB-EVENT,_Mul_10:OpId_100 (cycles)
355434287272,EXECUTE,874,CYCLES,BACKEND,SUB-EVENT,_Add_5:OpId_102 (cycles)
355434287272,EXECUTE,1857,CYCLES,BACKEND,SUB-EVENT,_Concat_1:OpId_104 (cycles)
355434287272,EXECUTE,0,CYCLES,BACKEND,SUB-EVENT,_Unsqueeze_4:OpId_106 (cycles)
355434287272,EXECUTE,1723,CYCLES,BACKEND,SUB-EVENT,_Tile:OpId_108 (cycles)
355434287272,EXECUTE,0,CYCLES,BACKEND,SUB-EVENT,_Reshape_3:OpId_109 (cycles)
355434287272,EXECUTE,0,CYCLES,BACKEND,SUB-EVENT,_Unsqueeze_5:OpId_110 (cycles)
355434287272,EXECUTE,2195,CYCLES,BACKEND,SUB-EVENT,_Tile_1:OpId_112 (cycles)
355434287272,EXECUTE,0,CYCLES,BACKEND,SUB-EVENT,_Reshape_4:OpId_113 (cycles)
355434287272,EXECUTE,0,CYCLES,BACKEND,SUB-EVENT,_Transpose_3:OpId_115 (cycles)
355434287272,EXECUTE,36666,CYCLES,BACKEND,SUB-EVENT,_MatMul_3:OpId_116 (cycles)
355434287272,EXECUTE,14341,CYCLES,BACKEND,SUB-EVENT,_Mul_11:OpId_121 (cycles)
355434287272,EXECUTE,0,CYCLES,BACKEND,SUB-EVENT,_Unsqueeze_7_output_0_cast_to_bool:OpId_124 (cycles)
355434287272,EXECUTE,15861,CYCLES,BACKEND,SUB-EVENT,_Where:OpId_126 (cycles)
355434287272,EXECUTE,19109,CYCLES,BACKEND,SUB-EVENT,_Softmax:OpId_127 (cycles)
355434287272,EXECUTE,14693,CYCLES,BACKEND,SUB-EVENT,_MatMul_4:OpId_130 (cycles)
355434287272,EXECUTE,0,CYCLES,BACKEND,SUB-EVENT,_Transpose_4:OpId_135 (cycles)
355434287272,EXECUTE,0,CYCLES,BACKEND,SUB-EVENT,_Reshape_5:OpId_136 (cycles)
355434287272,EXECUTE,1483,CYCLES,BACKEND,SUB-EVENT,_MatMul_5:OpId_138 (cycles)
355434287272,EXECUTE,0,CYCLES,BACKEND,SUB-EVENT,_MatMul_5_post_reshape:OpId_141 (cycles)
355434287272,EXECUTE,0,CYCLES,BACKEND,SUB-EVENT,_MatMul_5_output_0_nfc:OpId_143 (cycles)
355434287272,EXECUTE,3344,CYCLES,BACKEND,SUB-EVENT,_Add_6:OpId_145 (cycles)
355434287272,EXECUTE,0,CYCLES,BACKEND,SUB-EVENT,_Add_6_output_0_ncf:OpId_148 (cycles)
355434287272,EXECUTE,5735,CYCLES,BACKEND,SUB-EVENT,rms_norm__Mul_14_output_0:OpId_153 (cycles)
355434287272,EXECUTE,0,CYCLES,BACKEND,SUB-EVENT,_MatMul_7_pre_reshape:OpId_156 (cycles)
355434287272,EXECUTE,0,CYCLES,BACKEND,SUB-EVENT,_MatMul_6_pre_reshape:OpId_157 (cycles)
355434287272,EXECUTE,15510,CYCLES,BACKEND,SUB-EVENT,_MatMul_6:OpId_159 (cycles)
355434287272,EXECUTE,0,CYCLES,BACKEND,SUB-EVENT,_MatMul_6_post_reshape:OpId_162 (cycles)
355434287272,EXECUTE,0,CYCLES,BACKEND,SUB-EVENT,_Sigmoid:OpId_163 (cycles)
355434287272,EXECUTE,50134,CYCLES,BACKEND,SUB-EVENT,_Mul_15:OpId_170 (cycles)
355434287272,EXECUTE,3587,CYCLES,BACKEND,SUB-EVENT,_MatMul_7:OpId_173 (cycles)
355434287272,EXECUTE,0,CYCLES,BACKEND,SUB-EVENT,_MatMul_7_post_reshape:OpId_176 (cycles)
355434287272,EXECUTE,28941,CYCLES,BACKEND,SUB-EVENT,_Mul_16:OpId_177 (cycles)
355434287272,EXECUTE,0,CYCLES,BACKEND,SUB-EVENT,_MatMul_8_pre_reshape:OpId_179 (cycles)
355434287272,EXECUTE,2278,CYCLES,BACKEND,SUB-EVENT,_MatMul_8:OpId_181 (cycles)
355434287272,EXECUTE,0,CYCLES,BACKEND,SUB-EVENT,_MatMul_8_post_reshape:OpId_184 (cycles)
355434287272,EXECUTE,0,CYCLES,BACKEND,SUB-EVENT,_MatMul_8_output_0_nfc:OpId_186 (cycles)
355434287272,EXECUTE,2675,CYCLES,BACKEND,SUB-EVENT,_Add_8:OpId_188 (cycles)
355434287272,EXECUTE,6667,CYCLES,BACKEND,SUB-EVENT,hidden_out_ncf:OpId_191 (cycles)
355434287272,EXECUTE,15610,CYCLES,BACKEND,SUB-EVENT,Output OpId_3 (cycles)
355434287272,EXECUTE,3027,US,BACKEND,ROOT,Accelerator (execute) time
355434287272,EXECUTE,1177,US,BACKEND,ROOT,Accelerator (execute excluding wait) time
355434287272,EXECUTE,6158,US,BACKEND,ROOT,QNN (execute) time
355434297674,EXECUTE,6163,US,NETRUN,ROOT,Graph 0: tiny_block_prefill
355434297674,EXECUTE,4,COUNT,BACKEND,ROOT,Number of HVX threads used
355434297674,EXECUTE,5793,US,BACKEND,ROOT,RPC (execute) time
355434297674,EXECUTE,4814,US,BACKEND,ROOT,QNN accelerator (execute) time
355434297674,EXECUTE,0,COUNT,BACKEND,ROOT,Num times yield occured
355434297674,EXECUTE,7092,US,BACKEND,ROOT,Time for initial VTCM acquire
355434297674,EXECUTE,4827,US,BACKEND,ROOT,Time for HVX + HMX power on and acquire
355434297674,EXECUTE,477168,CYCLES,BACKEND,ROOT,Accelerator (execute) time (cycles)
355434297674,EXECUTE,1121,CYCLES,BACKEND,SUB-EVENT,Input OpId_2 (cycles)
355434297674,EXECUTE,0,CYCLES,BACKEND,SUB-EVENT,hidden_states_nfc:OpId_17 (cycles)
355434297674,EXECUTE,14515,CYCLES,BACKEND,SUB-EVENT,rms_norm__Mul_2_output_0:OpId_22 (cycles)
355434297674,EXECUTE,0,CYCLES,BACKEND,SUB-EVENT,_MatMul_2_pre_reshape:OpId_25 (cycles)
355434297674,EXECUTE,0,CYCLES,BACKEND,SUB-EVENT,_MatMul_1_pre_reshape:OpId_26 (cycles)
355434297674,EXECUTE,0,CYCLES,BACKEND,SUB-EVENT,_MatMul_pre_reshape:OpId_27 (cycles)
355434297674,EXECUTE,0,CYCLES,BACKEND,SUB-EVENT,_MatMul_lhs_reshape:OpId_30 (cycles)
355434297674,EXECUTE,0,CYCLES,BACKEND,SUB-EVENT,_MatMul_lhs_cast_fp16:OpId_31 (cycles)
355434297674,EXECUTE,280,CYCLES,BACKEND,SUB-EVENT,_MatMul_rhs_cast_fp16:OpId_32 (cycles)
355434297674,EXECUTE,146535,CYCLES,BACKEND,SUB-EVENT,_MatMul:OpId_33 (cycles)
355434297674,EXECUTE,0,CYCLES,BACKEND,SUB-EVENT,_MatMul_output_reshape:OpId_34 (cycles)
355434297674,EXECUTE,2100,CYCLES,BACKEND,SUB-EVENT,_MatMul_post_reshape:OpId_35 (cycles)
355434297674,EXECUTE,1632,CYCLES,BACKEND,SUB-EVENT,_Transpose:OpId_37 (cycles)
355434297674,EXECUTE,0,CYCLES,BACKEND,SUB-EVENT,_MatMul_1:OpId_40 (cycles)
355434297674,EXECUTE,0,CYCLES,BACKEND,SUB-EVENT,_MatMul_1_post_reshape:OpId_42 (cycles)
355434297674,EXECUTE,3780,CYCLES,BACKEND,SUB-EVENT,_Transpose_1:OpId_44 (cycles)
355434297674,EXECUTE,0,CYCLES,BACKEND,SUB-EVENT,_MatMul_2:OpId_47 (cycles)
355434297674,EXECUTE,0,CYCLES,BACKEND,SUB-EVENT,_MatMul_2_post_reshape:OpId_49 (cycles)
355434297674,EXECUTE,5762,CYCLES,BACKEND,SUB-EVENT,_Transpose_2:OpId_51 (cycles)
355434297674,EXECUTE,0,CYCLES,BACKEND,SUB-EVENT,_Slice:OpId_53 (cycles)
355434297674,EXECUTE,660,CYCLES,BACKEND,SUB-EVENT,_Slice_1:OpId_59 (cycles)
355434297674,EXECUTE,7539,CYCLES,BACKEND,SUB-EVENT,_Mul_3:OpId_65 (cycles)
355434297674,EXECUTE,6488,CYCLES,BACKEND,SUB-EVENT,_Mul_4:OpId_68 (cycles)
355434297674,EXECUTE,890,CYCLES,BACKEND,SUB-EVENT,_Sub:OpId_70 (cycles)
355434297674,EXECUTE,6285,CYCLES,BACKEND,SUB-EVENT,_Mul_5:OpId_72 (cycles)
355434297674,EXECUTE,7215,CYCLES,BACKEND,SUB-EVENT,_Mul_6:OpId_74 (cycles)
355434297674,EXECUTE,3829,CYCLES,BACKEND,SUB-EVENT,_Add_4:OpId_76 (cycles)
355434297674,EXECUTE,1305,CYCLES,BACKEND,SUB-EVENT,_Concat:OpId_78 (cycles)
355434297674,EXECUTE,0,CYCLES,BACKEND,SUB-EVENT,_Slice_2:OpId_81 (cycles)
355434297674,EXECUTE,1145,CYCLES,BACKEND,SUB-EVENT,_Slice_3:OpId_87 (cycles)
355434297674,EXECUTE,8045,CYCLES,BACKEND,SUB-EVENT,_Mul_7:OpId_92 (cycles)
355434297674,EXECUTE,5644,CYCLES,BACKEND,SUB-EVENT,_Mul_8:OpId_94 (cycles)
355434297674,EXECUTE,1138,CYCLES,BACKEND,SUB-EVENT,_Sub_1:OpId_96 (cycles)
355434297674,EXECUTE,5562,CYCLES,BACKEND,SUB-EVENT,_Mul_9:OpId_98 (cycles)
355434297674,EXECUTE,8022,CYCLES,BACKEND,SUB-EVENT,_Mul_10:OpId_100 (cycles)
355434297674,EXECUTE,638,CYCLES,BACKEND,SUB-EVENT,_Add_5:OpId_102 (cycles)
355434297674,EXECUTE,3296,CYCLES,BACKEND,SUB-EVENT,_Concat_1:OpId_104 (cycles)
355434297674,EXECUTE,0,CYCLES,BACKEND,SUB-EVENT,_Unsqueeze_4:OpId_106 (cycles)
355434297674,EXECUTE,3153,CYCLES,BACKEND,SUB-EVENT,_Tile:OpId_108 (cycles)
355434297674,EXECUTE,0,CYCLES,BACKEND,SUB-EVENT,_Reshape_3:OpId_109 (cycles)
355434297674,EXECUTE,0,CYCLES,BACKEND,SUB-EVENT,_Unsqueeze_5:OpId_110 (cycles)
355434297674,EXECUTE,2059,CYCLES,BACKEND,SUB-EVENT,_Tile_1:OpId_112 (cycles)
355434297674,EXECUTE,0,CYCLES,BACKEND,SUB-EVENT,_Reshape_4:OpId_113 (cycles)
355434297674,EXECUTE,0,CYCLES,BACKEND,SUB-EVENT,_Transpose_3:OpId_115 (cycles)
355434297674,EXECUTE,41148,CYCLES,BACKEND,SUB-EVENT,_MatMul_3:OpId_116 (cycles)
355434297674,EXECUTE,21180,CYCLES,BACKEND,SUB-EVENT,_Mul_11:OpId_121 (cycles)
355434297674,EXECUTE,0,CYCLES,BACKEND,SUB-EVENT,_Unsqueeze_7_output_0_cast_to_bool:OpId_124 (cycles)
355434297674,EXECUTE,20318,CYCLES,BACKEND,SUB-EVENT,_Where:OpId_126 (cycles)
355434297674,EXECUTE,20870,CYCLES,BACKEND,SUB-EVENT,_Softmax:OpId_127 (cycles)
355434297674,EXECUTE,15118,CYCLES,BACKEND,SUB-EVENT,_MatMul_4:OpId_130 (cycles)
355434297674,EXECUTE,0,CYCLES,BACKEND,SUB-EVENT,_Transpose_4:OpId_135 (cycles)
355434297674,EXECUTE,0,CYCLES,BACKEND,SUB-EVENT,_Reshape_5:OpId_136 (cycles)
355434297674,EXECUTE,1535,CYCLES,BACKEND,SUB-EVENT,_MatMul_5:OpId_138 (cycles)
355434297674,EXECUTE,0,CYCLES,BACKEND,SUB-EVENT,_MatMul_5_post_reshape:OpId_141 (cycles)
355434297674,EXECUTE,0,CYCLES,BACKEND,SUB-EVENT,_MatMul_5_output_0_nfc:OpId_143 (cycles)
355434297674,EXECUTE,4313,CYCLES,BACKEND,SUB-EVENT,_Add_6:OpId_145 (cycles)
355434297674,EXECUTE,0,CYCLES,BACKEND,SUB-EVENT,_Add_6_output_0_ncf:OpId_148 (cycles)
355434297674,EXECUTE,5713,CYCLES,BACKEND,SUB-EVENT,rms_norm__Mul_14_output_0:OpId_153 (cycles)
355434297674,EXECUTE,0,CYCLES,BACKEND,SUB-EVENT,_MatMul_7_pre_reshape:OpId_156 (cycles)
355434297674,EXECUTE,0,CYCLES,BACKEND,SUB-EVENT,_MatMul_6_pre_reshape:OpId_157 (cycles)
355434297674,EXECUTE,3564,CYCLES,BACKEND,SUB-EVENT,_MatMul_6:OpId_159 (cycles)
355434297674,EXECUTE,0,CYCLES,BACKEND,SUB-EVENT,_MatMul_6_post_reshape:OpId_162 (cycles)
355434297674,EXECUTE,0,CYCLES,BACKEND,SUB-EVENT,_Sigmoid:OpId_163 (cycles)
355434297674,EXECUTE,41829,CYCLES,BACKEND,SUB-EVENT,_Mul_15:OpId_170 (cycles)
355434297674,EXECUTE,4799,CYCLES,BACKEND,SUB-EVENT,_MatMul_7:OpId_173 (cycles)
355434297674,EXECUTE,0,CYCLES,BACKEND,SUB-EVENT,_MatMul_7_post_reshape:OpId_176 (cycles)
355434297674,EXECUTE,29240,CYCLES,BACKEND,SUB-EVENT,_Mul_16:OpId_177 (cycles)
355434297674,EXECUTE,0,CYCLES,BACKEND,SUB-EVENT,_MatMul_8_pre_reshape:OpId_179 (cycles)
355434297674,EXECUTE,2259,CYCLES,BACKEND,SUB-EVENT,_MatMul_8:OpId_181 (cycles)
355434297674,EXECUTE,0,CYCLES,BACKEND,SUB-EVENT,_MatMul_8_post_reshape:OpId_184 (cycles)
355434297674,EXECUTE,0,CYCLES,BACKEND,SUB-EVENT,_MatMul_8_output_0_nfc:OpId_186 (cycles)
355434297674,EXECUTE,2699,CYCLES,BACKEND,SUB-EVENT,_Add_8:OpId_188 (cycles)
355434297674,EXECUTE,6776,CYCLES,BACKEND,SUB-EVENT,hidden_out_ncf:OpId_191 (cycles)
355434297674,EXECUTE,7169,CYCLES,BACKEND,SUB-EVENT,Output OpId_3 (cycles)
355434297674,EXECUTE,3007,US,BACKEND,ROOT,Accelerator (execute) time
355434297674,EXECUTE,1175,US,BACKEND,ROOT,Accelerator (execute excluding wait) time
355434297674,EXECUTE,6127,US,BACKEND,ROOT,QNN (execute) time
355434308333,EXECUTE,6177,US,NETRUN,ROOT,Graph 0: tiny_block_prefill
355434308333,EXECUTE,4,COUNT,BACKEND,ROOT,Number of HVX threads used
355434308333,EXECUTE,5759,US,BACKEND,ROOT,RPC (execute) time
355434308333,EXECUTE,4806,US,BACKEND,ROOT,QNN accelerator (execute) time
355434308333,EXECUTE,0,COUNT,BACKEND,ROOT,Num times yield occured
355434308333,EXECUTE,7278,US,BACKEND,ROOT,Time for initial VTCM acquire
355434308333,EXECUTE,4681,US,BACKEND,ROOT,Time for HVX + HMX power on and acquire
355434308333,EXECUTE,478257,CYCLES,BACKEND,ROOT,Accelerator (execute) time (cycles)
355434308333,EXECUTE,2245,CYCLES,BACKEND,SUB-EVENT,Input OpId_2 (cycles)
355434308333,EXECUTE,0,CYCLES,BACKEND,SUB-EVENT,hidden_states_nfc:OpId_17 (cycles)
355434308333,EXECUTE,12460,CYCLES,BACKEND,SUB-EVENT,rms_norm__Mul_2_output_0:OpId_22 (cycles)
355434308333,EXECUTE,0,CYCLES,BACKEND,SUB-EVENT,_MatMul_2_pre_reshape:OpId_25 (cycles)
355434308333,EXECUTE,0,CYCLES,BACKEND,SUB-EVENT,_MatMul_1_pre_reshape:OpId_26 (cycles)
355434308333,EXECUTE,0,CYCLES,BACKEND,SUB-EVENT,_MatMul_pre_reshape:OpId_27 (cycles)
355434308333,EXECUTE,0,CYCLES,BACKEND,SUB-EVENT,_MatMul_lhs_reshape:OpId_30 (cycles)
355434308333,EXECUTE,0,CYCLES,BACKEND,SUB-EVENT,_MatMul_lhs_cast_fp16:OpId_31 (cycles)
355434308333,EXECUTE,248,CYCLES,BACKEND,SUB-EVENT,_MatMul_rhs_cast_fp16:OpId_32 (cycles)
355434308333,EXECUTE,148575,CYCLES,BACKEND,SUB-EVENT,_MatMul:OpId_33 (cycles)
355434308333,EXECUTE,0,CYCLES,BACKEND,SUB-EVENT,_MatMul_output_reshape:OpId_34 (cycles)
355434308333,EXECUTE,2087,CYCLES,BACKEND,SUB-EVENT,_MatMul_post_reshape:OpId_35 (cycles)
355434308333,EXECUTE,1600,CYCLES,BACKEND,SUB-EVENT,_Transpose:OpId_37 (cycles)
355434308333,EXECUTE,0,CYCLES,BACKEND,SUB-EVENT,_MatMul_1:OpId_40 (cycles)
355434308333,EXECUTE,0,CYCLES,BACKEND,SUB-EVENT,_MatMul_1_post_reshape:OpId_42 (cycles)
355434308333,EXECUTE,6152,CYCLES,BACKEND,SUB-EVENT,_Transpose_1:OpId_44 (cycles)
355434308333,EXECUTE,0,CYCLES,BACKEND,SUB-EVENT,_MatMul_2:OpId_47 (cycles)
355434308333,EXECUTE,0,CYCLES,BACKEND,SUB-EVENT,_MatMul_2_post_reshape:OpId_49 (cycles)
355434308333,EXECUTE,4490,CYCLES,BACKEND,SUB-EVENT,_Transpose_2:OpId_51 (cycles)
355434308333,EXECUTE,0,CYCLES,BACKEND,SUB-EVENT,_Slice:OpId_53 (cycles)
355434308333,EXECUTE,650,CYCLES,BACKEND,SUB-EVENT,_Slice_1:OpId_59 (cycles)
355434308333,EXECUTE,7104,CYCLES,BACKEND,SUB-EVENT,_Mul_3:OpId_65 (cycles)
355434308333,EXECUTE,6337,CYCLES,BACKEND,SUB-EVENT,_Mul_4:OpId_68 (cycles)
355434308333,EXECUTE,836,CYCLES,BACKEND,SUB-EVENT,_Sub:OpId_70 (cycles)
355434308333,EXECUTE,6185,CYCLES,BACKEND,SUB-EVENT,_Mul_5:OpId_72 (cycles)
355434308333,EXECUTE,6963,CYCLES,BACKEND,SUB-EVENT,_Mul_6:OpId_74 (cycles)
355434308333,EXECUTE,3630,CYCLES,BACKEND,SUB-EVENT,_Add_4:OpId_76 (cycles)
355434308333,EXECUTE,1290,CYCLES,BACKEND,SUB-EVENT,_Concat:OpId_78 (cycles)
355434308333,EXECUTE,0,CYCLES,BACKEND,SUB-EVENT,_Slice_2:OpId_81 (cycles)
355434308333,EXECUTE,1423,CYCLES,BACKEND,SUB-EVENT,_Slice_3:OpId_87 (cycles)
355434308333,EXECUTE,8596,CYCLES,BACKEND,SUB-EVENT,_Mul_7:OpId_92 (cycles)
355434308333,EXECUTE,5843,CYCLES,BACKEND,SUB-EVENT,_Mul_8:OpId_94 (cycles)
355434308333,EXECUTE,822,CYCLES,BACKEND,SUB-EVENT,_Sub_1:OpId_96 (cycles)
355434308333,EXECUTE,5783,CYCLES,BACKEND,SUB-EVENT,_Mul_9:OpId_98 (cycles)
355434308333,EXECUTE,8586,CYCLES,BACKEND,SUB-EVENT,_Mul_10:OpId_100 (cycles)
355434308333,EXECUTE,776,CYCLES,BACKEND,SUB-EVENT,_Add_5:OpId_102 (cycles)
355434308333,EXECUTE,1603,CYCLES,BACKEND,SUB-EVENT,_Concat_1:OpId_104 (cycles)
355434308333,EXECUTE,0,CYCLES,BACKEND,SUB-EVENT,_Unsqueeze_4:OpId_106 (cycles)
355434308333,EXECUTE,1774,CYCLES,BACKEND,SUB-EVENT,_Tile:OpId_108 (cycles)
355434308333,EXECUTE,0,CYCLES,BACKEND,SUB-EVENT,_Reshape_3:OpId_109 (cycles)
355434308333,EXECUTE,0,CYCLES,BACKEND,SUB-EVENT,_Unsqueeze_5:OpId_110 (cycles)
355434308333,EXECUTE,2224,CYCLES,BACKEND,SUB-EVENT,_Tile_1:OpId_112 (cycles)
355434308333,EXECUTE,0,CYCLES,BACKEND,SUB-EVENT,_Reshape_4:OpId_113 (cycles)
355434308333,EXECUTE,0,CYCLES,BACKEND,SUB-EVENT,_Transpose_3:OpId_115 (cycles)
355434308333,EXECUTE,47268,CYCLES,BACKEND,SUB-EVENT,_MatMul_3:OpId_116 (cycles)
355434308333,EXECUTE,23407,CYCLES,BACKEND,SUB-EVENT,_Mul_11:OpId_121 (cycles)
355434308333,EXECUTE,0,CYCLES,BACKEND,SUB-EVENT,_Unsqueeze_7_output_0_cast_to_bool:OpId_124 (cycles)
355434308333,EXECUTE,16293,CYCLES,BACKEND,SUB-EVENT,_Where:OpId_126 (cycles)
355434308333,EXECUTE,20641,CYCLES,BACKEND,SUB-EVENT,_Softmax:OpId_127 (cycles)
355434308333,EXECUTE,15842,CYCLES,BACKEND,SUB-EVENT,_MatMul_4:OpId_130 (cycles)
355434308333,EXECUTE,0,CYCLES,BACKEND,SUB-EVENT,_Transpose_4:OpId_135 (cycles)
355434308333,EXECUTE,0,CYCLES,BACKEND,SUB-EVENT,_Reshape_5:OpId_136 (cycles)
355434308333,EXECUTE,1866,CYCLES,BACKEND,SUB-EVENT,_MatMul_5:OpId_138 (cycles)
355434308333,EXECUTE,0,CYCLES,BACKEND,SUB-EVENT,_MatMul_5_post_reshape:OpId_141 (cycles)
355434308333,EXECUTE,0,CYCLES,BACKEND,SUB-EVENT,_MatMul_5_output_0_nfc:OpId_143 (cycles)
355434308333,EXECUTE,4448,CYCLES,BACKEND,SUB-EVENT,_Add_6:OpId_145 (cycles)
355434308333,EXECUTE,0,CYCLES,BACKEND,SUB-EVENT,_Add_6_output_0_ncf:OpId_148 (cycles)
355434308333,EXECUTE,5729,CYCLES,BACKEND,SUB-EVENT,rms_norm__Mul_14_output_0:OpId_153 (cycles)
355434308333,EXECUTE,0,CYCLES,BACKEND,SUB-EVENT,_MatMul_7_pre_reshape:OpId_156 (cycles)
355434308333,EXECUTE,0,CYCLES,BACKEND,SUB-EVENT,_MatMul_6_pre_reshape:OpId_157 (cycles)
355434308333,EXECUTE,3665,CYCLES,BACKEND,SUB-EVENT,_MatMul_6:OpId_159 (cycles)
355434308333,EXECUTE,0,CYCLES,BACKEND,SUB-EVENT,_MatMul_6_post_reshape:OpId_162 (cycles)
355434308333,EXECUTE,0,CYCLES,BACKEND,SUB-EVENT,_Sigmoid:OpId_163 (cycles)
355434308333,EXECUTE,41044,CYCLES,BACKEND,SUB-EVENT,_Mul_15:OpId_170 (cycles)
355434308333,EXECUTE,4754,CYCLES,BACKEND,SUB-EVENT,_MatMul_7:OpId_173 (cycles)
355434308333,EXECUTE,0,CYCLES,BACKEND,SUB-EVENT,_MatMul_7_post_reshape:OpId_176 (cycles)
355434308333,EXECUTE,25726,CYCLES,BACKEND,SUB-EVENT,_Mul_16:OpId_177 (cycles)
355434308333,EXECUTE,0,CYCLES,BACKEND,SUB-EVENT,_MatMul_8_pre_reshape:OpId_179 (cycles)
355434308333,EXECUTE,2304,CYCLES,BACKEND,SUB-EVENT,_MatMul_8:OpId_181 (cycles)
355434308333,EXECUTE,0,CYCLES,BACKEND,SUB-EVENT,_MatMul_8_post_reshape:OpId_184 (cycles)
355434308333,EXECUTE,0,CYCLES,BACKEND,SUB-EVENT,_MatMul_8_output_0_nfc:OpId_186 (cycles)
355434308333,EXECUTE,2672,CYCLES,BACKEND,SUB-EVENT,_Add_8:OpId_188 (cycles)
355434308333,EXECUTE,6339,CYCLES,BACKEND,SUB-EVENT,hidden_out_ncf:OpId_191 (cycles)
355434308333,EXECUTE,7977,CYCLES,BACKEND,SUB-EVENT,Output OpId_3 (cycles)
355434308333,EXECUTE,2988,US,BACKEND,ROOT,Accelerator (execute) time
355434308333,EXECUTE,1184,US,BACKEND,ROOT,Accelerator (execute excluding wait) time
355434308333,EXECUTE,6137,US,BACKEND,ROOT,QNN (execute) time
355434311953,EXECUTE IPS,92.749748,INF/SEC,NETRUN,ROOT,null
