input log file location, qwen_block_custom_qnn/device_output/builtin_layer0_prefill_seq16/qnn-profiling-data_0.log
qnn-profile-viewer version, v2.47.0.260601114230
qnn-net-run version, v2.47.0.260601114230
Backend version, v2.47.0.260601114230
Msg Timestamp, Message, Time, Unit of Measurement, Timing Source, Event Level, Event Identifier
358253018997,INIT,570232,US,NETRUN,ROOT,null
358253219088,COMPOSE GRAPHS,198124,US,NETRUN,ROOT,null
358253591403,FINALIZE,371909,US,NETRUN,ROOT,Graph 0: qwen2_0_5b_layer0_prefill_seq16
358253591403,FINALIZE,6118,US,BACKEND,ROOT,RPC (finalize) time
358253591403,FINALIZE,5729,US,BACKEND,ROOT,QNN accelerator (finalize) time
358253591403,FINALIZE,5584,US,BACKEND,ROOT,Accelerator (finalize) time
358253591403,FINALIZE,371842,US,BACKEND,ROOT,QNN (finalize) time
358253591403,FINALIZE,170,US,BACKEND,SUB-EVENT,Graph Preparation Initializing
358253591403,FINALIZE,279279,US,BACKEND,SUB-EVENT,Graph Optimizations
358253591403,FINALIZE,3725,US,BACKEND,SUB-EVENT,Post Graph Optimization
358253591403,FINALIZE,23713,US,BACKEND,SUB-EVENT,Graph Sequencing for Target
358253591403,FINALIZE,4636,US,BACKEND,SUB-EVENT,VTCM Allocation
358253591403,FINALIZE,1966,US,BACKEND,SUB-EVENT,Parallelization Optimization
358253591403,FINALIZE,2345,US,BACKEND,SUB-EVENT,Finalizing Graph Sequence
358253591403,FINALIZE,100,US,BACKEND,SUB-EVENT,Completion
358253861518,DE-INIT,61453,US,NETRUN,ROOT,null
358253861518,DE-INIT,11226,US,BACKEND,ROOT,RPC (deinit) time
358253861518,DE-INIT,8838,US,BACKEND,ROOT,QNN Accelerator (deinit) time
358253861518,DE-INIT,8683,US,BACKEND,ROOT,Accelerator (deinit) time
358253861518,DE-INIT,61419,US,BACKEND,ROOT,QNN (deinit) time
358253614291,EXECUTE,22196,US,NETRUN,ROOT,Graph 0: qwen2_0_5b_layer0_prefill_seq16
358253614291,EXECUTE,4,COUNT,BACKEND,ROOT,Number of HVX threads used
358253614291,EXECUTE,21940,US,BACKEND,ROOT,RPC (execute) time
358253614291,EXECUTE,19789,US,BACKEND,ROOT,QNN accelerator (execute) time
358253614291,EXECUTE,0,COUNT,BACKEND,ROOT,Num times yield occured
358253614291,EXECUTE,2863,US,BACKEND,ROOT,Time for initial VTCM acquire
358253614291,EXECUTE,43265,US,BACKEND,ROOT,Time for HVX + HMX power on and acquire
358253614291,EXECUTE,1120959,CYCLES,BACKEND,ROOT,Accelerator (execute) time (cycles)
358253614291,EXECUTE,4834,CYCLES,BACKEND,SUB-EVENT,Input OpId_2 (cycles)
358253614291,EXECUTE,0,CYCLES,BACKEND,SUB-EVENT,hidden_states_nfc:OpId_17 (cycles)
358253614291,EXECUTE,89492,CYCLES,BACKEND,SUB-EVENT,rms_norm__Mul_1_output_0:OpId_22 (cycles)
358253614291,EXECUTE,0,CYCLES,BACKEND,SUB-EVENT,_MatMul_2_pre_reshape:OpId_25 (cycles)
358253614291,EXECUTE,0,CYCLES,BACKEND,SUB-EVENT,_MatMul_1_pre_reshape:OpId_26 (cycles)
358253614291,EXECUTE,0,CYCLES,BACKEND,SUB-EVENT,_MatMul_pre_reshape:OpId_27 (cycles)
358253614291,EXECUTE,0,CYCLES,BACKEND,SUB-EVENT,_MatMul:OpId_30 (cycles)
358253614291,EXECUTE,0,CYCLES,BACKEND,SUB-EVENT,_MatMul_post_reshape:OpId_32 (cycles)
358253614291,EXECUTE,0,CYCLES,BACKEND,SUB-EVENT,_MatMul_1:OpId_35 (cycles)
358253614291,EXECUTE,0,CYCLES,BACKEND,SUB-EVENT,_MatMul_1_post_reshape:OpId_37 (cycles)
358253614291,EXECUTE,0,CYCLES,BACKEND,SUB-EVENT,_MatMul_2:OpId_40 (cycles)
358253614291,EXECUTE,0,CYCLES,BACKEND,SUB-EVENT,_MatMul_2_post_reshape:OpId_42 (cycles)
358253614291,EXECUTE,20521,CYCLES,BACKEND,SUB-EVENT,_Transpose:OpId_44 (cycles)
358253614291,EXECUTE,8669,CYCLES,BACKEND,SUB-EVENT,_Transpose_1:OpId_46 (cycles)
358253614291,EXECUTE,16197,CYCLES,BACKEND,SUB-EVENT,_Transpose_2:OpId_48 (cycles)
358253614291,EXECUTE,23363,CYCLES,BACKEND,SUB-EVENT,_Slice:OpId_50 (cycles)
358253614291,EXECUTE,7448,CYCLES,BACKEND,SUB-EVENT,_Slice_1:OpId_56 (cycles)
358253614291,EXECUTE,8406,CYCLES,BACKEND,SUB-EVENT,_Mul_2:OpId_62 (cycles)
358253614291,EXECUTE,4889,CYCLES,BACKEND,SUB-EVENT,_Mul_3:OpId_65 (cycles)
358253614291,EXECUTE,963,CYCLES,BACKEND,SUB-EVENT,_Sub:OpId_67 (cycles)
358253614291,EXECUTE,7631,CYCLES,BACKEND,SUB-EVENT,_Mul_4:OpId_69 (cycles)
358253614291,EXECUTE,4772,CYCLES,BACKEND,SUB-EVENT,_Mul_5:OpId_71 (cycles)
358253614291,EXECUTE,859,CYCLES,BACKEND,SUB-EVENT,_Add_4:OpId_73 (cycles)
358253614291,EXECUTE,0,CYCLES,BACKEND,SUB-EVENT,_Unsqueeze:OpId_75 (cycles)
358253614291,EXECUTE,0,CYCLES,BACKEND,SUB-EVENT,_Unsqueeze_1:OpId_76 (cycles)
358253614291,EXECUTE,2756,CYCLES,BACKEND,SUB-EVENT,_Concat:OpId_77 (cycles)
358253614291,EXECUTE,0,CYCLES,BACKEND,SUB-EVENT,_Reshape_3:OpId_79 (cycles)
358253614291,EXECUTE,37668,CYCLES,BACKEND,SUB-EVENT,_Slice_3:OpId_81 (cycles)
358253614291,EXECUTE,5422,CYCLES,BACKEND,SUB-EVENT,_Slice_4:OpId_87 (cycles)
358253614291,EXECUTE,13653,CYCLES,BACKEND,SUB-EVENT,_Mul_6:OpId_92 (cycles)
358253614291,EXECUTE,13194,CYCLES,BACKEND,SUB-EVENT,_Mul_7:OpId_94 (cycles)
358253614291,EXECUTE,1726,CYCLES,BACKEND,SUB-EVENT,_Sub_1:OpId_96 (cycles)
358253614291,EXECUTE,13584,CYCLES,BACKEND,SUB-EVENT,_Mul_8:OpId_98 (cycles)
358253614291,EXECUTE,13154,CYCLES,BACKEND,SUB-EVENT,_Mul_9:OpId_100 (cycles)
358253614291,EXECUTE,1766,CYCLES,BACKEND,SUB-EVENT,_Add_5:OpId_102 (cycles)
358253614291,EXECUTE,0,CYCLES,BACKEND,SUB-EVENT,_Unsqueeze_2:OpId_104 (cycles)
358253614291,EXECUTE,0,CYCLES,BACKEND,SUB-EVENT,_Unsqueeze_3:OpId_105 (cycles)
358253614291,EXECUTE,5081,CYCLES,BACKEND,SUB-EVENT,_Concat_2:OpId_106 (cycles)
358253614291,EXECUTE,1812,CYCLES,BACKEND,SUB-EVENT,_Reshape_4:OpId_108 (cycles)
358253614291,EXECUTE,0,CYCLES,BACKEND,SUB-EVENT,_Unsqueeze_4:OpId_109 (cycles)
358253614291,EXECUTE,4480,CYCLES,BACKEND,SUB-EVENT,_Tile:OpId_111 (cycles)
358253614291,EXECUTE,0,CYCLES,BACKEND,SUB-EVENT,_Reshape_5:OpId_112 (cycles)
358253614291,EXECUTE,0,CYCLES,BACKEND,SUB-EVENT,_Unsqueeze_5:OpId_113 (cycles)
358253614291,EXECUTE,4370,CYCLES,BACKEND,SUB-EVENT,_Tile_1:OpId_115 (cycles)
358253614291,EXECUTE,0,CYCLES,BACKEND,SUB-EVENT,_Reshape_6:OpId_116 (cycles)
358253614291,EXECUTE,0,CYCLES,BACKEND,SUB-EVENT,_Transpose_3:OpId_118 (cycles)
358253614291,EXECUTE,85526,CYCLES,BACKEND,SUB-EVENT,_MatMul_3:OpId_119 (cycles)
358253614291,EXECUTE,11708,CYCLES,BACKEND,SUB-EVENT,_Div_1:OpId_124 (cycles)
358253614291,EXECUTE,3047,CYCLES,BACKEND,SUB-EVENT,_Add_6:OpId_127 (cycles)
358253614291,EXECUTE,45594,CYCLES,BACKEND,SUB-EVENT,_Softmax:OpId_129 (cycles)
358253614291,EXECUTE,22936,CYCLES,BACKEND,SUB-EVENT,_MatMul_4:OpId_132 (cycles)
358253614291,EXECUTE,0,CYCLES,BACKEND,SUB-EVENT,_Transpose_4:OpId_137 (cycles)
358253614291,EXECUTE,0,CYCLES,BACKEND,SUB-EVENT,_Reshape_7:OpId_138 (cycles)
358253614291,EXECUTE,9328,CYCLES,BACKEND,SUB-EVENT,_MatMul_5:OpId_140 (cycles)
358253614291,EXECUTE,0,CYCLES,BACKEND,SUB-EVENT,_MatMul_5_post_reshape:OpId_143 (cycles)
358253614291,EXECUTE,0,CYCLES,BACKEND,SUB-EVENT,_MatMul_5_output_0_nfc:OpId_145 (cycles)
358253614291,EXECUTE,2665,CYCLES,BACKEND,SUB-EVENT,_Add_7:OpId_147 (cycles)
358253614291,EXECUTE,0,CYCLES,BACKEND,SUB-EVENT,_Add_7_output_0_ncf:OpId_150 (cycles)
358253614291,EXECUTE,12264,CYCLES,BACKEND,SUB-EVENT,rms_norm__Mul_11_output_0:OpId_155 (cycles)
358253614291,EXECUTE,0,CYCLES,BACKEND,SUB-EVENT,_MatMul_7_pre_reshape:OpId_158 (cycles)
358253614291,EXECUTE,0,CYCLES,BACKEND,SUB-EVENT,_MatMul_6_pre_reshape:OpId_159 (cycles)
358253614291,EXECUTE,83344,CYCLES,BACKEND,SUB-EVENT,_MatMul_6:OpId_161 (cycles)
358253614291,EXECUTE,0,CYCLES,BACKEND,SUB-EVENT,_MatMul_6_post_reshape:OpId_164 (cycles)
358253614291,EXECUTE,78188,CYCLES,BACKEND,SUB-EVENT,_MatMul_7:OpId_166 (cycles)
358253614291,EXECUTE,0,CYCLES,BACKEND,SUB-EVENT,_MatMul_7_post_reshape:OpId_169 (cycles)
358253614291,EXECUTE,0,CYCLES,BACKEND,SUB-EVENT,_Sigmoid:OpId_170 (cycles)
358253614291,EXECUTE,182861,CYCLES,BACKEND,SUB-EVENT,_Mul_12:OpId_177 (cycles)
358253614291,EXECUTE,76080,CYCLES,BACKEND,SUB-EVENT,_Mul_13:OpId_179 (cycles)
358253614291,EXECUTE,0,CYCLES,BACKEND,SUB-EVENT,_MatMul_8_pre_reshape:OpId_181 (cycles)
358253614291,EXECUTE,140968,CYCLES,BACKEND,SUB-EVENT,_MatMul_8:OpId_183 (cycles)
358253614291,EXECUTE,0,CYCLES,BACKEND,SUB-EVENT,_MatMul_8_post_reshape:OpId_186 (cycles)
358253614291,EXECUTE,0,CYCLES,BACKEND,SUB-EVENT,_MatMul_8_output_0_nfc:OpId_188 (cycles)
358253614291,EXECUTE,7202,CYCLES,BACKEND,SUB-EVENT,_Add_9:OpId_190 (cycles)
358253614291,EXECUTE,29107,CYCLES,BACKEND,SUB-EVENT,hidden_out_ncf:OpId_193 (cycles)
358253614291,EXECUTE,13431,CYCLES,BACKEND,SUB-EVENT,Output OpId_3 (cycles)
358253614291,EXECUTE,5462,US,BACKEND,ROOT,Accelerator (execute) time
358253614291,EXECUTE,1945,US,BACKEND,ROOT,Accelerator (execute excluding wait) time
358253614291,EXECUTE,22173,US,BACKEND,ROOT,QNN (execute) time
358253630044,EXECUTE,11996,US,NETRUN,ROOT,Graph 0: qwen2_0_5b_layer0_prefill_seq16
358253630044,EXECUTE,4,COUNT,BACKEND,ROOT,Number of HVX threads used
358253630044,EXECUTE,11520,US,BACKEND,ROOT,RPC (execute) time
358253630044,EXECUTE,9292,US,BACKEND,ROOT,QNN accelerator (execute) time
358253630044,EXECUTE,0,COUNT,BACKEND,ROOT,Num times yield occured
358253630044,EXECUTE,7371,US,BACKEND,ROOT,Time for initial VTCM acquire
358253630044,EXECUTE,4930,US,BACKEND,ROOT,Time for HVX + HMX power on and acquire
358253630044,EXECUTE,1144218,CYCLES,BACKEND,ROOT,Accelerator (execute) time (cycles)
358253630044,EXECUTE,1872,CYCLES,BACKEND,SUB-EVENT,Input OpId_2 (cycles)
358253630044,EXECUTE,0,CYCLES,BACKEND,SUB-EVENT,hidden_states_nfc:OpId_17 (cycles)
358253630044,EXECUTE,87556,CYCLES,BACKEND,SUB-EVENT,rms_norm__Mul_1_output_0:OpId_22 (cycles)
358253630044,EXECUTE,0,CYCLES,BACKEND,SUB-EVENT,_MatMul_2_pre_reshape:OpId_25 (cycles)
358253630044,EXECUTE,0,CYCLES,BACKEND,SUB-EVENT,_MatMul_1_pre_reshape:OpId_26 (cycles)
358253630044,EXECUTE,0,CYCLES,BACKEND,SUB-EVENT,_MatMul_pre_reshape:OpId_27 (cycles)
358253630044,EXECUTE,0,CYCLES,BACKEND,SUB-EVENT,_MatMul:OpId_30 (cycles)
358253630044,EXECUTE,0,CYCLES,BACKEND,SUB-EVENT,_MatMul_post_reshape:OpId_32 (cycles)
358253630044,EXECUTE,0,CYCLES,BACKEND,SUB-EVENT,_MatMul_1:OpId_35 (cycles)
358253630044,EXECUTE,0,CYCLES,BACKEND,SUB-EVENT,_MatMul_1_post_reshape:OpId_37 (cycles)
358253630044,EXECUTE,0,CYCLES,BACKEND,SUB-EVENT,_MatMul_2:OpId_40 (cycles)
358253630044,EXECUTE,0,CYCLES,BACKEND,SUB-EVENT,_MatMul_2_post_reshape:OpId_42 (cycles)
358253630044,EXECUTE,25469,CYCLES,BACKEND,SUB-EVENT,_Transpose:OpId_44 (cycles)
358253630044,EXECUTE,7231,CYCLES,BACKEND,SUB-EVENT,_Transpose_1:OpId_46 (cycles)
358253630044,EXECUTE,15735,CYCLES,BACKEND,SUB-EVENT,_Transpose_2:OpId_48 (cycles)
358253630044,EXECUTE,22621,CYCLES,BACKEND,SUB-EVENT,_Slice:OpId_50 (cycles)
358253630044,EXECUTE,7207,CYCLES,BACKEND,SUB-EVENT,_Slice_1:OpId_56 (cycles)
358253630044,EXECUTE,5568,CYCLES,BACKEND,SUB-EVENT,_Mul_2:OpId_62 (cycles)
358253630044,EXECUTE,4949,CYCLES,BACKEND,SUB-EVENT,_Mul_3:OpId_65 (cycles)
358253630044,EXECUTE,964,CYCLES,BACKEND,SUB-EVENT,_Sub:OpId_67 (cycles)
358253630044,EXECUTE,5454,CYCLES,BACKEND,SUB-EVENT,_Mul_4:OpId_69 (cycles)
358253630044,EXECUTE,4739,CYCLES,BACKEND,SUB-EVENT,_Mul_5:OpId_71 (cycles)
358253630044,EXECUTE,1229,CYCLES,BACKEND,SUB-EVENT,_Add_4:OpId_73 (cycles)
358253630044,EXECUTE,0,CYCLES,BACKEND,SUB-EVENT,_Unsqueeze:OpId_75 (cycles)
358253630044,EXECUTE,0,CYCLES,BACKEND,SUB-EVENT,_Unsqueeze_1:OpId_76 (cycles)
358253630044,EXECUTE,2700,CYCLES,BACKEND,SUB-EVENT,_Concat:OpId_77 (cycles)
358253630044,EXECUTE,0,CYCLES,BACKEND,SUB-EVENT,_Reshape_3:OpId_79 (cycles)
358253630044,EXECUTE,25825,CYCLES,BACKEND,SUB-EVENT,_Slice_3:OpId_81 (cycles)
358253630044,EXECUTE,4857,CYCLES,BACKEND,SUB-EVENT,_Slice_4:OpId_87 (cycles)
358253630044,EXECUTE,5843,CYCLES,BACKEND,SUB-EVENT,_Mul_6:OpId_92 (cycles)
358253630044,EXECUTE,5600,CYCLES,BACKEND,SUB-EVENT,_Mul_7:OpId_94 (cycles)
358253630044,EXECUTE,737,CYCLES,BACKEND,SUB-EVENT,_Sub_1:OpId_96 (cycles)
358253630044,EXECUTE,5819,CYCLES,BACKEND,SUB-EVENT,_Mul_8:OpId_98 (cycles)
358253630044,EXECUTE,5463,CYCLES,BACKEND,SUB-EVENT,_Mul_9:OpId_100 (cycles)
358253630044,EXECUTE,1103,CYCLES,BACKEND,SUB-EVENT,_Add_5:OpId_102 (cycles)
358253630044,EXECUTE,0,CYCLES,BACKEND,SUB-EVENT,_Unsqueeze_2:OpId_104 (cycles)
358253630044,EXECUTE,0,CYCLES,BACKEND,SUB-EVENT,_Unsqueeze_3:OpId_105 (cycles)
358253630044,EXECUTE,3051,CYCLES,BACKEND,SUB-EVENT,_Concat_2:OpId_106 (cycles)
358253630044,EXECUTE,1752,CYCLES,BACKEND,SUB-EVENT,_Reshape_4:OpId_108 (cycles)
358253630044,EXECUTE,0,CYCLES,BACKEND,SUB-EVENT,_Unsqueeze_4:OpId_109 (cycles)
358253630044,EXECUTE,3086,CYCLES,BACKEND,SUB-EVENT,_Tile:OpId_111 (cycles)
358253630044,EXECUTE,0,CYCLES,BACKEND,SUB-EVENT,_Reshape_5:OpId_112 (cycles)
358253630044,EXECUTE,0,CYCLES,BACKEND,SUB-EVENT,_Unsqueeze_5:OpId_113 (cycles)
358253630044,EXECUTE,2548,CYCLES,BACKEND,SUB-EVENT,_Tile_1:OpId_115 (cycles)
358253630044,EXECUTE,0,CYCLES,BACKEND,SUB-EVENT,_Reshape_6:OpId_116 (cycles)
358253630044,EXECUTE,0,CYCLES,BACKEND,SUB-EVENT,_Transpose_3:OpId_118 (cycles)
358253630044,EXECUTE,69811,CYCLES,BACKEND,SUB-EVENT,_MatMul_3:OpId_119 (cycles)
358253630044,EXECUTE,11327,CYCLES,BACKEND,SUB-EVENT,_Div_1:OpId_124 (cycles)
358253630044,EXECUTE,3072,CYCLES,BACKEND,SUB-EVENT,_Add_6:OpId_127 (cycles)
358253630044,EXECUTE,48283,CYCLES,BACKEND,SUB-EVENT,_Softmax:OpId_129 (cycles)
358253630044,EXECUTE,14305,CYCLES,BACKEND,SUB-EVENT,_MatMul_4:OpId_132 (cycles)
358253630044,EXECUTE,0,CYCLES,BACKEND,SUB-EVENT,_Transpose_4:OpId_137 (cycles)
358253630044,EXECUTE,0,CYCLES,BACKEND,SUB-EVENT,_Reshape_7:OpId_138 (cycles)
358253630044,EXECUTE,10742,CYCLES,BACKEND,SUB-EVENT,_MatMul_5:OpId_140 (cycles)
358253630044,EXECUTE,0,CYCLES,BACKEND,SUB-EVENT,_MatMul_5_post_reshape:OpId_143 (cycles)
358253630044,EXECUTE,0,CYCLES,BACKEND,SUB-EVENT,_MatMul_5_output_0_nfc:OpId_145 (cycles)
358253630044,EXECUTE,2677,CYCLES,BACKEND,SUB-EVENT,_Add_7:OpId_147 (cycles)
358253630044,EXECUTE,0,CYCLES,BACKEND,SUB-EVENT,_Add_7_output_0_ncf:OpId_150 (cycles)
358253630044,EXECUTE,12380,CYCLES,BACKEND,SUB-EVENT,rms_norm__Mul_11_output_0:OpId_155 (cycles)
358253630044,EXECUTE,0,CYCLES,BACKEND,SUB-EVENT,_MatMul_7_pre_reshape:OpId_158 (cycles)
358253630044,EXECUTE,0,CYCLES,BACKEND,SUB-EVENT,_MatMul_6_pre_reshape:OpId_159 (cycles)
358253630044,EXECUTE,152796,CYCLES,BACKEND,SUB-EVENT,_MatMul_6:OpId_161 (cycles)
358253630044,EXECUTE,0,CYCLES,BACKEND,SUB-EVENT,_MatMul_6_post_reshape:OpId_164 (cycles)
358253630044,EXECUTE,112873,CYCLES,BACKEND,SUB-EVENT,_MatMul_7:OpId_166 (cycles)
358253630044,EXECUTE,0,CYCLES,BACKEND,SUB-EVENT,_MatMul_7_post_reshape:OpId_169 (cycles)
358253630044,EXECUTE,0,CYCLES,BACKEND,SUB-EVENT,_Sigmoid:OpId_170 (cycles)
358253630044,EXECUTE,171980,CYCLES,BACKEND,SUB-EVENT,_Mul_12:OpId_177 (cycles)
358253630044,EXECUTE,78196,CYCLES,BACKEND,SUB-EVENT,_Mul_13:OpId_179 (cycles)
358253630044,EXECUTE,0,CYCLES,BACKEND,SUB-EVENT,_MatMul_8_pre_reshape:OpId_181 (cycles)
358253630044,EXECUTE,150710,CYCLES,BACKEND,SUB-EVENT,_MatMul_8:OpId_183 (cycles)
358253630044,EXECUTE,0,CYCLES,BACKEND,SUB-EVENT,_MatMul_8_post_reshape:OpId_186 (cycles)
358253630044,EXECUTE,0,CYCLES,BACKEND,SUB-EVENT,_MatMul_8_output_0_nfc:OpId_188 (cycles)
358253630044,EXECUTE,7130,CYCLES,BACKEND,SUB-EVENT,_Add_9:OpId_190 (cycles)
358253630044,EXECUTE,31160,CYCLES,BACKEND,SUB-EVENT,hidden_out_ncf:OpId_193 (cycles)
358253630044,EXECUTE,7798,CYCLES,BACKEND,SUB-EVENT,Output OpId_3 (cycles)
358253630044,EXECUTE,4011,US,BACKEND,ROOT,Accelerator (execute) time
358253630044,EXECUTE,2144,US,BACKEND,ROOT,Accelerator (execute excluding wait) time
358253630044,EXECUTE,11959,US,BACKEND,ROOT,QNN (execute) time
358253648058,EXECUTE,12043,US,NETRUN,ROOT,Graph 0: qwen2_0_5b_layer0_prefill_seq16
358253648058,EXECUTE,4,COUNT,BACKEND,ROOT,Number of HVX threads used
358253648058,EXECUTE,11557,US,BACKEND,ROOT,RPC (execute) time
358253648058,EXECUTE,9035,US,BACKEND,ROOT,QNN accelerator (execute) time
358253648058,EXECUTE,0,COUNT,BACKEND,ROOT,Num times yield occured
358253648058,EXECUTE,7289,US,BACKEND,ROOT,Time for initial VTCM acquire
358253648058,EXECUTE,4732,US,BACKEND,ROOT,Time for HVX + HMX power on and acquire
358253648058,EXECUTE,1070061,CYCLES,BACKEND,ROOT,Accelerator (execute) time (cycles)
358253648058,EXECUTE,1984,CYCLES,BACKEND,SUB-EVENT,Input OpId_2 (cycles)
358253648058,EXECUTE,0,CYCLES,BACKEND,SUB-EVENT,hidden_states_nfc:OpId_17 (cycles)
358253648058,EXECUTE,97548,CYCLES,BACKEND,SUB-EVENT,rms_norm__Mul_1_output_0:OpId_22 (cycles)
358253648058,EXECUTE,0,CYCLES,BACKEND,SUB-EVENT,_MatMul_2_pre_reshape:OpId_25 (cycles)
358253648058,EXECUTE,0,CYCLES,BACKEND,SUB-EVENT,_MatMul_1_pre_reshape:OpId_26 (cycles)
358253648058,EXECUTE,0,CYCLES,BACKEND,SUB-EVENT,_MatMul_pre_reshape:OpId_27 (cycles)
358253648058,EXECUTE,0,CYCLES,BACKEND,SUB-EVENT,_MatMul:OpId_30 (cycles)
358253648058,EXECUTE,0,CYCLES,BACKEND,SUB-EVENT,_MatMul_post_reshape:OpId_32 (cycles)
358253648058,EXECUTE,0,CYCLES,BACKEND,SUB-EVENT,_MatMul_1:OpId_35 (cycles)
358253648058,EXECUTE,0,CYCLES,BACKEND,SUB-EVENT,_MatMul_1_post_reshape:OpId_37 (cycles)
358253648058,EXECUTE,0,CYCLES,BACKEND,SUB-EVENT,_MatMul_2:OpId_40 (cycles)
358253648058,EXECUTE,0,CYCLES,BACKEND,SUB-EVENT,_MatMul_2_post_reshape:OpId_42 (cycles)
358253648058,EXECUTE,30389,CYCLES,BACKEND,SUB-EVENT,_Transpose:OpId_44 (cycles)
358253648058,EXECUTE,6977,CYCLES,BACKEND,SUB-EVENT,_Transpose_1:OpId_46 (cycles)
358253648058,EXECUTE,12919,CYCLES,BACKEND,SUB-EVENT,_Transpose_2:OpId_48 (cycles)
358253648058,EXECUTE,23253,CYCLES,BACKEND,SUB-EVENT,_Slice:OpId_50 (cycles)
358253648058,EXECUTE,7407,CYCLES,BACKEND,SUB-EVENT,_Slice_1:OpId_56 (cycles)
358253648058,EXECUTE,5728,CYCLES,BACKEND,SUB-EVENT,_Mul_2:OpId_62 (cycles)
358253648058,EXECUTE,4832,CYCLES,BACKEND,SUB-EVENT,_Mul_3:OpId_65 (cycles)
358253648058,EXECUTE,965,CYCLES,BACKEND,SUB-EVENT,_Sub:OpId_67 (cycles)
358253648058,EXECUTE,6128,CYCLES,BACKEND,SUB-EVENT,_Mul_4:OpId_69 (cycles)
358253648058,EXECUTE,4779,CYCLES,BACKEND,SUB-EVENT,_Mul_5:OpId_71 (cycles)
358253648058,EXECUTE,1870,CYCLES,BACKEND,SUB-EVENT,_Add_4:OpId_73 (cycles)
358253648058,EXECUTE,0,CYCLES,BACKEND,SUB-EVENT,_Unsqueeze:OpId_75 (cycles)
358253648058,EXECUTE,0,CYCLES,BACKEND,SUB-EVENT,_Unsqueeze_1:OpId_76 (cycles)
358253648058,EXECUTE,2669,CYCLES,BACKEND,SUB-EVENT,_Concat:OpId_77 (cycles)
358253648058,EXECUTE,0,CYCLES,BACKEND,SUB-EVENT,_Reshape_3:OpId_79 (cycles)
358253648058,EXECUTE,32841,CYCLES,BACKEND,SUB-EVENT,_Slice_3:OpId_81 (cycles)
358253648058,EXECUTE,5713,CYCLES,BACKEND,SUB-EVENT,_Slice_4:OpId_87 (cycles)
358253648058,EXECUTE,6242,CYCLES,BACKEND,SUB-EVENT,_Mul_6:OpId_92 (cycles)
358253648058,EXECUTE,5711,CYCLES,BACKEND,SUB-EVENT,_Mul_7:OpId_94 (cycles)
358253648058,EXECUTE,585,CYCLES,BACKEND,SUB-EVENT,_Sub_1:OpId_96 (cycles)
358253648058,EXECUTE,6168,CYCLES,BACKEND,SUB-EVENT,_Mul_8:OpId_98 (cycles)
358253648058,EXECUTE,5661,CYCLES,BACKEND,SUB-EVENT,_Mul_9:OpId_100 (cycles)
358253648058,EXECUTE,774,CYCLES,BACKEND,SUB-EVENT,_Add_5:OpId_102 (cycles)
358253648058,EXECUTE,0,CYCLES,BACKEND,SUB-EVENT,_Unsqueeze_2:OpId_104 (cycles)
358253648058,EXECUTE,0,CYCLES,BACKEND,SUB-EVENT,_Unsqueeze_3:OpId_105 (cycles)
358253648058,EXECUTE,2899,CYCLES,BACKEND,SUB-EVENT,_Concat_2:OpId_106 (cycles)
358253648058,EXECUTE,1834,CYCLES,BACKEND,SUB-EVENT,_Reshape_4:OpId_108 (cycles)
358253648058,EXECUTE,0,CYCLES,BACKEND,SUB-EVENT,_Unsqueeze_4:OpId_109 (cycles)
358253648058,EXECUTE,3059,CYCLES,BACKEND,SUB-EVENT,_Tile:OpId_111 (cycles)
358253648058,EXECUTE,0,CYCLES,BACKEND,SUB-EVENT,_Reshape_5:OpId_112 (cycles)
358253648058,EXECUTE,0,CYCLES,BACKEND,SUB-EVENT,_Unsqueeze_5:OpId_113 (cycles)
358253648058,EXECUTE,3873,CYCLES,BACKEND,SUB-EVENT,_Tile_1:OpId_115 (cycles)
358253648058,EXECUTE,0,CYCLES,BACKEND,SUB-EVENT,_Reshape_6:OpId_116 (cycles)
358253648058,EXECUTE,0,CYCLES,BACKEND,SUB-EVENT,_Transpose_3:OpId_118 (cycles)
358253648058,EXECUTE,73352,CYCLES,BACKEND,SUB-EVENT,_MatMul_3:OpId_119 (cycles)
358253648058,EXECUTE,11660,CYCLES,BACKEND,SUB-EVENT,_Div_1:OpId_124 (cycles)
358253648058,EXECUTE,4624,CYCLES,BACKEND,SUB-EVENT,_Add_6:OpId_127 (cycles)
358253648058,EXECUTE,46114,CYCLES,BACKEND,SUB-EVENT,_Softmax:OpId_129 (cycles)
358253648058,EXECUTE,20085,CYCLES,BACKEND,SUB-EVENT,_MatMul_4:OpId_132 (cycles)
358253648058,EXECUTE,0,CYCLES,BACKEND,SUB-EVENT,_Transpose_4:OpId_137 (cycles)
358253648058,EXECUTE,0,CYCLES,BACKEND,SUB-EVENT,_Reshape_7:OpId_138 (cycles)
358253648058,EXECUTE,11834,CYCLES,BACKEND,SUB-EVENT,_MatMul_5:OpId_140 (cycles)
358253648058,EXECUTE,0,CYCLES,BACKEND,SUB-EVENT,_MatMul_5_post_reshape:OpId_143 (cycles)
358253648058,EXECUTE,0,CYCLES,BACKEND,SUB-EVENT,_MatMul_5_output_0_nfc:OpId_145 (cycles)
358253648058,EXECUTE,2675,CYCLES,BACKEND,SUB-EVENT,_Add_7:OpId_147 (cycles)
358253648058,EXECUTE,0,CYCLES,BACKEND,SUB-EVENT,_Add_7_output_0_ncf:OpId_150 (cycles)
358253648058,EXECUTE,12027,CYCLES,BACKEND,SUB-EVENT,rms_norm__Mul_11_output_0:OpId_155 (cycles)
358253648058,EXECUTE,0,CYCLES,BACKEND,SUB-EVENT,_MatMul_7_pre_reshape:OpId_158 (cycles)
358253648058,EXECUTE,0,CYCLES,BACKEND,SUB-EVENT,_MatMul_6_pre_reshape:OpId_159 (cycles)
358253648058,EXECUTE,88625,CYCLES,BACKEND,SUB-EVENT,_MatMul_6:OpId_161 (cycles)
358253648058,EXECUTE,0,CYCLES,BACKEND,SUB-EVENT,_MatMul_6_post_reshape:OpId_164 (cycles)
358253648058,EXECUTE,81782,CYCLES,BACKEND,SUB-EVENT,_MatMul_7:OpId_166 (cycles)
358253648058,EXECUTE,0,CYCLES,BACKEND,SUB-EVENT,_MatMul_7_post_reshape:OpId_169 (cycles)
358253648058,EXECUTE,0,CYCLES,BACKEND,SUB-EVENT,_Sigmoid:OpId_170 (cycles)
358253648058,EXECUTE,169210,CYCLES,BACKEND,SUB-EVENT,_Mul_12:OpId_177 (cycles)
358253648058,EXECUTE,72128,CYCLES,BACKEND,SUB-EVENT,_Mul_13:OpId_179 (cycles)
358253648058,EXECUTE,0,CYCLES,BACKEND,SUB-EVENT,_MatMul_8_pre_reshape:OpId_181 (cycles)
358253648058,EXECUTE,141121,CYCLES,BACKEND,SUB-EVENT,_MatMul_8:OpId_183 (cycles)
358253648058,EXECUTE,0,CYCLES,BACKEND,SUB-EVENT,_MatMul_8_post_reshape:OpId_186 (cycles)
358253648058,EXECUTE,0,CYCLES,BACKEND,SUB-EVENT,_MatMul_8_output_0_nfc:OpId_188 (cycles)
358253648058,EXECUTE,7180,CYCLES,BACKEND,SUB-EVENT,_Add_9:OpId_190 (cycles)
358253648058,EXECUTE,34169,CYCLES,BACKEND,SUB-EVENT,hidden_out_ncf:OpId_193 (cycles)
358253648058,EXECUTE,10667,CYCLES,BACKEND,SUB-EVENT,Output OpId_3 (cycles)
358253648058,EXECUTE,3802,US,BACKEND,ROOT,Accelerator (execute) time
358253648058,EXECUTE,1970,US,BACKEND,ROOT,Accelerator (execute excluding wait) time
358253648058,EXECUTE,11999,US,BACKEND,ROOT,QNN (execute) time
358253669242,EXECUTE,15014,US,NETRUN,ROOT,Graph 0: qwen2_0_5b_layer0_prefill_seq16
358253669242,EXECUTE,4,COUNT,BACKEND,ROOT,Number of HVX threads used
358253669242,EXECUTE,14535,US,BACKEND,ROOT,RPC (execute) time
358253669242,EXECUTE,11913,US,BACKEND,ROOT,QNN accelerator (execute) time
358253669242,EXECUTE,0,COUNT,BACKEND,ROOT,Num times yield occured
358253669242,EXECUTE,7418,US,BACKEND,ROOT,Time for initial VTCM acquire
358253669242,EXECUTE,5078,US,BACKEND,ROOT,Time for HVX + HMX power on and acquire
358253669242,EXECUTE,2314709,CYCLES,BACKEND,ROOT,Accelerator (execute) time (cycles)
358253669242,EXECUTE,2817,CYCLES,BACKEND,SUB-EVENT,Input OpId_2 (cycles)
358253669242,EXECUTE,0,CYCLES,BACKEND,SUB-EVENT,hidden_states_nfc:OpId_17 (cycles)
358253669242,EXECUTE,182270,CYCLES,BACKEND,SUB-EVENT,rms_norm__Mul_1_output_0:OpId_22 (cycles)
358253669242,EXECUTE,0,CYCLES,BACKEND,SUB-EVENT,_MatMul_2_pre_reshape:OpId_25 (cycles)
358253669242,EXECUTE,0,CYCLES,BACKEND,SUB-EVENT,_MatMul_1_pre_reshape:OpId_26 (cycles)
358253669242,EXECUTE,0,CYCLES,BACKEND,SUB-EVENT,_MatMul_pre_reshape:OpId_27 (cycles)
358253669242,EXECUTE,0,CYCLES,BACKEND,SUB-EVENT,_MatMul:OpId_30 (cycles)
358253669242,EXECUTE,0,CYCLES,BACKEND,SUB-EVENT,_MatMul_post_reshape:OpId_32 (cycles)
358253669242,EXECUTE,0,CYCLES,BACKEND,SUB-EVENT,_MatMul_1:OpId_35 (cycles)
358253669242,EXECUTE,0,CYCLES,BACKEND,SUB-EVENT,_MatMul_1_post_reshape:OpId_37 (cycles)
358253669242,EXECUTE,0,CYCLES,BACKEND,SUB-EVENT,_MatMul_2:OpId_40 (cycles)
358253669242,EXECUTE,0,CYCLES,BACKEND,SUB-EVENT,_MatMul_2_post_reshape:OpId_42 (cycles)
358253669242,EXECUTE,73946,CYCLES,BACKEND,SUB-EVENT,_Transpose:OpId_44 (cycles)
358253669242,EXECUTE,23841,CYCLES,BACKEND,SUB-EVENT,_Transpose_1:OpId_46 (cycles)
358253669242,EXECUTE,41260,CYCLES,BACKEND,SUB-EVENT,_Transpose_2:OpId_48 (cycles)
358253669242,EXECUTE,22711,CYCLES,BACKEND,SUB-EVENT,_Slice:OpId_50 (cycles)
358253669242,EXECUTE,7768,CYCLES,BACKEND,SUB-EVENT,_Slice_1:OpId_56 (cycles)
358253669242,EXECUTE,15074,CYCLES,BACKEND,SUB-EVENT,_Mul_2:OpId_62 (cycles)
358253669242,EXECUTE,4908,CYCLES,BACKEND,SUB-EVENT,_Mul_3:OpId_65 (cycles)
358253669242,EXECUTE,946,CYCLES,BACKEND,SUB-EVENT,_Sub:OpId_67 (cycles)
358253669242,EXECUTE,10583,CYCLES,BACKEND,SUB-EVENT,_Mul_4:OpId_69 (cycles)
358253669242,EXECUTE,4765,CYCLES,BACKEND,SUB-EVENT,_Mul_5:OpId_71 (cycles)
358253669242,EXECUTE,4838,CYCLES,BACKEND,SUB-EVENT,_Add_4:OpId_73 (cycles)
358253669242,EXECUTE,0,CYCLES,BACKEND,SUB-EVENT,_Unsqueeze:OpId_75 (cycles)
358253669242,EXECUTE,0,CYCLES,BACKEND,SUB-EVENT,_Unsqueeze_1:OpId_76 (cycles)
358253669242,EXECUTE,2626,CYCLES,BACKEND,SUB-EVENT,_Concat:OpId_77 (cycles)
358253669242,EXECUTE,0,CYCLES,BACKEND,SUB-EVENT,_Reshape_3:OpId_79 (cycles)
358253669242,EXECUTE,91197,CYCLES,BACKEND,SUB-EVENT,_Slice_3:OpId_81 (cycles)
358253669242,EXECUTE,7971,CYCLES,BACKEND,SUB-EVENT,_Slice_4:OpId_87 (cycles)
358253669242,EXECUTE,33405,CYCLES,BACKEND,SUB-EVENT,_Mul_6:OpId_92 (cycles)
358253669242,EXECUTE,32926,CYCLES,BACKEND,SUB-EVENT,_Mul_7:OpId_94 (cycles)
358253669242,EXECUTE,969,CYCLES,BACKEND,SUB-EVENT,_Sub_1:OpId_96 (cycles)
358253669242,EXECUTE,33370,CYCLES,BACKEND,SUB-EVENT,_Mul_8:OpId_98 (cycles)
358253669242,EXECUTE,32870,CYCLES,BACKEND,SUB-EVENT,_Mul_9:OpId_100 (cycles)
358253669242,EXECUTE,1355,CYCLES,BACKEND,SUB-EVENT,_Add_5:OpId_102 (cycles)
358253669242,EXECUTE,0,CYCLES,BACKEND,SUB-EVENT,_Unsqueeze_2:OpId_104 (cycles)
358253669242,EXECUTE,0,CYCLES,BACKEND,SUB-EVENT,_Unsqueeze_3:OpId_105 (cycles)
358253669242,EXECUTE,3876,CYCLES,BACKEND,SUB-EVENT,_Concat_2:OpId_106 (cycles)
358253669242,EXECUTE,3986,CYCLES,BACKEND,SUB-EVENT,_Reshape_4:OpId_108 (cycles)
358253669242,EXECUTE,0,CYCLES,BACKEND,SUB-EVENT,_Unsqueeze_4:OpId_109 (cycles)
358253669242,EXECUTE,8117,CYCLES,BACKEND,SUB-EVENT,_Tile:OpId_111 (cycles)
358253669242,EXECUTE,0,CYCLES,BACKEND,SUB-EVENT,_Reshape_5:OpId_112 (cycles)
358253669242,EXECUTE,0,CYCLES,BACKEND,SUB-EVENT,_Unsqueeze_5:OpId_113 (cycles)
358253669242,EXECUTE,9843,CYCLES,BACKEND,SUB-EVENT,_Tile_1:OpId_115 (cycles)
358253669242,EXECUTE,0,CYCLES,BACKEND,SUB-EVENT,_Reshape_6:OpId_116 (cycles)
358253669242,EXECUTE,0,CYCLES,BACKEND,SUB-EVENT,_Transpose_3:OpId_118 (cycles)
358253669242,EXECUTE,113473,CYCLES,BACKEND,SUB-EVENT,_MatMul_3:OpId_119 (cycles)
358253669242,EXECUTE,32393,CYCLES,BACKEND,SUB-EVENT,_Div_1:OpId_124 (cycles)
358253669242,EXECUTE,10108,CYCLES,BACKEND,SUB-EVENT,_Add_6:OpId_127 (cycles)
358253669242,EXECUTE,71420,CYCLES,BACKEND,SUB-EVENT,_Softmax:OpId_129 (cycles)
358253669242,EXECUTE,54912,CYCLES,BACKEND,SUB-EVENT,_MatMul_4:OpId_132 (cycles)
358253669242,EXECUTE,0,CYCLES,BACKEND,SUB-EVENT,_Transpose_4:OpId_137 (cycles)
358253669242,EXECUTE,0,CYCLES,BACKEND,SUB-EVENT,_Reshape_7:OpId_138 (cycles)
358253669242,EXECUTE,20285,CYCLES,BACKEND,SUB-EVENT,_MatMul_5:OpId_140 (cycles)
358253669242,EXECUTE,0,CYCLES,BACKEND,SUB-EVENT,_MatMul_5_post_reshape:OpId_143 (cycles)
358253669242,EXECUTE,0,CYCLES,BACKEND,SUB-EVENT,_MatMul_5_output_0_nfc:OpId_145 (cycles)
358253669242,EXECUTE,2665,CYCLES,BACKEND,SUB-EVENT,_Add_7:OpId_147 (cycles)
358253669242,EXECUTE,0,CYCLES,BACKEND,SUB-EVENT,_Add_7_output_0_ncf:OpId_150 (cycles)
358253669242,EXECUTE,12094,CYCLES,BACKEND,SUB-EVENT,rms_norm__Mul_11_output_0:OpId_155 (cycles)
358253669242,EXECUTE,0,CYCLES,BACKEND,SUB-EVENT,_MatMul_7_pre_reshape:OpId_158 (cycles)
358253669242,EXECUTE,0,CYCLES,BACKEND,SUB-EVENT,_MatMul_6_pre_reshape:OpId_159 (cycles)
358253669242,EXECUTE,184832,CYCLES,BACKEND,SUB-EVENT,_MatMul_6:OpId_161 (cycles)
358253669242,EXECUTE,0,CYCLES,BACKEND,SUB-EVENT,_MatMul_6_post_reshape:OpId_164 (cycles)
358253669242,EXECUTE,351138,CYCLES,BACKEND,SUB-EVENT,_MatMul_7:OpId_166 (cycles)
358253669242,EXECUTE,0,CYCLES,BACKEND,SUB-EVENT,_MatMul_7_post_reshape:OpId_169 (cycles)
358253669242,EXECUTE,0,CYCLES,BACKEND,SUB-EVENT,_Sigmoid:OpId_170 (cycles)
358253669242,EXECUTE,234641,CYCLES,BACKEND,SUB-EVENT,_Mul_12:OpId_177 (cycles)
358253669242,EXECUTE,113913,CYCLES,BACKEND,SUB-EVENT,_Mul_13:OpId_179 (cycles)
358253669242,EXECUTE,0,CYCLES,BACKEND,SUB-EVENT,_MatMul_8_pre_reshape:OpId_181 (cycles)
358253669242,EXECUTE,385467,CYCLES,BACKEND,SUB-EVENT,_MatMul_8:OpId_183 (cycles)
358253669242,EXECUTE,0,CYCLES,BACKEND,SUB-EVENT,_MatMul_8_post_reshape:OpId_186 (cycles)
358253669242,EXECUTE,0,CYCLES,BACKEND,SUB-EVENT,_MatMul_8_output_0_nfc:OpId_188 (cycles)
358253669242,EXECUTE,7224,CYCLES,BACKEND,SUB-EVENT,_Add_9:OpId_190 (cycles)
358253669242,EXECUTE,35344,CYCLES,BACKEND,SUB-EVENT,hidden_out_ncf:OpId_193 (cycles)
358253669242,EXECUTE,26562,CYCLES,BACKEND,SUB-EVENT,Output OpId_3 (cycles)
358253669242,EXECUTE,6089,US,BACKEND,ROOT,Accelerator (execute) time
358253669242,EXECUTE,4202,US,BACKEND,ROOT,Accelerator (execute excluding wait) time
358253669242,EXECUTE,14968,US,BACKEND,ROOT,QNN (execute) time
358253690481,EXECUTE,15343,US,NETRUN,ROOT,Graph 0: qwen2_0_5b_layer0_prefill_seq16
358253690481,EXECUTE,4,COUNT,BACKEND,ROOT,Number of HVX threads used
358253690481,EXECUTE,14863,US,BACKEND,ROOT,RPC (execute) time
358253690481,EXECUTE,12310,US,BACKEND,ROOT,QNN accelerator (execute) time
358253690481,EXECUTE,0,COUNT,BACKEND,ROOT,Num times yield occured
358253690481,EXECUTE,7601,US,BACKEND,ROOT,Time for initial VTCM acquire
358253690481,EXECUTE,5232,US,BACKEND,ROOT,Time for HVX + HMX power on and acquire
358253690481,EXECUTE,2281636,CYCLES,BACKEND,ROOT,Accelerator (execute) time (cycles)
358253690481,EXECUTE,3201,CYCLES,BACKEND,SUB-EVENT,Input OpId_2 (cycles)
358253690481,EXECUTE,0,CYCLES,BACKEND,SUB-EVENT,hidden_states_nfc:OpId_17 (cycles)
358253690481,EXECUTE,200843,CYCLES,BACKEND,SUB-EVENT,rms_norm__Mul_1_output_0:OpId_22 (cycles)
358253690481,EXECUTE,0,CYCLES,BACKEND,SUB-EVENT,_MatMul_2_pre_reshape:OpId_25 (cycles)
358253690481,EXECUTE,0,CYCLES,BACKEND,SUB-EVENT,_MatMul_1_pre_reshape:OpId_26 (cycles)
358253690481,EXECUTE,0,CYCLES,BACKEND,SUB-EVENT,_MatMul_pre_reshape:OpId_27 (cycles)
358253690481,EXECUTE,0,CYCLES,BACKEND,SUB-EVENT,_MatMul:OpId_30 (cycles)
358253690481,EXECUTE,0,CYCLES,BACKEND,SUB-EVENT,_MatMul_post_reshape:OpId_32 (cycles)
358253690481,EXECUTE,0,CYCLES,BACKEND,SUB-EVENT,_MatMul_1:OpId_35 (cycles)
358253690481,EXECUTE,0,CYCLES,BACKEND,SUB-EVENT,_MatMul_1_post_reshape:OpId_37 (cycles)
358253690481,EXECUTE,0,CYCLES,BACKEND,SUB-EVENT,_MatMul_2:OpId_40 (cycles)
358253690481,EXECUTE,0,CYCLES,BACKEND,SUB-EVENT,_MatMul_2_post_reshape:OpId_42 (cycles)
358253690481,EXECUTE,79320,CYCLES,BACKEND,SUB-EVENT,_Transpose:OpId_44 (cycles)
358253690481,EXECUTE,28908,CYCLES,BACKEND,SUB-EVENT,_Transpose_1:OpId_46 (cycles)
358253690481,EXECUTE,34645,CYCLES,BACKEND,SUB-EVENT,_Transpose_2:OpId_48 (cycles)
358253690481,EXECUTE,22375,CYCLES,BACKEND,SUB-EVENT,_Slice:OpId_50 (cycles)
358253690481,EXECUTE,7698,CYCLES,BACKEND,SUB-EVENT,_Slice_1:OpId_56 (cycles)
358253690481,EXECUTE,15064,CYCLES,BACKEND,SUB-EVENT,_Mul_2:OpId_62 (cycles)
358253690481,EXECUTE,4833,CYCLES,BACKEND,SUB-EVENT,_Mul_3:OpId_65 (cycles)
358253690481,EXECUTE,945,CYCLES,BACKEND,SUB-EVENT,_Sub:OpId_67 (cycles)
358253690481,EXECUTE,10683,CYCLES,BACKEND,SUB-EVENT,_Mul_4:OpId_69 (cycles)
358253690481,EXECUTE,4836,CYCLES,BACKEND,SUB-EVENT,_Mul_5:OpId_71 (cycles)
358253690481,EXECUTE,6018,CYCLES,BACKEND,SUB-EVENT,_Add_4:OpId_73 (cycles)
358253690481,EXECUTE,0,CYCLES,BACKEND,SUB-EVENT,_Unsqueeze:OpId_75 (cycles)
358253690481,EXECUTE,0,CYCLES,BACKEND,SUB-EVENT,_Unsqueeze_1:OpId_76 (cycles)
358253690481,EXECUTE,2648,CYCLES,BACKEND,SUB-EVENT,_Concat:OpId_77 (cycles)
358253690481,EXECUTE,0,CYCLES,BACKEND,SUB-EVENT,_Reshape_3:OpId_79 (cycles)
358253690481,EXECUTE,99079,CYCLES,BACKEND,SUB-EVENT,_Slice_3:OpId_81 (cycles)
358253690481,EXECUTE,9425,CYCLES,BACKEND,SUB-EVENT,_Slice_4:OpId_87 (cycles)
358253690481,EXECUTE,25459,CYCLES,BACKEND,SUB-EVENT,_Mul_6:OpId_92 (cycles)
358253690481,EXECUTE,25059,CYCLES,BACKEND,SUB-EVENT,_Mul_7:OpId_94 (cycles)
358253690481,EXECUTE,963,CYCLES,BACKEND,SUB-EVENT,_Sub_1:OpId_96 (cycles)
358253690481,EXECUTE,25401,CYCLES,BACKEND,SUB-EVENT,_Mul_8:OpId_98 (cycles)
358253690481,EXECUTE,24993,CYCLES,BACKEND,SUB-EVENT,_Mul_9:OpId_100 (cycles)
358253690481,EXECUTE,1335,CYCLES,BACKEND,SUB-EVENT,_Add_5:OpId_102 (cycles)
358253690481,EXECUTE,0,CYCLES,BACKEND,SUB-EVENT,_Unsqueeze_2:OpId_104 (cycles)
358253690481,EXECUTE,0,CYCLES,BACKEND,SUB-EVENT,_Unsqueeze_3:OpId_105 (cycles)
358253690481,EXECUTE,3139,CYCLES,BACKEND,SUB-EVENT,_Concat_2:OpId_106 (cycles)
358253690481,EXECUTE,3593,CYCLES,BACKEND,SUB-EVENT,_Reshape_4:OpId_108 (cycles)
358253690481,EXECUTE,0,CYCLES,BACKEND,SUB-EVENT,_Unsqueeze_4:OpId_109 (cycles)
358253690481,EXECUTE,7343,CYCLES,BACKEND,SUB-EVENT,_Tile:OpId_111 (cycles)
358253690481,EXECUTE,0,CYCLES,BACKEND,SUB-EVENT,_Reshape_5:OpId_112 (cycles)
358253690481,EXECUTE,0,CYCLES,BACKEND,SUB-EVENT,_Unsqueeze_5:OpId_113 (cycles)
358253690481,EXECUTE,9788,CYCLES,BACKEND,SUB-EVENT,_Tile_1:OpId_115 (cycles)
358253690481,EXECUTE,0,CYCLES,BACKEND,SUB-EVENT,_Reshape_6:OpId_116 (cycles)
358253690481,EXECUTE,0,CYCLES,BACKEND,SUB-EVENT,_Transpose_3:OpId_118 (cycles)
358253690481,EXECUTE,111614,CYCLES,BACKEND,SUB-EVENT,_MatMul_3:OpId_119 (cycles)
358253690481,EXECUTE,38176,CYCLES,BACKEND,SUB-EVENT,_Div_1:OpId_124 (cycles)
358253690481,EXECUTE,8003,CYCLES,BACKEND,SUB-EVENT,_Add_6:OpId_127 (cycles)
358253690481,EXECUTE,58500,CYCLES,BACKEND,SUB-EVENT,_Softmax:OpId_129 (cycles)
358253690481,EXECUTE,56665,CYCLES,BACKEND,SUB-EVENT,_MatMul_4:OpId_132 (cycles)
358253690481,EXECUTE,0,CYCLES,BACKEND,SUB-EVENT,_Transpose_4:OpId_137 (cycles)
358253690481,EXECUTE,0,CYCLES,BACKEND,SUB-EVENT,_Reshape_7:OpId_138 (cycles)
358253690481,EXECUTE,21405,CYCLES,BACKEND,SUB-EVENT,_MatMul_5:OpId_140 (cycles)
358253690481,EXECUTE,0,CYCLES,BACKEND,SUB-EVENT,_MatMul_5_post_reshape:OpId_143 (cycles)
358253690481,EXECUTE,0,CYCLES,BACKEND,SUB-EVENT,_MatMul_5_output_0_nfc:OpId_145 (cycles)
358253690481,EXECUTE,2663,CYCLES,BACKEND,SUB-EVENT,_Add_7:OpId_147 (cycles)
358253690481,EXECUTE,0,CYCLES,BACKEND,SUB-EVENT,_Add_7_output_0_ncf:OpId_150 (cycles)
358253690481,EXECUTE,16512,CYCLES,BACKEND,SUB-EVENT,rms_norm__Mul_11_output_0:OpId_155 (cycles)
358253690481,EXECUTE,0,CYCLES,BACKEND,SUB-EVENT,_MatMul_7_pre_reshape:OpId_158 (cycles)
358253690481,EXECUTE,0,CYCLES,BACKEND,SUB-EVENT,_MatMul_6_pre_reshape:OpId_159 (cycles)
358253690481,EXECUTE,179522,CYCLES,BACKEND,SUB-EVENT,_MatMul_6:OpId_161 (cycles)
358253690481,EXECUTE,0,CYCLES,BACKEND,SUB-EVENT,_MatMul_6_post_reshape:OpId_164 (cycles)
358253690481,EXECUTE,355218,CYCLES,BACKEND,SUB-EVENT,_MatMul_7:OpId_166 (cycles)
358253690481,EXECUTE,0,CYCLES,BACKEND,SUB-EVENT,_MatMul_7_post_reshape:OpId_169 (cycles)
358253690481,EXECUTE,0,CYCLES,BACKEND,SUB-EVENT,_Sigmoid:OpId_170 (cycles)
358253690481,EXECUTE,213798,CYCLES,BACKEND,SUB-EVENT,_Mul_12:OpId_177 (cycles)
358253690481,EXECUTE,98062,CYCLES,BACKEND,SUB-EVENT,_Mul_13:OpId_179 (cycles)
358253690481,EXECUTE,0,CYCLES,BACKEND,SUB-EVENT,_MatMul_8_pre_reshape:OpId_181 (cycles)
358253690481,EXECUTE,387214,CYCLES,BACKEND,SUB-EVENT,_MatMul_8:OpId_183 (cycles)
358253690481,EXECUTE,0,CYCLES,BACKEND,SUB-EVENT,_MatMul_8_post_reshape:OpId_186 (cycles)
358253690481,EXECUTE,0,CYCLES,BACKEND,SUB-EVENT,_MatMul_8_output_0_nfc:OpId_188 (cycles)
358253690481,EXECUTE,7187,CYCLES,BACKEND,SUB-EVENT,_Add_9:OpId_190 (cycles)
358253690481,EXECUTE,38473,CYCLES,BACKEND,SUB-EVENT,hidden_out_ncf:OpId_193 (cycles)
358253690481,EXECUTE,31030,CYCLES,BACKEND,SUB-EVENT,Output OpId_3 (cycles)
358253690481,EXECUTE,6122,US,BACKEND,ROOT,Accelerator (execute) time
358253690481,EXECUTE,4215,US,BACKEND,ROOT,Accelerator (execute excluding wait) time
358253690481,EXECUTE,15295,US,BACKEND,ROOT,QNN (execute) time
358253711659,EXECUTE,15241,US,NETRUN,ROOT,Graph 0: qwen2_0_5b_layer0_prefill_seq16
358253711659,EXECUTE,4,COUNT,BACKEND,ROOT,Number of HVX threads used
358253711659,EXECUTE,14643,US,BACKEND,ROOT,RPC (execute) time
358253711659,EXECUTE,12206,US,BACKEND,ROOT,QNN accelerator (execute) time
358253711659,EXECUTE,0,COUNT,BACKEND,ROOT,Num times yield occured
358253711659,EXECUTE,7359,US,BACKEND,ROOT,Time for initial VTCM acquire
358253711659,EXECUTE,4945,US,BACKEND,ROOT,Time for HVX + HMX power on and acquire
358253711659,EXECUTE,2303315,CYCLES,BACKEND,ROOT,Accelerator (execute) time (cycles)
358253711659,EXECUTE,9000,CYCLES,BACKEND,SUB-EVENT,Input OpId_2 (cycles)
358253711659,EXECUTE,0,CYCLES,BACKEND,SUB-EVENT,hidden_states_nfc:OpId_17 (cycles)
358253711659,EXECUTE,188246,CYCLES,BACKEND,SUB-EVENT,rms_norm__Mul_1_output_0:OpId_22 (cycles)
358253711659,EXECUTE,0,CYCLES,BACKEND,SUB-EVENT,_MatMul_2_pre_reshape:OpId_25 (cycles)
358253711659,EXECUTE,0,CYCLES,BACKEND,SUB-EVENT,_MatMul_1_pre_reshape:OpId_26 (cycles)
358253711659,EXECUTE,0,CYCLES,BACKEND,SUB-EVENT,_MatMul_pre_reshape:OpId_27 (cycles)
358253711659,EXECUTE,0,CYCLES,BACKEND,SUB-EVENT,_MatMul:OpId_30 (cycles)
358253711659,EXECUTE,0,CYCLES,BACKEND,SUB-EVENT,_MatMul_post_reshape:OpId_32 (cycles)
358253711659,EXECUTE,0,CYCLES,BACKEND,SUB-EVENT,_MatMul_1:OpId_35 (cycles)
358253711659,EXECUTE,0,CYCLES,BACKEND,SUB-EVENT,_MatMul_1_post_reshape:OpId_37 (cycles)
358253711659,EXECUTE,0,CYCLES,BACKEND,SUB-EVENT,_MatMul_2:OpId_40 (cycles)
358253711659,EXECUTE,0,CYCLES,BACKEND,SUB-EVENT,_MatMul_2_post_reshape:OpId_42 (cycles)
358253711659,EXECUTE,29692,CYCLES,BACKEND,SUB-EVENT,_Transpose:OpId_44 (cycles)
358253711659,EXECUTE,9990,CYCLES,BACKEND,SUB-EVENT,_Transpose_1:OpId_46 (cycles)
358253711659,EXECUTE,30463,CYCLES,BACKEND,SUB-EVENT,_Transpose_2:OpId_48 (cycles)
358253711659,EXECUTE,22313,CYCLES,BACKEND,SUB-EVENT,_Slice:OpId_50 (cycles)
358253711659,EXECUTE,7336,CYCLES,BACKEND,SUB-EVENT,_Slice_1:OpId_56 (cycles)
358253711659,EXECUTE,18457,CYCLES,BACKEND,SUB-EVENT,_Mul_2:OpId_62 (cycles)
358253711659,EXECUTE,4944,CYCLES,BACKEND,SUB-EVENT,_Mul_3:OpId_65 (cycles)
358253711659,EXECUTE,964,CYCLES,BACKEND,SUB-EVENT,_Sub:OpId_67 (cycles)
358253711659,EXECUTE,12576,CYCLES,BACKEND,SUB-EVENT,_Mul_4:OpId_69 (cycles)
358253711659,EXECUTE,4801,CYCLES,BACKEND,SUB-EVENT,_Mul_5:OpId_71 (cycles)
358253711659,EXECUTE,1442,CYCLES,BACKEND,SUB-EVENT,_Add_4:OpId_73 (cycles)
358253711659,EXECUTE,0,CYCLES,BACKEND,SUB-EVENT,_Unsqueeze:OpId_75 (cycles)
358253711659,EXECUTE,0,CYCLES,BACKEND,SUB-EVENT,_Unsqueeze_1:OpId_76 (cycles)
358253711659,EXECUTE,2706,CYCLES,BACKEND,SUB-EVENT,_Concat:OpId_77 (cycles)
358253711659,EXECUTE,0,CYCLES,BACKEND,SUB-EVENT,_Reshape_3:OpId_79 (cycles)
358253711659,EXECUTE,89398,CYCLES,BACKEND,SUB-EVENT,_Slice_3:OpId_81 (cycles)
358253711659,EXECUTE,8222,CYCLES,BACKEND,SUB-EVENT,_Slice_4:OpId_87 (cycles)
358253711659,EXECUTE,29828,CYCLES,BACKEND,SUB-EVENT,_Mul_6:OpId_92 (cycles)
358253711659,EXECUTE,29565,CYCLES,BACKEND,SUB-EVENT,_Mul_7:OpId_94 (cycles)
358253711659,EXECUTE,4570,CYCLES,BACKEND,SUB-EVENT,_Sub_1:OpId_96 (cycles)
358253711659,EXECUTE,29773,CYCLES,BACKEND,SUB-EVENT,_Mul_8:OpId_98 (cycles)
358253711659,EXECUTE,29499,CYCLES,BACKEND,SUB-EVENT,_Mul_9:OpId_100 (cycles)
358253711659,EXECUTE,2225,CYCLES,BACKEND,SUB-EVENT,_Add_5:OpId_102 (cycles)
358253711659,EXECUTE,0,CYCLES,BACKEND,SUB-EVENT,_Unsqueeze_2:OpId_104 (cycles)
358253711659,EXECUTE,0,CYCLES,BACKEND,SUB-EVENT,_Unsqueeze_3:OpId_105 (cycles)
358253711659,EXECUTE,6927,CYCLES,BACKEND,SUB-EVENT,_Concat_2:OpId_106 (cycles)
358253711659,EXECUTE,3659,CYCLES,BACKEND,SUB-EVENT,_Reshape_4:OpId_108 (cycles)
358253711659,EXECUTE,0,CYCLES,BACKEND,SUB-EVENT,_Unsqueeze_4:OpId_109 (cycles)
358253711659,EXECUTE,9140,CYCLES,BACKEND,SUB-EVENT,_Tile:OpId_111 (cycles)
358253711659,EXECUTE,0,CYCLES,BACKEND,SUB-EVENT,_Reshape_5:OpId_112 (cycles)
358253711659,EXECUTE,0,CYCLES,BACKEND,SUB-EVENT,_Unsqueeze_5:OpId_113 (cycles)
358253711659,EXECUTE,10500,CYCLES,BACKEND,SUB-EVENT,_Tile_1:OpId_115 (cycles)
358253711659,EXECUTE,0,CYCLES,BACKEND,SUB-EVENT,_Reshape_6:OpId_116 (cycles)
358253711659,EXECUTE,0,CYCLES,BACKEND,SUB-EVENT,_Transpose_3:OpId_118 (cycles)
358253711659,EXECUTE,156961,CYCLES,BACKEND,SUB-EVENT,_MatMul_3:OpId_119 (cycles)
358253711659,EXECUTE,24402,CYCLES,BACKEND,SUB-EVENT,_Div_1:OpId_124 (cycles)
358253711659,EXECUTE,3761,CYCLES,BACKEND,SUB-EVENT,_Add_6:OpId_127 (cycles)
358253711659,EXECUTE,122145,CYCLES,BACKEND,SUB-EVENT,_Softmax:OpId_129 (cycles)
358253711659,EXECUTE,41471,CYCLES,BACKEND,SUB-EVENT,_MatMul_4:OpId_132 (cycles)
358253711659,EXECUTE,0,CYCLES,BACKEND,SUB-EVENT,_Transpose_4:OpId_137 (cycles)
358253711659,EXECUTE,0,CYCLES,BACKEND,SUB-EVENT,_Reshape_7:OpId_138 (cycles)
358253711659,EXECUTE,10900,CYCLES,BACKEND,SUB-EVENT,_MatMul_5:OpId_140 (cycles)
358253711659,EXECUTE,0,CYCLES,BACKEND,SUB-EVENT,_MatMul_5_post_reshape:OpId_143 (cycles)
358253711659,EXECUTE,0,CYCLES,BACKEND,SUB-EVENT,_MatMul_5_output_0_nfc:OpId_145 (cycles)
358253711659,EXECUTE,2664,CYCLES,BACKEND,SUB-EVENT,_Add_7:OpId_147 (cycles)
358253711659,EXECUTE,0,CYCLES,BACKEND,SUB-EVENT,_Add_7_output_0_ncf:OpId_150 (cycles)
358253711659,EXECUTE,12566,CYCLES,BACKEND,SUB-EVENT,rms_norm__Mul_11_output_0:OpId_155 (cycles)
358253711659,EXECUTE,0,CYCLES,BACKEND,SUB-EVENT,_MatMul_7_pre_reshape:OpId_158 (cycles)
358253711659,EXECUTE,0,CYCLES,BACKEND,SUB-EVENT,_MatMul_6_pre_reshape:OpId_159 (cycles)
358253711659,EXECUTE,217470,CYCLES,BACKEND,SUB-EVENT,_MatMul_6:OpId_161 (cycles)
358253711659,EXECUTE,0,CYCLES,BACKEND,SUB-EVENT,_MatMul_6_post_reshape:OpId_164 (cycles)
358253711659,EXECUTE,350868,CYCLES,BACKEND,SUB-EVENT,_MatMul_7:OpId_166 (cycles)
358253711659,EXECUTE,0,CYCLES,BACKEND,SUB-EVENT,_MatMul_7_post_reshape:OpId_169 (cycles)
358253711659,EXECUTE,0,CYCLES,BACKEND,SUB-EVENT,_Sigmoid:OpId_170 (cycles)
358253711659,EXECUTE,201455,CYCLES,BACKEND,SUB-EVENT,_Mul_12:OpId_177 (cycles)
358253711659,EXECUTE,106372,CYCLES,BACKEND,SUB-EVENT,_Mul_13:OpId_179 (cycles)
358253711659,EXECUTE,0,CYCLES,BACKEND,SUB-EVENT,_MatMul_8_pre_reshape:OpId_181 (cycles)
358253711659,EXECUTE,384927,CYCLES,BACKEND,SUB-EVENT,_MatMul_8:OpId_183 (cycles)
358253711659,EXECUTE,0,CYCLES,BACKEND,SUB-EVENT,_MatMul_8_post_reshape:OpId_186 (cycles)
358253711659,EXECUTE,0,CYCLES,BACKEND,SUB-EVENT,_MatMul_8_output_0_nfc:OpId_188 (cycles)
358253711659,EXECUTE,7189,CYCLES,BACKEND,SUB-EVENT,_Add_9:OpId_190 (cycles)
358253711659,EXECUTE,39175,CYCLES,BACKEND,SUB-EVENT,hidden_out_ncf:OpId_193 (cycles)
358253711659,EXECUTE,24753,CYCLES,BACKEND,SUB-EVENT,Output OpId_3 (cycles)
358253711659,EXECUTE,6020,US,BACKEND,ROOT,Accelerator (execute) time
358253711659,EXECUTE,4129,US,BACKEND,ROOT,Accelerator (execute excluding wait) time
358253711659,EXECUTE,15198,US,BACKEND,ROOT,QNN (execute) time
358253732738,EXECUTE,14826,US,NETRUN,ROOT,Graph 0: qwen2_0_5b_layer0_prefill_seq16
358253732738,EXECUTE,4,COUNT,BACKEND,ROOT,Number of HVX threads used
358253732738,EXECUTE,14361,US,BACKEND,ROOT,RPC (execute) time
358253732738,EXECUTE,12178,US,BACKEND,ROOT,QNN accelerator (execute) time
358253732738,EXECUTE,0,COUNT,BACKEND,ROOT,Num times yield occured
358253732738,EXECUTE,7496,US,BACKEND,ROOT,Time for initial VTCM acquire
358253732738,EXECUTE,5185,US,BACKEND,ROOT,Time for HVX + HMX power on and acquire
358253732738,EXECUTE,2179109,CYCLES,BACKEND,ROOT,Accelerator (execute) time (cycles)
358253732738,EXECUTE,3117,CYCLES,BACKEND,SUB-EVENT,Input OpId_2 (cycles)
358253732738,EXECUTE,0,CYCLES,BACKEND,SUB-EVENT,hidden_states_nfc:OpId_17 (cycles)
358253732738,EXECUTE,159223,CYCLES,BACKEND,SUB-EVENT,rms_norm__Mul_1_output_0:OpId_22 (cycles)
358253732738,EXECUTE,0,CYCLES,BACKEND,SUB-EVENT,_MatMul_2_pre_reshape:OpId_25 (cycles)
358253732738,EXECUTE,0,CYCLES,BACKEND,SUB-EVENT,_MatMul_1_pre_reshape:OpId_26 (cycles)
358253732738,EXECUTE,0,CYCLES,BACKEND,SUB-EVENT,_MatMul_pre_reshape:OpId_27 (cycles)
358253732738,EXECUTE,0,CYCLES,BACKEND,SUB-EVENT,_MatMul:OpId_30 (cycles)
358253732738,EXECUTE,0,CYCLES,BACKEND,SUB-EVENT,_MatMul_post_reshape:OpId_32 (cycles)
358253732738,EXECUTE,0,CYCLES,BACKEND,SUB-EVENT,_MatMul_1:OpId_35 (cycles)
358253732738,EXECUTE,0,CYCLES,BACKEND,SUB-EVENT,_MatMul_1_post_reshape:OpId_37 (cycles)
358253732738,EXECUTE,0,CYCLES,BACKEND,SUB-EVENT,_MatMul_2:OpId_40 (cycles)
358253732738,EXECUTE,0,CYCLES,BACKEND,SUB-EVENT,_MatMul_2_post_reshape:OpId_42 (cycles)
358253732738,EXECUTE,34207,CYCLES,BACKEND,SUB-EVENT,_Transpose:OpId_44 (cycles)
358253732738,EXECUTE,18839,CYCLES,BACKEND,SUB-EVENT,_Transpose_1:OpId_46 (cycles)
358253732738,EXECUTE,34170,CYCLES,BACKEND,SUB-EVENT,_Transpose_2:OpId_48 (cycles)
358253732738,EXECUTE,23432,CYCLES,BACKEND,SUB-EVENT,_Slice:OpId_50 (cycles)
358253732738,EXECUTE,7558,CYCLES,BACKEND,SUB-EVENT,_Slice_1:OpId_56 (cycles)
358253732738,EXECUTE,6503,CYCLES,BACKEND,SUB-EVENT,_Mul_2:OpId_62 (cycles)
358253732738,EXECUTE,5011,CYCLES,BACKEND,SUB-EVENT,_Mul_3:OpId_65 (cycles)
358253732738,EXECUTE,941,CYCLES,BACKEND,SUB-EVENT,_Sub:OpId_67 (cycles)
358253732738,EXECUTE,5994,CYCLES,BACKEND,SUB-EVENT,_Mul_4:OpId_69 (cycles)
358253732738,EXECUTE,4843,CYCLES,BACKEND,SUB-EVENT,_Mul_5:OpId_71 (cycles)
358253732738,EXECUTE,1489,CYCLES,BACKEND,SUB-EVENT,_Add_4:OpId_73 (cycles)
358253732738,EXECUTE,0,CYCLES,BACKEND,SUB-EVENT,_Unsqueeze:OpId_75 (cycles)
358253732738,EXECUTE,0,CYCLES,BACKEND,SUB-EVENT,_Unsqueeze_1:OpId_76 (cycles)
358253732738,EXECUTE,2702,CYCLES,BACKEND,SUB-EVENT,_Concat:OpId_77 (cycles)
358253732738,EXECUTE,0,CYCLES,BACKEND,SUB-EVENT,_Reshape_3:OpId_79 (cycles)
358253732738,EXECUTE,50469,CYCLES,BACKEND,SUB-EVENT,_Slice_3:OpId_81 (cycles)
358253732738,EXECUTE,5448,CYCLES,BACKEND,SUB-EVENT,_Slice_4:OpId_87 (cycles)
358253732738,EXECUTE,8450,CYCLES,BACKEND,SUB-EVENT,_Mul_6:OpId_92 (cycles)
358253732738,EXECUTE,8046,CYCLES,BACKEND,SUB-EVENT,_Mul_7:OpId_94 (cycles)
358253732738,EXECUTE,971,CYCLES,BACKEND,SUB-EVENT,_Sub_1:OpId_96 (cycles)
358253732738,EXECUTE,8431,CYCLES,BACKEND,SUB-EVENT,_Mul_8:OpId_98 (cycles)
358253732738,EXECUTE,7908,CYCLES,BACKEND,SUB-EVENT,_Mul_9:OpId_100 (cycles)
358253732738,EXECUTE,1193,CYCLES,BACKEND,SUB-EVENT,_Add_5:OpId_102 (cycles)
358253732738,EXECUTE,0,CYCLES,BACKEND,SUB-EVENT,_Unsqueeze_2:OpId_104 (cycles)
358253732738,EXECUTE,0,CYCLES,BACKEND,SUB-EVENT,_Unsqueeze_3:OpId_105 (cycles)
358253732738,EXECUTE,3512,CYCLES,BACKEND,SUB-EVENT,_Concat_2:OpId_106 (cycles)
358253732738,EXECUTE,4753,CYCLES,BACKEND,SUB-EVENT,_Reshape_4:OpId_108 (cycles)
358253732738,EXECUTE,0,CYCLES,BACKEND,SUB-EVENT,_Unsqueeze_4:OpId_109 (cycles)
358253732738,EXECUTE,3068,CYCLES,BACKEND,SUB-EVENT,_Tile:OpId_111 (cycles)
358253732738,EXECUTE,0,CYCLES,BACKEND,SUB-EVENT,_Reshape_5:OpId_112 (cycles)
358253732738,EXECUTE,0,CYCLES,BACKEND,SUB-EVENT,_Unsqueeze_5:OpId_113 (cycles)
358253732738,EXECUTE,11025,CYCLES,BACKEND,SUB-EVENT,_Tile_1:OpId_115 (cycles)
358253732738,EXECUTE,0,CYCLES,BACKEND,SUB-EVENT,_Reshape_6:OpId_116 (cycles)
358253732738,EXECUTE,0,CYCLES,BACKEND,SUB-EVENT,_Transpose_3:OpId_118 (cycles)
358253732738,EXECUTE,80795,CYCLES,BACKEND,SUB-EVENT,_MatMul_3:OpId_119 (cycles)
358253732738,EXECUTE,11864,CYCLES,BACKEND,SUB-EVENT,_Div_1:OpId_124 (cycles)
358253732738,EXECUTE,3463,CYCLES,BACKEND,SUB-EVENT,_Add_6:OpId_127 (cycles)
358253732738,EXECUTE,61773,CYCLES,BACKEND,SUB-EVENT,_Softmax:OpId_129 (cycles)
358253732738,EXECUTE,32179,CYCLES,BACKEND,SUB-EVENT,_MatMul_4:OpId_132 (cycles)
358253732738,EXECUTE,0,CYCLES,BACKEND,SUB-EVENT,_Transpose_4:OpId_137 (cycles)
358253732738,EXECUTE,0,CYCLES,BACKEND,SUB-EVENT,_Reshape_7:OpId_138 (cycles)
358253732738,EXECUTE,10973,CYCLES,BACKEND,SUB-EVENT,_MatMul_5:OpId_140 (cycles)
358253732738,EXECUTE,0,CYCLES,BACKEND,SUB-EVENT,_MatMul_5_post_reshape:OpId_143 (cycles)
358253732738,EXECUTE,0,CYCLES,BACKEND,SUB-EVENT,_MatMul_5_output_0_nfc:OpId_145 (cycles)
358253732738,EXECUTE,2669,CYCLES,BACKEND,SUB-EVENT,_Add_7:OpId_147 (cycles)
358253732738,EXECUTE,0,CYCLES,BACKEND,SUB-EVENT,_Add_7_output_0_ncf:OpId_150 (cycles)
358253732738,EXECUTE,13544,CYCLES,BACKEND,SUB-EVENT,rms_norm__Mul_11_output_0:OpId_155 (cycles)
358253732738,EXECUTE,0,CYCLES,BACKEND,SUB-EVENT,_MatMul_7_pre_reshape:OpId_158 (cycles)
358253732738,EXECUTE,0,CYCLES,BACKEND,SUB-EVENT,_MatMul_6_pre_reshape:OpId_159 (cycles)
358253732738,EXECUTE,402736,CYCLES,BACKEND,SUB-EVENT,_MatMul_6:OpId_161 (cycles)
358253732738,EXECUTE,0,CYCLES,BACKEND,SUB-EVENT,_MatMul_6_post_reshape:OpId_164 (cycles)
358253732738,EXECUTE,346457,CYCLES,BACKEND,SUB-EVENT,_MatMul_7:OpId_166 (cycles)
358253732738,EXECUTE,0,CYCLES,BACKEND,SUB-EVENT,_MatMul_7_post_reshape:OpId_169 (cycles)
358253732738,EXECUTE,0,CYCLES,BACKEND,SUB-EVENT,_Sigmoid:OpId_170 (cycles)
358253732738,EXECUTE,226945,CYCLES,BACKEND,SUB-EVENT,_Mul_12:OpId_177 (cycles)
358253732738,EXECUTE,103327,CYCLES,BACKEND,SUB-EVENT,_Mul_13:OpId_179 (cycles)
358253732738,EXECUTE,0,CYCLES,BACKEND,SUB-EVENT,_MatMul_8_pre_reshape:OpId_181 (cycles)
358253732738,EXECUTE,385286,CYCLES,BACKEND,SUB-EVENT,_MatMul_8:OpId_183 (cycles)
358253732738,EXECUTE,0,CYCLES,BACKEND,SUB-EVENT,_MatMul_8_post_reshape:OpId_186 (cycles)
358253732738,EXECUTE,0,CYCLES,BACKEND,SUB-EVENT,_MatMul_8_output_0_nfc:OpId_188 (cycles)
358253732738,EXECUTE,7315,CYCLES,BACKEND,SUB-EVENT,_Add_9:OpId_190 (cycles)
358253732738,EXECUTE,39998,CYCLES,BACKEND,SUB-EVENT,hidden_out_ncf:OpId_193 (cycles)
358253732738,EXECUTE,28482,CYCLES,BACKEND,SUB-EVENT,Output OpId_3 (cycles)
358253732738,EXECUTE,6299,US,BACKEND,ROOT,Accelerator (execute) time
358253732738,EXECUTE,4390,US,BACKEND,ROOT,Accelerator (execute excluding wait) time
358253732738,EXECUTE,14777,US,BACKEND,ROOT,QNN (execute) time
358253751674,EXECUTE,13071,US,NETRUN,ROOT,Graph 0: qwen2_0_5b_layer0_prefill_seq16
358253751674,EXECUTE,4,COUNT,BACKEND,ROOT,Number of HVX threads used
358253751674,EXECUTE,12649,US,BACKEND,ROOT,RPC (execute) time
358253751674,EXECUTE,11324,US,BACKEND,ROOT,QNN accelerator (execute) time
358253751674,EXECUTE,0,COUNT,BACKEND,ROOT,Num times yield occured
358253751674,EXECUTE,7296,US,BACKEND,ROOT,Time for initial VTCM acquire
358253751674,EXECUTE,4740,US,BACKEND,ROOT,Time for HVX + HMX power on and acquire
358253751674,EXECUTE,1796269,CYCLES,BACKEND,ROOT,Accelerator (execute) time (cycles)
358253751674,EXECUTE,1499,CYCLES,BACKEND,SUB-EVENT,Input OpId_2 (cycles)
358253751674,EXECUTE,0,CYCLES,BACKEND,SUB-EVENT,hidden_states_nfc:OpId_17 (cycles)
358253751674,EXECUTE,115951,CYCLES,BACKEND,SUB-EVENT,rms_norm__Mul_1_output_0:OpId_22 (cycles)
358253751674,EXECUTE,0,CYCLES,BACKEND,SUB-EVENT,_MatMul_2_pre_reshape:OpId_25 (cycles)
358253751674,EXECUTE,0,CYCLES,BACKEND,SUB-EVENT,_MatMul_1_pre_reshape:OpId_26 (cycles)
358253751674,EXECUTE,0,CYCLES,BACKEND,SUB-EVENT,_MatMul_pre_reshape:OpId_27 (cycles)
358253751674,EXECUTE,0,CYCLES,BACKEND,SUB-EVENT,_MatMul:OpId_30 (cycles)
358253751674,EXECUTE,0,CYCLES,BACKEND,SUB-EVENT,_MatMul_post_reshape:OpId_32 (cycles)
358253751674,EXECUTE,0,CYCLES,BACKEND,SUB-EVENT,_MatMul_1:OpId_35 (cycles)
358253751674,EXECUTE,0,CYCLES,BACKEND,SUB-EVENT,_MatMul_1_post_reshape:OpId_37 (cycles)
358253751674,EXECUTE,0,CYCLES,BACKEND,SUB-EVENT,_MatMul_2:OpId_40 (cycles)
358253751674,EXECUTE,0,CYCLES,BACKEND,SUB-EVENT,_MatMul_2_post_reshape:OpId_42 (cycles)
358253751674,EXECUTE,50608,CYCLES,BACKEND,SUB-EVENT,_Transpose:OpId_44 (cycles)
358253751674,EXECUTE,20541,CYCLES,BACKEND,SUB-EVENT,_Transpose_1:OpId_46 (cycles)
358253751674,EXECUTE,32010,CYCLES,BACKEND,SUB-EVENT,_Transpose_2:OpId_48 (cycles)
358253751674,EXECUTE,22199,CYCLES,BACKEND,SUB-EVENT,_Slice:OpId_50 (cycles)
358253751674,EXECUTE,7265,CYCLES,BACKEND,SUB-EVENT,_Slice_1:OpId_56 (cycles)
358253751674,EXECUTE,13945,CYCLES,BACKEND,SUB-EVENT,_Mul_2:OpId_62 (cycles)
358253751674,EXECUTE,4922,CYCLES,BACKEND,SUB-EVENT,_Mul_3:OpId_65 (cycles)
358253751674,EXECUTE,963,CYCLES,BACKEND,SUB-EVENT,_Sub:OpId_67 (cycles)
358253751674,EXECUTE,10849,CYCLES,BACKEND,SUB-EVENT,_Mul_4:OpId_69 (cycles)
358253751674,EXECUTE,4853,CYCLES,BACKEND,SUB-EVENT,_Mul_5:OpId_71 (cycles)
358253751674,EXECUTE,4554,CYCLES,BACKEND,SUB-EVENT,_Add_4:OpId_73 (cycles)
358253751674,EXECUTE,0,CYCLES,BACKEND,SUB-EVENT,_Unsqueeze:OpId_75 (cycles)
358253751674,EXECUTE,0,CYCLES,BACKEND,SUB-EVENT,_Unsqueeze_1:OpId_76 (cycles)
358253751674,EXECUTE,2734,CYCLES,BACKEND,SUB-EVENT,_Concat:OpId_77 (cycles)
358253751674,EXECUTE,0,CYCLES,BACKEND,SUB-EVENT,_Reshape_3:OpId_79 (cycles)
358253751674,EXECUTE,63312,CYCLES,BACKEND,SUB-EVENT,_Slice_3:OpId_81 (cycles)
358253751674,EXECUTE,8400,CYCLES,BACKEND,SUB-EVENT,_Slice_4:OpId_87 (cycles)
358253751674,EXECUTE,16065,CYCLES,BACKEND,SUB-EVENT,_Mul_6:OpId_92 (cycles)
358253751674,EXECUTE,15313,CYCLES,BACKEND,SUB-EVENT,_Mul_7:OpId_94 (cycles)
358253751674,EXECUTE,1881,CYCLES,BACKEND,SUB-EVENT,_Sub_1:OpId_96 (cycles)
358253751674,EXECUTE,15326,CYCLES,BACKEND,SUB-EVENT,_Mul_8:OpId_98 (cycles)
358253751674,EXECUTE,15670,CYCLES,BACKEND,SUB-EVENT,_Mul_9:OpId_100 (cycles)
358253751674,EXECUTE,3741,CYCLES,BACKEND,SUB-EVENT,_Add_5:OpId_102 (cycles)
358253751674,EXECUTE,0,CYCLES,BACKEND,SUB-EVENT,_Unsqueeze_2:OpId_104 (cycles)
358253751674,EXECUTE,0,CYCLES,BACKEND,SUB-EVENT,_Unsqueeze_3:OpId_105 (cycles)
358253751674,EXECUTE,9516,CYCLES,BACKEND,SUB-EVENT,_Concat_2:OpId_106 (cycles)
358253751674,EXECUTE,2904,CYCLES,BACKEND,SUB-EVENT,_Reshape_4:OpId_108 (cycles)
358253751674,EXECUTE,0,CYCLES,BACKEND,SUB-EVENT,_Unsqueeze_4:OpId_109 (cycles)
358253751674,EXECUTE,7778,CYCLES,BACKEND,SUB-EVENT,_Tile:OpId_111 (cycles)
358253751674,EXECUTE,0,CYCLES,BACKEND,SUB-EVENT,_Reshape_5:OpId_112 (cycles)
358253751674,EXECUTE,0,CYCLES,BACKEND,SUB-EVENT,_Unsqueeze_5:OpId_113 (cycles)
358253751674,EXECUTE,6415,CYCLES,BACKEND,SUB-EVENT,_Tile_1:OpId_115 (cycles)
358253751674,EXECUTE,0,CYCLES,BACKEND,SUB-EVENT,_Reshape_6:OpId_116 (cycles)
358253751674,EXECUTE,0,CYCLES,BACKEND,SUB-EVENT,_Transpose_3:OpId_118 (cycles)
358253751674,EXECUTE,135142,CYCLES,BACKEND,SUB-EVENT,_MatMul_3:OpId_119 (cycles)
358253751674,EXECUTE,15798,CYCLES,BACKEND,SUB-EVENT,_Div_1:OpId_124 (cycles)
358253751674,EXECUTE,6529,CYCLES,BACKEND,SUB-EVENT,_Add_6:OpId_127 (cycles)
358253751674,EXECUTE,91195,CYCLES,BACKEND,SUB-EVENT,_Softmax:OpId_129 (cycles)
358253751674,EXECUTE,27150,CYCLES,BACKEND,SUB-EVENT,_MatMul_4:OpId_132 (cycles)
358253751674,EXECUTE,0,CYCLES,BACKEND,SUB-EVENT,_Transpose_4:OpId_137 (cycles)
358253751674,EXECUTE,0,CYCLES,BACKEND,SUB-EVENT,_Reshape_7:OpId_138 (cycles)
358253751674,EXECUTE,14778,CYCLES,BACKEND,SUB-EVENT,_MatMul_5:OpId_140 (cycles)
358253751674,EXECUTE,0,CYCLES,BACKEND,SUB-EVENT,_MatMul_5_post_reshape:OpId_143 (cycles)
358253751674,EXECUTE,0,CYCLES,BACKEND,SUB-EVENT,_MatMul_5_output_0_nfc:OpId_145 (cycles)
358253751674,EXECUTE,2662,CYCLES,BACKEND,SUB-EVENT,_Add_7:OpId_147 (cycles)
358253751674,EXECUTE,0,CYCLES,BACKEND,SUB-EVENT,_Add_7_output_0_ncf:OpId_150 (cycles)
358253751674,EXECUTE,12050,CYCLES,BACKEND,SUB-EVENT,rms_norm__Mul_11_output_0:OpId_155 (cycles)
358253751674,EXECUTE,0,CYCLES,BACKEND,SUB-EVENT,_MatMul_7_pre_reshape:OpId_158 (cycles)
358253751674,EXECUTE,0,CYCLES,BACKEND,SUB-EVENT,_MatMul_6_pre_reshape:OpId_159 (cycles)
358253751674,EXECUTE,132921,CYCLES,BACKEND,SUB-EVENT,_MatMul_6:OpId_161 (cycles)
358253751674,EXECUTE,0,CYCLES,BACKEND,SUB-EVENT,_MatMul_6_post_reshape:OpId_164 (cycles)
358253751674,EXECUTE,270180,CYCLES,BACKEND,SUB-EVENT,_MatMul_7:OpId_166 (cycles)
358253751674,EXECUTE,0,CYCLES,BACKEND,SUB-EVENT,_MatMul_7_post_reshape:OpId_169 (cycles)
358253751674,EXECUTE,0,CYCLES,BACKEND,SUB-EVENT,_Sigmoid:OpId_170 (cycles)
358253751674,EXECUTE,190695,CYCLES,BACKEND,SUB-EVENT,_Mul_12:OpId_177 (cycles)
358253751674,EXECUTE,87732,CYCLES,BACKEND,SUB-EVENT,_Mul_13:OpId_179 (cycles)
358253751674,EXECUTE,0,CYCLES,BACKEND,SUB-EVENT,_MatMul_8_pre_reshape:OpId_181 (cycles)
358253751674,EXECUTE,297336,CYCLES,BACKEND,SUB-EVENT,_MatMul_8:OpId_183 (cycles)
358253751674,EXECUTE,0,CYCLES,BACKEND,SUB-EVENT,_MatMul_8_post_reshape:OpId_186 (cycles)
358253751674,EXECUTE,0,CYCLES,BACKEND,SUB-EVENT,_MatMul_8_output_0_nfc:OpId_188 (cycles)
358253751674,EXECUTE,7105,CYCLES,BACKEND,SUB-EVENT,_Add_9:OpId_190 (cycles)
358253751674,EXECUTE,31420,CYCLES,BACKEND,SUB-EVENT,hidden_out_ncf:OpId_193 (cycles)
358253751674,EXECUTE,14362,CYCLES,BACKEND,SUB-EVENT,Output OpId_3 (cycles)
358253751674,EXECUTE,5153,US,BACKEND,ROOT,Accelerator (execute) time
358253751674,EXECUTE,3339,US,BACKEND,ROOT,Accelerator (execute excluding wait) time
358253751674,EXECUTE,13033,US,BACKEND,ROOT,QNN (execute) time
358253772859,EXECUTE,15262,US,NETRUN,ROOT,Graph 0: qwen2_0_5b_layer0_prefill_seq16
358253772859,EXECUTE,4,COUNT,BACKEND,ROOT,Number of HVX threads used
358253772859,EXECUTE,14660,US,BACKEND,ROOT,RPC (execute) time
358253772859,EXECUTE,12142,US,BACKEND,ROOT,QNN accelerator (execute) time
358253772859,EXECUTE,0,COUNT,BACKEND,ROOT,Num times yield occured
358253772859,EXECUTE,7645,US,BACKEND,ROOT,Time for initial VTCM acquire
358253772859,EXECUTE,5079,US,BACKEND,ROOT,Time for HVX + HMX power on and acquire
358253772859,EXECUTE,2276136,CYCLES,BACKEND,ROOT,Accelerator (execute) time (cycles)
358253772859,EXECUTE,3042,CYCLES,BACKEND,SUB-EVENT,Input OpId_2 (cycles)
358253772859,EXECUTE,0,CYCLES,BACKEND,SUB-EVENT,hidden_states_nfc:OpId_17 (cycles)
358253772859,EXECUTE,182936,CYCLES,BACKEND,SUB-EVENT,rms_norm__Mul_1_output_0:OpId_22 (cycles)
358253772859,EXECUTE,0,CYCLES,BACKEND,SUB-EVENT,_MatMul_2_pre_reshape:OpId_25 (cycles)
358253772859,EXECUTE,0,CYCLES,BACKEND,SUB-EVENT,_MatMul_1_pre_reshape:OpId_26 (cycles)
358253772859,EXECUTE,0,CYCLES,BACKEND,SUB-EVENT,_MatMul_pre_reshape:OpId_27 (cycles)
358253772859,EXECUTE,0,CYCLES,BACKEND,SUB-EVENT,_MatMul:OpId_30 (cycles)
358253772859,EXECUTE,0,CYCLES,BACKEND,SUB-EVENT,_MatMul_post_reshape:OpId_32 (cycles)
358253772859,EXECUTE,0,CYCLES,BACKEND,SUB-EVENT,_MatMul_1:OpId_35 (cycles)
358253772859,EXECUTE,0,CYCLES,BACKEND,SUB-EVENT,_MatMul_1_post_reshape:OpId_37 (cycles)
358253772859,EXECUTE,0,CYCLES,BACKEND,SUB-EVENT,_MatMul_2:OpId_40 (cycles)
358253772859,EXECUTE,0,CYCLES,BACKEND,SUB-EVENT,_MatMul_2_post_reshape:OpId_42 (cycles)
358253772859,EXECUTE,77201,CYCLES,BACKEND,SUB-EVENT,_Transpose:OpId_44 (cycles)
358253772859,EXECUTE,25930,CYCLES,BACKEND,SUB-EVENT,_Transpose_1:OpId_46 (cycles)
358253772859,EXECUTE,37353,CYCLES,BACKEND,SUB-EVENT,_Transpose_2:OpId_48 (cycles)
358253772859,EXECUTE,22914,CYCLES,BACKEND,SUB-EVENT,_Slice:OpId_50 (cycles)
358253772859,EXECUTE,7677,CYCLES,BACKEND,SUB-EVENT,_Slice_1:OpId_56 (cycles)
358253772859,EXECUTE,11480,CYCLES,BACKEND,SUB-EVENT,_Mul_2:OpId_62 (cycles)
358253772859,EXECUTE,4903,CYCLES,BACKEND,SUB-EVENT,_Mul_3:OpId_65 (cycles)
358253772859,EXECUTE,950,CYCLES,BACKEND,SUB-EVENT,_Sub:OpId_67 (cycles)
358253772859,EXECUTE,8857,CYCLES,BACKEND,SUB-EVENT,_Mul_4:OpId_69 (cycles)
358253772859,EXECUTE,4784,CYCLES,BACKEND,SUB-EVENT,_Mul_5:OpId_71 (cycles)
358253772859,EXECUTE,6598,CYCLES,BACKEND,SUB-EVENT,_Add_4:OpId_73 (cycles)
358253772859,EXECUTE,0,CYCLES,BACKEND,SUB-EVENT,_Unsqueeze:OpId_75 (cycles)
358253772859,EXECUTE,0,CYCLES,BACKEND,SUB-EVENT,_Unsqueeze_1:OpId_76 (cycles)
358253772859,EXECUTE,2716,CYCLES,BACKEND,SUB-EVENT,_Concat:OpId_77 (cycles)
358253772859,EXECUTE,0,CYCLES,BACKEND,SUB-EVENT,_Reshape_3:OpId_79 (cycles)
358253772859,EXECUTE,89613,CYCLES,BACKEND,SUB-EVENT,_Slice_3:OpId_81 (cycles)
358253772859,EXECUTE,8656,CYCLES,BACKEND,SUB-EVENT,_Slice_4:OpId_87 (cycles)
358253772859,EXECUTE,35512,CYCLES,BACKEND,SUB-EVENT,_Mul_6:OpId_92 (cycles)
358253772859,EXECUTE,35116,CYCLES,BACKEND,SUB-EVENT,_Mul_7:OpId_94 (cycles)
358253772859,EXECUTE,4666,CYCLES,BACKEND,SUB-EVENT,_Sub_1:OpId_96 (cycles)
358253772859,EXECUTE,35470,CYCLES,BACKEND,SUB-EVENT,_Mul_8:OpId_98 (cycles)
358253772859,EXECUTE,35059,CYCLES,BACKEND,SUB-EVENT,_Mul_9:OpId_100 (cycles)
358253772859,EXECUTE,3922,CYCLES,BACKEND,SUB-EVENT,_Add_5:OpId_102 (cycles)
358253772859,EXECUTE,0,CYCLES,BACKEND,SUB-EVENT,_Unsqueeze_2:OpId_104 (cycles)
358253772859,EXECUTE,0,CYCLES,BACKEND,SUB-EVENT,_Unsqueeze_3:OpId_105 (cycles)
358253772859,EXECUTE,8345,CYCLES,BACKEND,SUB-EVENT,_Concat_2:OpId_106 (cycles)
358253772859,EXECUTE,4867,CYCLES,BACKEND,SUB-EVENT,_Reshape_4:OpId_108 (cycles)
358253772859,EXECUTE,0,CYCLES,BACKEND,SUB-EVENT,_Unsqueeze_4:OpId_109 (cycles)
358253772859,EXECUTE,5765,CYCLES,BACKEND,SUB-EVENT,_Tile:OpId_111 (cycles)
358253772859,EXECUTE,0,CYCLES,BACKEND,SUB-EVENT,_Reshape_5:OpId_112 (cycles)
358253772859,EXECUTE,0,CYCLES,BACKEND,SUB-EVENT,_Unsqueeze_5:OpId_113 (cycles)
358253772859,EXECUTE,12660,CYCLES,BACKEND,SUB-EVENT,_Tile_1:OpId_115 (cycles)
358253772859,EXECUTE,0,CYCLES,BACKEND,SUB-EVENT,_Reshape_6:OpId_116 (cycles)
358253772859,EXECUTE,0,CYCLES,BACKEND,SUB-EVENT,_Transpose_3:OpId_118 (cycles)
358253772859,EXECUTE,109330,CYCLES,BACKEND,SUB-EVENT,_MatMul_3:OpId_119 (cycles)
358253772859,EXECUTE,25108,CYCLES,BACKEND,SUB-EVENT,_Div_1:OpId_124 (cycles)
358253772859,EXECUTE,4545,CYCLES,BACKEND,SUB-EVENT,_Add_6:OpId_127 (cycles)
358253772859,EXECUTE,65418,CYCLES,BACKEND,SUB-EVENT,_Softmax:OpId_129 (cycles)
358253772859,EXECUTE,51088,CYCLES,BACKEND,SUB-EVENT,_MatMul_4:OpId_132 (cycles)
358253772859,EXECUTE,0,CYCLES,BACKEND,SUB-EVENT,_Transpose_4:OpId_137 (cycles)
358253772859,EXECUTE,0,CYCLES,BACKEND,SUB-EVENT,_Reshape_7:OpId_138 (cycles)
358253772859,EXECUTE,17676,CYCLES,BACKEND,SUB-EVENT,_MatMul_5:OpId_140 (cycles)
358253772859,EXECUTE,0,CYCLES,BACKEND,SUB-EVENT,_MatMul_5_post_reshape:OpId_143 (cycles)
358253772859,EXECUTE,0,CYCLES,BACKEND,SUB-EVENT,_MatMul_5_output_0_nfc:OpId_145 (cycles)
358253772859,EXECUTE,2638,CYCLES,BACKEND,SUB-EVENT,_Add_7:OpId_147 (cycles)
358253772859,EXECUTE,0,CYCLES,BACKEND,SUB-EVENT,_Add_7_output_0_ncf:OpId_150 (cycles)
358253772859,EXECUTE,12096,CYCLES,BACKEND,SUB-EVENT,rms_norm__Mul_11_output_0:OpId_155 (cycles)
358253772859,EXECUTE,0,CYCLES,BACKEND,SUB-EVENT,_MatMul_7_pre_reshape:OpId_158 (cycles)
358253772859,EXECUTE,0,CYCLES,BACKEND,SUB-EVENT,_MatMul_6_pre_reshape:OpId_159 (cycles)
358253772859,EXECUTE,175675,CYCLES,BACKEND,SUB-EVENT,_MatMul_6:OpId_161 (cycles)
358253772859,EXECUTE,0,CYCLES,BACKEND,SUB-EVENT,_MatMul_6_post_reshape:OpId_164 (cycles)
358253772859,EXECUTE,352807,CYCLES,BACKEND,SUB-EVENT,_MatMul_7:OpId_166 (cycles)
358253772859,EXECUTE,0,CYCLES,BACKEND,SUB-EVENT,_MatMul_7_post_reshape:OpId_169 (cycles)
358253772859,EXECUTE,0,CYCLES,BACKEND,SUB-EVENT,_Sigmoid:OpId_170 (cycles)
358253772859,EXECUTE,230021,CYCLES,BACKEND,SUB-EVENT,_Mul_12:OpId_177 (cycles)
358253772859,EXECUTE,104494,CYCLES,BACKEND,SUB-EVENT,_Mul_13:OpId_179 (cycles)
358253772859,EXECUTE,0,CYCLES,BACKEND,SUB-EVENT,_MatMul_8_pre_reshape:OpId_181 (cycles)
358253772859,EXECUTE,375479,CYCLES,BACKEND,SUB-EVENT,_MatMul_8:OpId_183 (cycles)
358253772859,EXECUTE,0,CYCLES,BACKEND,SUB-EVENT,_MatMul_8_post_reshape:OpId_186 (cycles)
358253772859,EXECUTE,0,CYCLES,BACKEND,SUB-EVENT,_MatMul_8_output_0_nfc:OpId_188 (cycles)
358253772859,EXECUTE,7217,CYCLES,BACKEND,SUB-EVENT,_Add_9:OpId_190 (cycles)
358253772859,EXECUTE,39324,CYCLES,BACKEND,SUB-EVENT,hidden_out_ncf:OpId_193 (cycles)
358253772859,EXECUTE,26228,CYCLES,BACKEND,SUB-EVENT,Output OpId_3 (cycles)
358253772859,EXECUTE,6032,US,BACKEND,ROOT,Accelerator (execute) time
358253772859,EXECUTE,4142,US,BACKEND,ROOT,Accelerator (execute excluding wait) time
358253772859,EXECUTE,15110,US,BACKEND,ROOT,QNN (execute) time
358253793407,EXECUTE,14503,US,NETRUN,ROOT,Graph 0: qwen2_0_5b_layer0_prefill_seq16
358253793407,EXECUTE,4,COUNT,BACKEND,ROOT,Number of HVX threads used
358253793407,EXECUTE,13983,US,BACKEND,ROOT,RPC (execute) time
358253793407,EXECUTE,12141,US,BACKEND,ROOT,QNN accelerator (execute) time
358253793407,EXECUTE,0,COUNT,BACKEND,ROOT,Num times yield occured
358253793407,EXECUTE,7624,US,BACKEND,ROOT,Time for initial VTCM acquire
358253793407,EXECUTE,5073,US,BACKEND,ROOT,Time for HVX + HMX power on and acquire
358253793407,EXECUTE,2291460,CYCLES,BACKEND,ROOT,Accelerator (execute) time (cycles)
358253793407,EXECUTE,2925,CYCLES,BACKEND,SUB-EVENT,Input OpId_2 (cycles)
358253793407,EXECUTE,0,CYCLES,BACKEND,SUB-EVENT,hidden_states_nfc:OpId_17 (cycles)
358253793407,EXECUTE,199741,CYCLES,BACKEND,SUB-EVENT,rms_norm__Mul_1_output_0:OpId_22 (cycles)
358253793407,EXECUTE,0,CYCLES,BACKEND,SUB-EVENT,_MatMul_2_pre_reshape:OpId_25 (cycles)
358253793407,EXECUTE,0,CYCLES,BACKEND,SUB-EVENT,_MatMul_1_pre_reshape:OpId_26 (cycles)
358253793407,EXECUTE,0,CYCLES,BACKEND,SUB-EVENT,_MatMul_pre_reshape:OpId_27 (cycles)
358253793407,EXECUTE,0,CYCLES,BACKEND,SUB-EVENT,_MatMul:OpId_30 (cycles)
358253793407,EXECUTE,0,CYCLES,BACKEND,SUB-EVENT,_MatMul_post_reshape:OpId_32 (cycles)
358253793407,EXECUTE,0,CYCLES,BACKEND,SUB-EVENT,_MatMul_1:OpId_35 (cycles)
358253793407,EXECUTE,0,CYCLES,BACKEND,SUB-EVENT,_MatMul_1_post_reshape:OpId_37 (cycles)
358253793407,EXECUTE,0,CYCLES,BACKEND,SUB-EVENT,_MatMul_2:OpId_40 (cycles)
358253793407,EXECUTE,0,CYCLES,BACKEND,SUB-EVENT,_MatMul_2_post_reshape:OpId_42 (cycles)
358253793407,EXECUTE,81763,CYCLES,BACKEND,SUB-EVENT,_Transpose:OpId_44 (cycles)
358253793407,EXECUTE,29943,CYCLES,BACKEND,SUB-EVENT,_Transpose_1:OpId_46 (cycles)
358253793407,EXECUTE,43049,CYCLES,BACKEND,SUB-EVENT,_Transpose_2:OpId_48 (cycles)
358253793407,EXECUTE,22801,CYCLES,BACKEND,SUB-EVENT,_Slice:OpId_50 (cycles)
358253793407,EXECUTE,7563,CYCLES,BACKEND,SUB-EVENT,_Slice_1:OpId_56 (cycles)
358253793407,EXECUTE,13849,CYCLES,BACKEND,SUB-EVENT,_Mul_2:OpId_62 (cycles)
358253793407,EXECUTE,4927,CYCLES,BACKEND,SUB-EVENT,_Mul_3:OpId_65 (cycles)
358253793407,EXECUTE,971,CYCLES,BACKEND,SUB-EVENT,_Sub:OpId_67 (cycles)
358253793407,EXECUTE,9864,CYCLES,BACKEND,SUB-EVENT,_Mul_4:OpId_69 (cycles)
358253793407,EXECUTE,4851,CYCLES,BACKEND,SUB-EVENT,_Mul_5:OpId_71 (cycles)
358253793407,EXECUTE,6387,CYCLES,BACKEND,SUB-EVENT,_Add_4:OpId_73 (cycles)
358253793407,EXECUTE,0,CYCLES,BACKEND,SUB-EVENT,_Unsqueeze:OpId_75 (cycles)
358253793407,EXECUTE,0,CYCLES,BACKEND,SUB-EVENT,_Unsqueeze_1:OpId_76 (cycles)
358253793407,EXECUTE,2594,CYCLES,BACKEND,SUB-EVENT,_Concat:OpId_77 (cycles)
358253793407,EXECUTE,0,CYCLES,BACKEND,SUB-EVENT,_Reshape_3:OpId_79 (cycles)
358253793407,EXECUTE,102526,CYCLES,BACKEND,SUB-EVENT,_Slice_3:OpId_81 (cycles)
358253793407,EXECUTE,9211,CYCLES,BACKEND,SUB-EVENT,_Slice_4:OpId_87 (cycles)
358253793407,EXECUTE,24762,CYCLES,BACKEND,SUB-EVENT,_Mul_6:OpId_92 (cycles)
358253793407,EXECUTE,24351,CYCLES,BACKEND,SUB-EVENT,_Mul_7:OpId_94 (cycles)
358253793407,EXECUTE,960,CYCLES,BACKEND,SUB-EVENT,_Sub_1:OpId_96 (cycles)
358253793407,EXECUTE,24711,CYCLES,BACKEND,SUB-EVENT,_Mul_8:OpId_98 (cycles)
358253793407,EXECUTE,24288,CYCLES,BACKEND,SUB-EVENT,_Mul_9:OpId_100 (cycles)
358253793407,EXECUTE,1297,CYCLES,BACKEND,SUB-EVENT,_Add_5:OpId_102 (cycles)
358253793407,EXECUTE,0,CYCLES,BACKEND,SUB-EVENT,_Unsqueeze_2:OpId_104 (cycles)
358253793407,EXECUTE,0,CYCLES,BACKEND,SUB-EVENT,_Unsqueeze_3:OpId_105 (cycles)
358253793407,EXECUTE,5204,CYCLES,BACKEND,SUB-EVENT,_Concat_2:OpId_106 (cycles)
358253793407,EXECUTE,4011,CYCLES,BACKEND,SUB-EVENT,_Reshape_4:OpId_108 (cycles)
358253793407,EXECUTE,0,CYCLES,BACKEND,SUB-EVENT,_Unsqueeze_4:OpId_109 (cycles)
358253793407,EXECUTE,6999,CYCLES,BACKEND,SUB-EVENT,_Tile:OpId_111 (cycles)
358253793407,EXECUTE,0,CYCLES,BACKEND,SUB-EVENT,_Reshape_5:OpId_112 (cycles)
358253793407,EXECUTE,0,CYCLES,BACKEND,SUB-EVENT,_Unsqueeze_5:OpId_113 (cycles)
358253793407,EXECUTE,8706,CYCLES,BACKEND,SUB-EVENT,_Tile_1:OpId_115 (cycles)
358253793407,EXECUTE,0,CYCLES,BACKEND,SUB-EVENT,_Reshape_6:OpId_116 (cycles)
358253793407,EXECUTE,0,CYCLES,BACKEND,SUB-EVENT,_Transpose_3:OpId_118 (cycles)
358253793407,EXECUTE,117203,CYCLES,BACKEND,SUB-EVENT,_MatMul_3:OpId_119 (cycles)
358253793407,EXECUTE,31347,CYCLES,BACKEND,SUB-EVENT,_Div_1:OpId_124 (cycles)
358253793407,EXECUTE,3428,CYCLES,BACKEND,SUB-EVENT,_Add_6:OpId_127 (cycles)
358253793407,EXECUTE,58726,CYCLES,BACKEND,SUB-EVENT,_Softmax:OpId_129 (cycles)
358253793407,EXECUTE,49053,CYCLES,BACKEND,SUB-EVENT,_MatMul_4:OpId_132 (cycles)
358253793407,EXECUTE,0,CYCLES,BACKEND,SUB-EVENT,_Transpose_4:OpId_137 (cycles)
358253793407,EXECUTE,0,CYCLES,BACKEND,SUB-EVENT,_Reshape_7:OpId_138 (cycles)
358253793407,EXECUTE,21991,CYCLES,BACKEND,SUB-EVENT,_MatMul_5:OpId_140 (cycles)
358253793407,EXECUTE,0,CYCLES,BACKEND,SUB-EVENT,_MatMul_5_post_reshape:OpId_143 (cycles)
358253793407,EXECUTE,0,CYCLES,BACKEND,SUB-EVENT,_MatMul_5_output_0_nfc:OpId_145 (cycles)
358253793407,EXECUTE,2663,CYCLES,BACKEND,SUB-EVENT,_Add_7:OpId_147 (cycles)
358253793407,EXECUTE,0,CYCLES,BACKEND,SUB-EVENT,_Add_7_output_0_ncf:OpId_150 (cycles)
358253793407,EXECUTE,12045,CYCLES,BACKEND,SUB-EVENT,rms_norm__Mul_11_output_0:OpId_155 (cycles)
358253793407,EXECUTE,0,CYCLES,BACKEND,SUB-EVENT,_MatMul_7_pre_reshape:OpId_158 (cycles)
358253793407,EXECUTE,0,CYCLES,BACKEND,SUB-EVENT,_MatMul_6_pre_reshape:OpId_159 (cycles)
358253793407,EXECUTE,178255,CYCLES,BACKEND,SUB-EVENT,_MatMul_6:OpId_161 (cycles)
358253793407,EXECUTE,0,CYCLES,BACKEND,SUB-EVENT,_MatMul_6_post_reshape:OpId_164 (cycles)
358253793407,EXECUTE,350913,CYCLES,BACKEND,SUB-EVENT,_MatMul_7:OpId_166 (cycles)
358253793407,EXECUTE,0,CYCLES,BACKEND,SUB-EVENT,_MatMul_7_post_reshape:OpId_169 (cycles)
358253793407,EXECUTE,0,CYCLES,BACKEND,SUB-EVENT,_Sigmoid:OpId_170 (cycles)
358253793407,EXECUTE,233447,CYCLES,BACKEND,SUB-EVENT,_Mul_12:OpId_177 (cycles)
358253793407,EXECUTE,113231,CYCLES,BACKEND,SUB-EVENT,_Mul_13:OpId_179 (cycles)
358253793407,EXECUTE,0,CYCLES,BACKEND,SUB-EVENT,_MatMul_8_pre_reshape:OpId_181 (cycles)
358253793407,EXECUTE,373448,CYCLES,BACKEND,SUB-EVENT,_MatMul_8:OpId_183 (cycles)
358253793407,EXECUTE,0,CYCLES,BACKEND,SUB-EVENT,_MatMul_8_post_reshape:OpId_186 (cycles)
358253793407,EXECUTE,0,CYCLES,BACKEND,SUB-EVENT,_MatMul_8_output_0_nfc:OpId_188 (cycles)
358253793407,EXECUTE,7165,CYCLES,BACKEND,SUB-EVENT,_Add_9:OpId_190 (cycles)
358253793407,EXECUTE,39891,CYCLES,BACKEND,SUB-EVENT,hidden_out_ncf:OpId_193 (cycles)
358253793407,EXECUTE,30400,CYCLES,BACKEND,SUB-EVENT,Output OpId_3 (cycles)
358253793407,EXECUTE,6051,US,BACKEND,ROOT,Accelerator (execute) time
358253793407,EXECUTE,4172,US,BACKEND,ROOT,Accelerator (execute excluding wait) time
358253793407,EXECUTE,14459,US,BACKEND,ROOT,QNN (execute) time
358253801578,EXECUTE IPS,49.341049,INF/SEC,NETRUN,ROOT,null
