input log file location, tiny_llm_block_custom_matmul/device_output/prefill_q_proj_lhs_prepack_multithread/qnn-profiling-data_0.log
qnn-profile-viewer version, v2.47.0.260601114230
qnn-net-run version, v2.47.0.260601114230
Backend version, v2.47.0.260601114230
Msg Timestamp, Message, Time, Unit of Measurement, Timing Source, Event Level, Event Identifier
300667838507,INIT,186890,US,NETRUN,ROOT,null
300667935145,COMPOSE GRAPHS,95454,US,NETRUN,ROOT,null
300668021716,FINALIZE,85577,US,NETRUN,ROOT,Graph 0: tiny_block_prefill
300668021716,FINALIZE,6229,US,BACKEND,ROOT,RPC (finalize) time
300668021716,FINALIZE,4451,US,BACKEND,ROOT,QNN accelerator (finalize) time
300668021716,FINALIZE,4321,US,BACKEND,ROOT,Accelerator (finalize) time
300668021716,FINALIZE,85540,US,BACKEND,ROOT,QNN (finalize) time
300668021716,FINALIZE,337,US,BACKEND,SUB-EVENT,Graph Preparation Initializing
300668021716,FINALIZE,55211,US,BACKEND,SUB-EVENT,Graph Optimizations
300668021716,FINALIZE,1400,US,BACKEND,SUB-EVENT,Post Graph Optimization
300668021716,FINALIZE,5959,US,BACKEND,SUB-EVENT,Graph Sequencing for Target
300668021716,FINALIZE,634,US,BACKEND,SUB-EVENT,VTCM Allocation
300668021716,FINALIZE,160,US,BACKEND,SUB-EVENT,Parallelization Optimization
300668021716,FINALIZE,561,US,BACKEND,SUB-EVENT,Finalizing Graph Sequence
300668021716,FINALIZE,27,US,BACKEND,SUB-EVENT,Completion
300668178075,DE-INIT,29990,US,NETRUN,ROOT,null
300668178075,DE-INIT,6198,US,BACKEND,ROOT,RPC (deinit) time
300668178075,DE-INIT,5026,US,BACKEND,ROOT,QNN Accelerator (deinit) time
300668178075,DE-INIT,4873,US,BACKEND,ROOT,Accelerator (deinit) time
300668178075,DE-INIT,29948,US,BACKEND,ROOT,QNN (deinit) time
300668034927,EXECUTE,12535,US,NETRUN,ROOT,Graph 0: tiny_block_prefill
300668034927,EXECUTE,4,COUNT,BACKEND,ROOT,Number of HVX threads used
300668034927,EXECUTE,12081,US,BACKEND,ROOT,RPC (execute) time
300668034927,EXECUTE,9972,US,BACKEND,ROOT,QNN accelerator (execute) time
300668034927,EXECUTE,0,COUNT,BACKEND,ROOT,Num times yield occured
300668034927,EXECUTE,2915,US,BACKEND,ROOT,Time for initial VTCM acquire
300668034927,EXECUTE,44627,US,BACKEND,ROOT,Time for HVX + HMX power on and acquire
300668034927,EXECUTE,3259191,CYCLES,BACKEND,ROOT,Accelerator (execute) time (cycles)
300668034927,EXECUTE,8568,CYCLES,BACKEND,SUB-EVENT,Input OpId_2 (cycles)
300668034927,EXECUTE,0,CYCLES,BACKEND,SUB-EVENT,hidden_states_nfc:OpId_17 (cycles)
300668034927,EXECUTE,28839,CYCLES,BACKEND,SUB-EVENT,rms_norm__Mul_2_output_0:OpId_22 (cycles)
300668034927,EXECUTE,0,CYCLES,BACKEND,SUB-EVENT,_MatMul_2_pre_reshape:OpId_25 (cycles)
300668034927,EXECUTE,0,CYCLES,BACKEND,SUB-EVENT,_MatMul_1_pre_reshape:OpId_26 (cycles)
300668034927,EXECUTE,0,CYCLES,BACKEND,SUB-EVENT,_MatMul_pre_reshape:OpId_27 (cycles)
300668034927,EXECUTE,0,CYCLES,BACKEND,SUB-EVENT,_MatMul_lhs_reshape:OpId_30 (cycles)
300668034927,EXECUTE,0,CYCLES,BACKEND,SUB-EVENT,_MatMul_lhs_cast_fp16:OpId_31 (cycles)
300668034927,EXECUTE,8873,CYCLES,BACKEND,SUB-EVENT,_MatMul_pack_lhs_q13:OpId_32 (cycles)
300668034927,EXECUTE,288,CYCLES,BACKEND,SUB-EVENT,_MatMul_rhs_cast_fp16:OpId_33 (cycles)
300668034927,EXECUTE,2725883,CYCLES,BACKEND,SUB-EVENT,_MatMul:OpId_34 (cycles)
300668034927,EXECUTE,0,CYCLES,BACKEND,SUB-EVENT,_MatMul_output_reshape:OpId_35 (cycles)
300668034927,EXECUTE,2049,CYCLES,BACKEND,SUB-EVENT,_MatMul_post_reshape:OpId_36 (cycles)
300668034927,EXECUTE,3406,CYCLES,BACKEND,SUB-EVENT,_Transpose:OpId_38 (cycles)
300668034927,EXECUTE,0,CYCLES,BACKEND,SUB-EVENT,_MatMul_1:OpId_41 (cycles)
300668034927,EXECUTE,0,CYCLES,BACKEND,SUB-EVENT,_MatMul_1_post_reshape:OpId_43 (cycles)
300668034927,EXECUTE,7483,CYCLES,BACKEND,SUB-EVENT,_Transpose_1:OpId_45 (cycles)
300668034927,EXECUTE,0,CYCLES,BACKEND,SUB-EVENT,_MatMul_2:OpId_48 (cycles)
300668034927,EXECUTE,0,CYCLES,BACKEND,SUB-EVENT,_MatMul_2_post_reshape:OpId_50 (cycles)
300668034927,EXECUTE,13354,CYCLES,BACKEND,SUB-EVENT,_Transpose_2:OpId_52 (cycles)
300668034927,EXECUTE,0,CYCLES,BACKEND,SUB-EVENT,_Slice:OpId_54 (cycles)
300668034927,EXECUTE,611,CYCLES,BACKEND,SUB-EVENT,_Slice_1:OpId_60 (cycles)
300668034927,EXECUTE,6922,CYCLES,BACKEND,SUB-EVENT,_Mul_3:OpId_66 (cycles)
300668034927,EXECUTE,5286,CYCLES,BACKEND,SUB-EVENT,_Mul_4:OpId_69 (cycles)
300668034927,EXECUTE,837,CYCLES,BACKEND,SUB-EVENT,_Sub:OpId_71 (cycles)
300668034927,EXECUTE,4467,CYCLES,BACKEND,SUB-EVENT,_Mul_5:OpId_73 (cycles)
300668034927,EXECUTE,7030,CYCLES,BACKEND,SUB-EVENT,_Mul_6:OpId_75 (cycles)
300668034927,EXECUTE,713,CYCLES,BACKEND,SUB-EVENT,_Add_4:OpId_77 (cycles)
300668034927,EXECUTE,1344,CYCLES,BACKEND,SUB-EVENT,_Concat:OpId_79 (cycles)
300668034927,EXECUTE,0,CYCLES,BACKEND,SUB-EVENT,_Slice_2:OpId_82 (cycles)
300668034927,EXECUTE,1869,CYCLES,BACKEND,SUB-EVENT,_Slice_3:OpId_88 (cycles)
300668034927,EXECUTE,10260,CYCLES,BACKEND,SUB-EVENT,_Mul_7:OpId_93 (cycles)
300668034927,EXECUTE,8362,CYCLES,BACKEND,SUB-EVENT,_Mul_8:OpId_95 (cycles)
300668034927,EXECUTE,1603,CYCLES,BACKEND,SUB-EVENT,_Sub_1:OpId_97 (cycles)
300668034927,EXECUTE,8281,CYCLES,BACKEND,SUB-EVENT,_Mul_9:OpId_99 (cycles)
300668034927,EXECUTE,10265,CYCLES,BACKEND,SUB-EVENT,_Mul_10:OpId_101 (cycles)
300668034927,EXECUTE,2087,CYCLES,BACKEND,SUB-EVENT,_Add_5:OpId_103 (cycles)
300668034927,EXECUTE,7121,CYCLES,BACKEND,SUB-EVENT,_Concat_1:OpId_105 (cycles)
300668034927,EXECUTE,0,CYCLES,BACKEND,SUB-EVENT,_Unsqueeze_4:OpId_107 (cycles)
300668034927,EXECUTE,2028,CYCLES,BACKEND,SUB-EVENT,_Tile:OpId_109 (cycles)
300668034927,EXECUTE,0,CYCLES,BACKEND,SUB-EVENT,_Reshape_3:OpId_110 (cycles)
300668034927,EXECUTE,0,CYCLES,BACKEND,SUB-EVENT,_Unsqueeze_5:OpId_111 (cycles)
300668034927,EXECUTE,3235,CYCLES,BACKEND,SUB-EVENT,_Tile_1:OpId_113 (cycles)
300668034927,EXECUTE,0,CYCLES,BACKEND,SUB-EVENT,_Reshape_4:OpId_114 (cycles)
300668034927,EXECUTE,0,CYCLES,BACKEND,SUB-EVENT,_Transpose_3:OpId_116 (cycles)
300668034927,EXECUTE,64490,CYCLES,BACKEND,SUB-EVENT,_MatMul_3:OpId_117 (cycles)
300668034927,EXECUTE,17958,CYCLES,BACKEND,SUB-EVENT,_Mul_11:OpId_122 (cycles)
300668034927,EXECUTE,0,CYCLES,BACKEND,SUB-EVENT,_Unsqueeze_7_output_0_cast_to_bool:OpId_125 (cycles)
300668034927,EXECUTE,28068,CYCLES,BACKEND,SUB-EVENT,_Where:OpId_127 (cycles)
300668034927,EXECUTE,23958,CYCLES,BACKEND,SUB-EVENT,_Softmax:OpId_128 (cycles)
300668034927,EXECUTE,23220,CYCLES,BACKEND,SUB-EVENT,_MatMul_4:OpId_131 (cycles)
300668034927,EXECUTE,0,CYCLES,BACKEND,SUB-EVENT,_Transpose_4:OpId_136 (cycles)
300668034927,EXECUTE,0,CYCLES,BACKEND,SUB-EVENT,_Reshape_5:OpId_137 (cycles)
300668034927,EXECUTE,1618,CYCLES,BACKEND,SUB-EVENT,_MatMul_5:OpId_139 (cycles)
300668034927,EXECUTE,0,CYCLES,BACKEND,SUB-EVENT,_MatMul_5_post_reshape:OpId_142 (cycles)
300668034927,EXECUTE,0,CYCLES,BACKEND,SUB-EVENT,_MatMul_5_output_0_nfc:OpId_144 (cycles)
300668034927,EXECUTE,2180,CYCLES,BACKEND,SUB-EVENT,_Add_6:OpId_146 (cycles)
300668034927,EXECUTE,0,CYCLES,BACKEND,SUB-EVENT,_Add_6_output_0_ncf:OpId_149 (cycles)
300668034927,EXECUTE,5707,CYCLES,BACKEND,SUB-EVENT,rms_norm__Mul_14_output_0:OpId_154 (cycles)
300668034927,EXECUTE,0,CYCLES,BACKEND,SUB-EVENT,_MatMul_7_pre_reshape:OpId_157 (cycles)
300668034927,EXECUTE,0,CYCLES,BACKEND,SUB-EVENT,_MatMul_6_pre_reshape:OpId_158 (cycles)
300668034927,EXECUTE,19797,CYCLES,BACKEND,SUB-EVENT,_MatMul_6:OpId_160 (cycles)
300668034927,EXECUTE,0,CYCLES,BACKEND,SUB-EVENT,_MatMul_6_post_reshape:OpId_163 (cycles)
300668034927,EXECUTE,0,CYCLES,BACKEND,SUB-EVENT,_Sigmoid:OpId_164 (cycles)
300668034927,EXECUTE,95348,CYCLES,BACKEND,SUB-EVENT,_Mul_15:OpId_171 (cycles)
300668034927,EXECUTE,2708,CYCLES,BACKEND,SUB-EVENT,_MatMul_7:OpId_174 (cycles)
300668034927,EXECUTE,0,CYCLES,BACKEND,SUB-EVENT,_MatMul_7_post_reshape:OpId_177 (cycles)
300668034927,EXECUTE,53104,CYCLES,BACKEND,SUB-EVENT,_Mul_16:OpId_178 (cycles)
300668034927,EXECUTE,0,CYCLES,BACKEND,SUB-EVENT,_MatMul_8_pre_reshape:OpId_180 (cycles)
300668034927,EXECUTE,2596,CYCLES,BACKEND,SUB-EVENT,_MatMul_8:OpId_182 (cycles)
300668034927,EXECUTE,0,CYCLES,BACKEND,SUB-EVENT,_MatMul_8_post_reshape:OpId_185 (cycles)
300668034927,EXECUTE,0,CYCLES,BACKEND,SUB-EVENT,_MatMul_8_output_0_nfc:OpId_187 (cycles)
300668034927,EXECUTE,2713,CYCLES,BACKEND,SUB-EVENT,_Add_8:OpId_189 (cycles)
300668034927,EXECUTE,16002,CYCLES,BACKEND,SUB-EVENT,hidden_out_ncf:OpId_192 (cycles)
300668034927,EXECUTE,18660,CYCLES,BACKEND,SUB-EVENT,Output OpId_3 (cycles)
300668034927,EXECUTE,6425,US,BACKEND,ROOT,Accelerator (execute) time
300668034927,EXECUTE,2778,US,BACKEND,ROOT,Accelerator (execute excluding wait) time
300668034927,EXECUTE,12490,US,BACKEND,ROOT,QNN (execute) time
300668047265,EXECUTE,7692,US,NETRUN,ROOT,Graph 0: tiny_block_prefill
300668047265,EXECUTE,4,COUNT,BACKEND,ROOT,Number of HVX threads used
300668047265,EXECUTE,7218,US,BACKEND,ROOT,RPC (execute) time
300668047265,EXECUTE,6151,US,BACKEND,ROOT,QNN accelerator (execute) time
300668047265,EXECUTE,0,COUNT,BACKEND,ROOT,Num times yield occured
300668047265,EXECUTE,7197,US,BACKEND,ROOT,Time for initial VTCM acquire
300668047265,EXECUTE,4803,US,BACKEND,ROOT,Time for HVX + HMX power on and acquire
300668047265,EXECUTE,2679947,CYCLES,BACKEND,ROOT,Accelerator (execute) time (cycles)
300668047265,EXECUTE,1150,CYCLES,BACKEND,SUB-EVENT,Input OpId_2 (cycles)
300668047265,EXECUTE,0,CYCLES,BACKEND,SUB-EVENT,hidden_states_nfc:OpId_17 (cycles)
300668047265,EXECUTE,21955,CYCLES,BACKEND,SUB-EVENT,rms_norm__Mul_2_output_0:OpId_22 (cycles)
300668047265,EXECUTE,0,CYCLES,BACKEND,SUB-EVENT,_MatMul_2_pre_reshape:OpId_25 (cycles)
300668047265,EXECUTE,0,CYCLES,BACKEND,SUB-EVENT,_MatMul_1_pre_reshape:OpId_26 (cycles)
300668047265,EXECUTE,0,CYCLES,BACKEND,SUB-EVENT,_MatMul_pre_reshape:OpId_27 (cycles)
300668047265,EXECUTE,0,CYCLES,BACKEND,SUB-EVENT,_MatMul_lhs_reshape:OpId_30 (cycles)
300668047265,EXECUTE,0,CYCLES,BACKEND,SUB-EVENT,_MatMul_lhs_cast_fp16:OpId_31 (cycles)
300668047265,EXECUTE,6032,CYCLES,BACKEND,SUB-EVENT,_MatMul_pack_lhs_q13:OpId_32 (cycles)
300668047265,EXECUTE,880,CYCLES,BACKEND,SUB-EVENT,_MatMul_rhs_cast_fp16:OpId_33 (cycles)
300668047265,EXECUTE,2289029,CYCLES,BACKEND,SUB-EVENT,_MatMul:OpId_34 (cycles)
300668047265,EXECUTE,0,CYCLES,BACKEND,SUB-EVENT,_MatMul_output_reshape:OpId_35 (cycles)
300668047265,EXECUTE,2409,CYCLES,BACKEND,SUB-EVENT,_MatMul_post_reshape:OpId_36 (cycles)
300668047265,EXECUTE,3064,CYCLES,BACKEND,SUB-EVENT,_Transpose:OpId_38 (cycles)
300668047265,EXECUTE,0,CYCLES,BACKEND,SUB-EVENT,_MatMul_1:OpId_41 (cycles)
300668047265,EXECUTE,0,CYCLES,BACKEND,SUB-EVENT,_MatMul_1_post_reshape:OpId_43 (cycles)
300668047265,EXECUTE,5759,CYCLES,BACKEND,SUB-EVENT,_Transpose_1:OpId_45 (cycles)
300668047265,EXECUTE,0,CYCLES,BACKEND,SUB-EVENT,_MatMul_2:OpId_48 (cycles)
300668047265,EXECUTE,0,CYCLES,BACKEND,SUB-EVENT,_MatMul_2_post_reshape:OpId_50 (cycles)
300668047265,EXECUTE,8359,CYCLES,BACKEND,SUB-EVENT,_Transpose_2:OpId_52 (cycles)
300668047265,EXECUTE,0,CYCLES,BACKEND,SUB-EVENT,_Slice:OpId_54 (cycles)
300668047265,EXECUTE,617,CYCLES,BACKEND,SUB-EVENT,_Slice_1:OpId_60 (cycles)
300668047265,EXECUTE,7452,CYCLES,BACKEND,SUB-EVENT,_Mul_3:OpId_66 (cycles)
300668047265,EXECUTE,5980,CYCLES,BACKEND,SUB-EVENT,_Mul_4:OpId_69 (cycles)
300668047265,EXECUTE,822,CYCLES,BACKEND,SUB-EVENT,_Sub:OpId_71 (cycles)
300668047265,EXECUTE,5312,CYCLES,BACKEND,SUB-EVENT,_Mul_5:OpId_73 (cycles)
300668047265,EXECUTE,7461,CYCLES,BACKEND,SUB-EVENT,_Mul_6:OpId_75 (cycles)
300668047265,EXECUTE,6325,CYCLES,BACKEND,SUB-EVENT,_Add_4:OpId_77 (cycles)
300668047265,EXECUTE,1191,CYCLES,BACKEND,SUB-EVENT,_Concat:OpId_79 (cycles)
300668047265,EXECUTE,0,CYCLES,BACKEND,SUB-EVENT,_Slice_2:OpId_82 (cycles)
300668047265,EXECUTE,1372,CYCLES,BACKEND,SUB-EVENT,_Slice_3:OpId_88 (cycles)
300668047265,EXECUTE,8688,CYCLES,BACKEND,SUB-EVENT,_Mul_7:OpId_93 (cycles)
300668047265,EXECUTE,7249,CYCLES,BACKEND,SUB-EVENT,_Mul_8:OpId_95 (cycles)
300668047265,EXECUTE,826,CYCLES,BACKEND,SUB-EVENT,_Sub_1:OpId_97 (cycles)
300668047265,EXECUTE,7214,CYCLES,BACKEND,SUB-EVENT,_Mul_9:OpId_99 (cycles)
300668047265,EXECUTE,8662,CYCLES,BACKEND,SUB-EVENT,_Mul_10:OpId_101 (cycles)
300668047265,EXECUTE,1445,CYCLES,BACKEND,SUB-EVENT,_Add_5:OpId_103 (cycles)
300668047265,EXECUTE,2097,CYCLES,BACKEND,SUB-EVENT,_Concat_1:OpId_105 (cycles)
300668047265,EXECUTE,0,CYCLES,BACKEND,SUB-EVENT,_Unsqueeze_4:OpId_107 (cycles)
300668047265,EXECUTE,1895,CYCLES,BACKEND,SUB-EVENT,_Tile:OpId_109 (cycles)
300668047265,EXECUTE,0,CYCLES,BACKEND,SUB-EVENT,_Reshape_3:OpId_110 (cycles)
300668047265,EXECUTE,0,CYCLES,BACKEND,SUB-EVENT,_Unsqueeze_5:OpId_111 (cycles)
300668047265,EXECUTE,2216,CYCLES,BACKEND,SUB-EVENT,_Tile_1:OpId_113 (cycles)
300668047265,EXECUTE,0,CYCLES,BACKEND,SUB-EVENT,_Reshape_4:OpId_114 (cycles)
300668047265,EXECUTE,0,CYCLES,BACKEND,SUB-EVENT,_Transpose_3:OpId_116 (cycles)
300668047265,EXECUTE,75796,CYCLES,BACKEND,SUB-EVENT,_MatMul_3:OpId_117 (cycles)
300668047265,EXECUTE,17548,CYCLES,BACKEND,SUB-EVENT,_Mul_11:OpId_122 (cycles)
300668047265,EXECUTE,0,CYCLES,BACKEND,SUB-EVENT,_Unsqueeze_7_output_0_cast_to_bool:OpId_125 (cycles)
300668047265,EXECUTE,19918,CYCLES,BACKEND,SUB-EVENT,_Where:OpId_127 (cycles)
300668047265,EXECUTE,19003,CYCLES,BACKEND,SUB-EVENT,_Softmax:OpId_128 (cycles)
300668047265,EXECUTE,21380,CYCLES,BACKEND,SUB-EVENT,_MatMul_4:OpId_131 (cycles)
300668047265,EXECUTE,0,CYCLES,BACKEND,SUB-EVENT,_Transpose_4:OpId_136 (cycles)
300668047265,EXECUTE,0,CYCLES,BACKEND,SUB-EVENT,_Reshape_5:OpId_137 (cycles)
300668047265,EXECUTE,3332,CYCLES,BACKEND,SUB-EVENT,_MatMul_5:OpId_139 (cycles)
300668047265,EXECUTE,0,CYCLES,BACKEND,SUB-EVENT,_MatMul_5_post_reshape:OpId_142 (cycles)
300668047265,EXECUTE,0,CYCLES,BACKEND,SUB-EVENT,_MatMul_5_output_0_nfc:OpId_144 (cycles)
300668047265,EXECUTE,1093,CYCLES,BACKEND,SUB-EVENT,_Add_6:OpId_146 (cycles)
300668047265,EXECUTE,0,CYCLES,BACKEND,SUB-EVENT,_Add_6_output_0_ncf:OpId_149 (cycles)
300668047265,EXECUTE,5702,CYCLES,BACKEND,SUB-EVENT,rms_norm__Mul_14_output_0:OpId_154 (cycles)
300668047265,EXECUTE,0,CYCLES,BACKEND,SUB-EVENT,_MatMul_7_pre_reshape:OpId_157 (cycles)
300668047265,EXECUTE,0,CYCLES,BACKEND,SUB-EVENT,_MatMul_6_pre_reshape:OpId_158 (cycles)
300668047265,EXECUTE,3532,CYCLES,BACKEND,SUB-EVENT,_MatMul_6:OpId_160 (cycles)
300668047265,EXECUTE,0,CYCLES,BACKEND,SUB-EVENT,_MatMul_6_post_reshape:OpId_163 (cycles)
300668047265,EXECUTE,0,CYCLES,BACKEND,SUB-EVENT,_Sigmoid:OpId_164 (cycles)
300668047265,EXECUTE,42394,CYCLES,BACKEND,SUB-EVENT,_Mul_15:OpId_171 (cycles)
300668047265,EXECUTE,4210,CYCLES,BACKEND,SUB-EVENT,_MatMul_7:OpId_174 (cycles)
300668047265,EXECUTE,0,CYCLES,BACKEND,SUB-EVENT,_MatMul_7_post_reshape:OpId_177 (cycles)
300668047265,EXECUTE,32893,CYCLES,BACKEND,SUB-EVENT,_Mul_16:OpId_178 (cycles)
300668047265,EXECUTE,0,CYCLES,BACKEND,SUB-EVENT,_MatMul_8_pre_reshape:OpId_180 (cycles)
300668047265,EXECUTE,2239,CYCLES,BACKEND,SUB-EVENT,_MatMul_8:OpId_182 (cycles)
300668047265,EXECUTE,0,CYCLES,BACKEND,SUB-EVENT,_MatMul_8_post_reshape:OpId_185 (cycles)
300668047265,EXECUTE,0,CYCLES,BACKEND,SUB-EVENT,_MatMul_8_output_0_nfc:OpId_187 (cycles)
300668047265,EXECUTE,2718,CYCLES,BACKEND,SUB-EVENT,_Add_8:OpId_189 (cycles)
300668047265,EXECUTE,4178,CYCLES,BACKEND,SUB-EVENT,hidden_out_ncf:OpId_192 (cycles)
300668047265,EXECUTE,8550,CYCLES,BACKEND,SUB-EVENT,Output OpId_3 (cycles)
300668047265,EXECUTE,4269,US,BACKEND,ROOT,Accelerator (execute) time
300668047265,EXECUTE,2447,US,BACKEND,ROOT,Accelerator (execute excluding wait) time
300668047265,EXECUTE,7645,US,BACKEND,ROOT,QNN (execute) time
300668058958,EXECUTE,7438,US,NETRUN,ROOT,Graph 0: tiny_block_prefill
300668058958,EXECUTE,4,COUNT,BACKEND,ROOT,Number of HVX threads used
300668058958,EXECUTE,6986,US,BACKEND,ROOT,RPC (execute) time
300668058958,EXECUTE,5983,US,BACKEND,ROOT,QNN accelerator (execute) time
300668058958,EXECUTE,0,COUNT,BACKEND,ROOT,Num times yield occured
300668058958,EXECUTE,7112,US,BACKEND,ROOT,Time for initial VTCM acquire
300668058958,EXECUTE,4645,US,BACKEND,ROOT,Time for HVX + HMX power on and acquire
300668058958,EXECUTE,2608384,CYCLES,BACKEND,ROOT,Accelerator (execute) time (cycles)
300668058958,EXECUTE,1117,CYCLES,BACKEND,SUB-EVENT,Input OpId_2 (cycles)
300668058958,EXECUTE,0,CYCLES,BACKEND,SUB-EVENT,hidden_states_nfc:OpId_17 (cycles)
300668058958,EXECUTE,14705,CYCLES,BACKEND,SUB-EVENT,rms_norm__Mul_2_output_0:OpId_22 (cycles)
300668058958,EXECUTE,0,CYCLES,BACKEND,SUB-EVENT,_MatMul_2_pre_reshape:OpId_25 (cycles)
300668058958,EXECUTE,0,CYCLES,BACKEND,SUB-EVENT,_MatMul_1_pre_reshape:OpId_26 (cycles)
300668058958,EXECUTE,0,CYCLES,BACKEND,SUB-EVENT,_MatMul_pre_reshape:OpId_27 (cycles)
300668058958,EXECUTE,0,CYCLES,BACKEND,SUB-EVENT,_MatMul_lhs_reshape:OpId_30 (cycles)
300668058958,EXECUTE,0,CYCLES,BACKEND,SUB-EVENT,_MatMul_lhs_cast_fp16:OpId_31 (cycles)
300668058958,EXECUTE,6757,CYCLES,BACKEND,SUB-EVENT,_MatMul_pack_lhs_q13:OpId_32 (cycles)
300668058958,EXECUTE,246,CYCLES,BACKEND,SUB-EVENT,_MatMul_rhs_cast_fp16:OpId_33 (cycles)
300668058958,EXECUTE,2256017,CYCLES,BACKEND,SUB-EVENT,_MatMul:OpId_34 (cycles)
300668058958,EXECUTE,0,CYCLES,BACKEND,SUB-EVENT,_MatMul_output_reshape:OpId_35 (cycles)
300668058958,EXECUTE,2039,CYCLES,BACKEND,SUB-EVENT,_MatMul_post_reshape:OpId_36 (cycles)
300668058958,EXECUTE,2115,CYCLES,BACKEND,SUB-EVENT,_Transpose:OpId_38 (cycles)
300668058958,EXECUTE,0,CYCLES,BACKEND,SUB-EVENT,_MatMul_1:OpId_41 (cycles)
300668058958,EXECUTE,0,CYCLES,BACKEND,SUB-EVENT,_MatMul_1_post_reshape:OpId_43 (cycles)
300668058958,EXECUTE,4615,CYCLES,BACKEND,SUB-EVENT,_Transpose_1:OpId_45 (cycles)
300668058958,EXECUTE,0,CYCLES,BACKEND,SUB-EVENT,_MatMul_2:OpId_48 (cycles)
300668058958,EXECUTE,0,CYCLES,BACKEND,SUB-EVENT,_MatMul_2_post_reshape:OpId_50 (cycles)
300668058958,EXECUTE,8798,CYCLES,BACKEND,SUB-EVENT,_Transpose_2:OpId_52 (cycles)
300668058958,EXECUTE,0,CYCLES,BACKEND,SUB-EVENT,_Slice:OpId_54 (cycles)
300668058958,EXECUTE,645,CYCLES,BACKEND,SUB-EVENT,_Slice_1:OpId_60 (cycles)
300668058958,EXECUTE,6994,CYCLES,BACKEND,SUB-EVENT,_Mul_3:OpId_66 (cycles)
300668058958,EXECUTE,5174,CYCLES,BACKEND,SUB-EVENT,_Mul_4:OpId_69 (cycles)
300668058958,EXECUTE,836,CYCLES,BACKEND,SUB-EVENT,_Sub:OpId_71 (cycles)
300668058958,EXECUTE,4607,CYCLES,BACKEND,SUB-EVENT,_Mul_5:OpId_73 (cycles)
300668058958,EXECUTE,6500,CYCLES,BACKEND,SUB-EVENT,_Mul_6:OpId_75 (cycles)
300668058958,EXECUTE,3580,CYCLES,BACKEND,SUB-EVENT,_Add_4:OpId_77 (cycles)
300668058958,EXECUTE,1122,CYCLES,BACKEND,SUB-EVENT,_Concat:OpId_79 (cycles)
300668058958,EXECUTE,0,CYCLES,BACKEND,SUB-EVENT,_Slice_2:OpId_82 (cycles)
300668058958,EXECUTE,1381,CYCLES,BACKEND,SUB-EVENT,_Slice_3:OpId_88 (cycles)
300668058958,EXECUTE,7969,CYCLES,BACKEND,SUB-EVENT,_Mul_7:OpId_93 (cycles)
300668058958,EXECUTE,6553,CYCLES,BACKEND,SUB-EVENT,_Mul_8:OpId_95 (cycles)
300668058958,EXECUTE,827,CYCLES,BACKEND,SUB-EVENT,_Sub_1:OpId_97 (cycles)
300668058958,EXECUTE,6511,CYCLES,BACKEND,SUB-EVENT,_Mul_9:OpId_99 (cycles)
300668058958,EXECUTE,7900,CYCLES,BACKEND,SUB-EVENT,_Mul_10:OpId_101 (cycles)
300668058958,EXECUTE,1291,CYCLES,BACKEND,SUB-EVENT,_Add_5:OpId_103 (cycles)
300668058958,EXECUTE,2555,CYCLES,BACKEND,SUB-EVENT,_Concat_1:OpId_105 (cycles)
300668058958,EXECUTE,0,CYCLES,BACKEND,SUB-EVENT,_Unsqueeze_4:OpId_107 (cycles)
300668058958,EXECUTE,2107,CYCLES,BACKEND,SUB-EVENT,_Tile:OpId_109 (cycles)
300668058958,EXECUTE,0,CYCLES,BACKEND,SUB-EVENT,_Reshape_3:OpId_110 (cycles)
300668058958,EXECUTE,0,CYCLES,BACKEND,SUB-EVENT,_Unsqueeze_5:OpId_111 (cycles)
300668058958,EXECUTE,2212,CYCLES,BACKEND,SUB-EVENT,_Tile_1:OpId_113 (cycles)
300668058958,EXECUTE,0,CYCLES,BACKEND,SUB-EVENT,_Reshape_4:OpId_114 (cycles)
300668058958,EXECUTE,0,CYCLES,BACKEND,SUB-EVENT,_Transpose_3:OpId_116 (cycles)
300668058958,EXECUTE,64941,CYCLES,BACKEND,SUB-EVENT,_MatMul_3:OpId_117 (cycles)
300668058958,EXECUTE,21558,CYCLES,BACKEND,SUB-EVENT,_Mul_11:OpId_122 (cycles)
300668058958,EXECUTE,0,CYCLES,BACKEND,SUB-EVENT,_Unsqueeze_7_output_0_cast_to_bool:OpId_125 (cycles)
300668058958,EXECUTE,20431,CYCLES,BACKEND,SUB-EVENT,_Where:OpId_127 (cycles)
300668058958,EXECUTE,18071,CYCLES,BACKEND,SUB-EVENT,_Softmax:OpId_128 (cycles)
300668058958,EXECUTE,15798,CYCLES,BACKEND,SUB-EVENT,_MatMul_4:OpId_131 (cycles)
300668058958,EXECUTE,0,CYCLES,BACKEND,SUB-EVENT,_Transpose_4:OpId_136 (cycles)
300668058958,EXECUTE,0,CYCLES,BACKEND,SUB-EVENT,_Reshape_5:OpId_137 (cycles)
300668058958,EXECUTE,3581,CYCLES,BACKEND,SUB-EVENT,_MatMul_5:OpId_139 (cycles)
300668058958,EXECUTE,0,CYCLES,BACKEND,SUB-EVENT,_MatMul_5_post_reshape:OpId_142 (cycles)
300668058958,EXECUTE,0,CYCLES,BACKEND,SUB-EVENT,_MatMul_5_output_0_nfc:OpId_144 (cycles)
300668058958,EXECUTE,1079,CYCLES,BACKEND,SUB-EVENT,_Add_6:OpId_146 (cycles)
300668058958,EXECUTE,0,CYCLES,BACKEND,SUB-EVENT,_Add_6_output_0_ncf:OpId_149 (cycles)
300668058958,EXECUTE,5713,CYCLES,BACKEND,SUB-EVENT,rms_norm__Mul_14_output_0:OpId_154 (cycles)
300668058958,EXECUTE,0,CYCLES,BACKEND,SUB-EVENT,_MatMul_7_pre_reshape:OpId_157 (cycles)
300668058958,EXECUTE,0,CYCLES,BACKEND,SUB-EVENT,_MatMul_6_pre_reshape:OpId_158 (cycles)
300668058958,EXECUTE,3848,CYCLES,BACKEND,SUB-EVENT,_MatMul_6:OpId_160 (cycles)
300668058958,EXECUTE,0,CYCLES,BACKEND,SUB-EVENT,_MatMul_6_post_reshape:OpId_163 (cycles)
300668058958,EXECUTE,0,CYCLES,BACKEND,SUB-EVENT,_Sigmoid:OpId_164 (cycles)
300668058958,EXECUTE,39891,CYCLES,BACKEND,SUB-EVENT,_Mul_15:OpId_171 (cycles)
300668058958,EXECUTE,2901,CYCLES,BACKEND,SUB-EVENT,_MatMul_7:OpId_174 (cycles)
300668058958,EXECUTE,0,CYCLES,BACKEND,SUB-EVENT,_MatMul_7_post_reshape:OpId_177 (cycles)
300668058958,EXECUTE,25540,CYCLES,BACKEND,SUB-EVENT,_Mul_16:OpId_178 (cycles)
300668058958,EXECUTE,0,CYCLES,BACKEND,SUB-EVENT,_MatMul_8_pre_reshape:OpId_180 (cycles)
300668058958,EXECUTE,2252,CYCLES,BACKEND,SUB-EVENT,_MatMul_8:OpId_182 (cycles)
300668058958,EXECUTE,0,CYCLES,BACKEND,SUB-EVENT,_MatMul_8_post_reshape:OpId_185 (cycles)
300668058958,EXECUTE,0,CYCLES,BACKEND,SUB-EVENT,_MatMul_8_output_0_nfc:OpId_187 (cycles)
300668058958,EXECUTE,2725,CYCLES,BACKEND,SUB-EVENT,_Add_8:OpId_189 (cycles)
300668058958,EXECUTE,7570,CYCLES,BACKEND,SUB-EVENT,hidden_out_ncf:OpId_192 (cycles)
300668058958,EXECUTE,7312,CYCLES,BACKEND,SUB-EVENT,Output OpId_3 (cycles)
300668058958,EXECUTE,4158,US,BACKEND,ROOT,Accelerator (execute) time
300668058958,EXECUTE,2379,US,BACKEND,ROOT,Accelerator (execute excluding wait) time
300668058958,EXECUTE,7405,US,BACKEND,ROOT,QNN (execute) time
300668070704,EXECUTE,7445,US,NETRUN,ROOT,Graph 0: tiny_block_prefill
300668070704,EXECUTE,4,COUNT,BACKEND,ROOT,Number of HVX threads used
300668070704,EXECUTE,7045,US,BACKEND,ROOT,RPC (execute) time
300668070704,EXECUTE,6050,US,BACKEND,ROOT,QNN accelerator (execute) time
300668070704,EXECUTE,0,COUNT,BACKEND,ROOT,Num times yield occured
300668070704,EXECUTE,7087,US,BACKEND,ROOT,Time for initial VTCM acquire
300668070704,EXECUTE,4670,US,BACKEND,ROOT,Time for HVX + HMX power on and acquire
300668070704,EXECUTE,2590476,CYCLES,BACKEND,ROOT,Accelerator (execute) time (cycles)
300668070704,EXECUTE,1211,CYCLES,BACKEND,SUB-EVENT,Input OpId_2 (cycles)
300668070704,EXECUTE,0,CYCLES,BACKEND,SUB-EVENT,hidden_states_nfc:OpId_17 (cycles)
300668070704,EXECUTE,14314,CYCLES,BACKEND,SUB-EVENT,rms_norm__Mul_2_output_0:OpId_22 (cycles)
300668070704,EXECUTE,0,CYCLES,BACKEND,SUB-EVENT,_MatMul_2_pre_reshape:OpId_25 (cycles)
300668070704,EXECUTE,0,CYCLES,BACKEND,SUB-EVENT,_MatMul_1_pre_reshape:OpId_26 (cycles)
300668070704,EXECUTE,0,CYCLES,BACKEND,SUB-EVENT,_MatMul_pre_reshape:OpId_27 (cycles)
300668070704,EXECUTE,0,CYCLES,BACKEND,SUB-EVENT,_MatMul_lhs_reshape:OpId_30 (cycles)
300668070704,EXECUTE,0,CYCLES,BACKEND,SUB-EVENT,_MatMul_lhs_cast_fp16:OpId_31 (cycles)
300668070704,EXECUTE,6883,CYCLES,BACKEND,SUB-EVENT,_MatMul_pack_lhs_q13:OpId_32 (cycles)
300668070704,EXECUTE,282,CYCLES,BACKEND,SUB-EVENT,_MatMul_rhs_cast_fp16:OpId_33 (cycles)
300668070704,EXECUTE,2245242,CYCLES,BACKEND,SUB-EVENT,_MatMul:OpId_34 (cycles)
300668070704,EXECUTE,0,CYCLES,BACKEND,SUB-EVENT,_MatMul_output_reshape:OpId_35 (cycles)
300668070704,EXECUTE,2052,CYCLES,BACKEND,SUB-EVENT,_MatMul_post_reshape:OpId_36 (cycles)
300668070704,EXECUTE,2361,CYCLES,BACKEND,SUB-EVENT,_Transpose:OpId_38 (cycles)
300668070704,EXECUTE,0,CYCLES,BACKEND,SUB-EVENT,_MatMul_1:OpId_41 (cycles)
300668070704,EXECUTE,0,CYCLES,BACKEND,SUB-EVENT,_MatMul_1_post_reshape:OpId_43 (cycles)
300668070704,EXECUTE,5732,CYCLES,BACKEND,SUB-EVENT,_Transpose_1:OpId_45 (cycles)
300668070704,EXECUTE,0,CYCLES,BACKEND,SUB-EVENT,_MatMul_2:OpId_48 (cycles)
300668070704,EXECUTE,0,CYCLES,BACKEND,SUB-EVENT,_MatMul_2_post_reshape:OpId_50 (cycles)
300668070704,EXECUTE,6804,CYCLES,BACKEND,SUB-EVENT,_Transpose_2:OpId_52 (cycles)
300668070704,EXECUTE,0,CYCLES,BACKEND,SUB-EVENT,_Slice:OpId_54 (cycles)
300668070704,EXECUTE,640,CYCLES,BACKEND,SUB-EVENT,_Slice_1:OpId_60 (cycles)
300668070704,EXECUTE,7119,CYCLES,BACKEND,SUB-EVENT,_Mul_3:OpId_66 (cycles)
300668070704,EXECUTE,5603,CYCLES,BACKEND,SUB-EVENT,_Mul_4:OpId_69 (cycles)
300668070704,EXECUTE,833,CYCLES,BACKEND,SUB-EVENT,_Sub:OpId_71 (cycles)
300668070704,EXECUTE,5007,CYCLES,BACKEND,SUB-EVENT,_Mul_5:OpId_73 (cycles)
300668070704,EXECUTE,6872,CYCLES,BACKEND,SUB-EVENT,_Mul_6:OpId_75 (cycles)
300668070704,EXECUTE,3142,CYCLES,BACKEND,SUB-EVENT,_Add_4:OpId_77 (cycles)
300668070704,EXECUTE,1322,CYCLES,BACKEND,SUB-EVENT,_Concat:OpId_79 (cycles)
300668070704,EXECUTE,0,CYCLES,BACKEND,SUB-EVENT,_Slice_2:OpId_82 (cycles)
300668070704,EXECUTE,1535,CYCLES,BACKEND,SUB-EVENT,_Slice_3:OpId_88 (cycles)
300668070704,EXECUTE,8103,CYCLES,BACKEND,SUB-EVENT,_Mul_7:OpId_93 (cycles)
300668070704,EXECUTE,6565,CYCLES,BACKEND,SUB-EVENT,_Mul_8:OpId_95 (cycles)
300668070704,EXECUTE,827,CYCLES,BACKEND,SUB-EVENT,_Sub_1:OpId_97 (cycles)
300668070704,EXECUTE,6535,CYCLES,BACKEND,SUB-EVENT,_Mul_9:OpId_99 (cycles)
300668070704,EXECUTE,8076,CYCLES,BACKEND,SUB-EVENT,_Mul_10:OpId_101 (cycles)
300668070704,EXECUTE,1223,CYCLES,BACKEND,SUB-EVENT,_Add_5:OpId_103 (cycles)
300668070704,EXECUTE,2093,CYCLES,BACKEND,SUB-EVENT,_Concat_1:OpId_105 (cycles)
300668070704,EXECUTE,0,CYCLES,BACKEND,SUB-EVENT,_Unsqueeze_4:OpId_107 (cycles)
300668070704,EXECUTE,1737,CYCLES,BACKEND,SUB-EVENT,_Tile:OpId_109 (cycles)
300668070704,EXECUTE,0,CYCLES,BACKEND,SUB-EVENT,_Reshape_3:OpId_110 (cycles)
300668070704,EXECUTE,0,CYCLES,BACKEND,SUB-EVENT,_Unsqueeze_5:OpId_111 (cycles)
300668070704,EXECUTE,2224,CYCLES,BACKEND,SUB-EVENT,_Tile_1:OpId_113 (cycles)
300668070704,EXECUTE,0,CYCLES,BACKEND,SUB-EVENT,_Reshape_4:OpId_114 (cycles)
300668070704,EXECUTE,0,CYCLES,BACKEND,SUB-EVENT,_Transpose_3:OpId_116 (cycles)
300668070704,EXECUTE,56717,CYCLES,BACKEND,SUB-EVENT,_MatMul_3:OpId_117 (cycles)
300668070704,EXECUTE,20844,CYCLES,BACKEND,SUB-EVENT,_Mul_11:OpId_122 (cycles)
300668070704,EXECUTE,0,CYCLES,BACKEND,SUB-EVENT,_Unsqueeze_7_output_0_cast_to_bool:OpId_125 (cycles)
300668070704,EXECUTE,19904,CYCLES,BACKEND,SUB-EVENT,_Where:OpId_127 (cycles)
300668070704,EXECUTE,17703,CYCLES,BACKEND,SUB-EVENT,_Softmax:OpId_128 (cycles)
300668070704,EXECUTE,16536,CYCLES,BACKEND,SUB-EVENT,_MatMul_4:OpId_131 (cycles)
300668070704,EXECUTE,0,CYCLES,BACKEND,SUB-EVENT,_Transpose_4:OpId_136 (cycles)
300668070704,EXECUTE,0,CYCLES,BACKEND,SUB-EVENT,_Reshape_5:OpId_137 (cycles)
300668070704,EXECUTE,1165,CYCLES,BACKEND,SUB-EVENT,_MatMul_5:OpId_139 (cycles)
300668070704,EXECUTE,0,CYCLES,BACKEND,SUB-EVENT,_MatMul_5_post_reshape:OpId_142 (cycles)
300668070704,EXECUTE,0,CYCLES,BACKEND,SUB-EVENT,_MatMul_5_output_0_nfc:OpId_144 (cycles)
300668070704,EXECUTE,1112,CYCLES,BACKEND,SUB-EVENT,_Add_6:OpId_146 (cycles)
300668070704,EXECUTE,0,CYCLES,BACKEND,SUB-EVENT,_Add_6_output_0_ncf:OpId_149 (cycles)
300668070704,EXECUTE,5745,CYCLES,BACKEND,SUB-EVENT,rms_norm__Mul_14_output_0:OpId_154 (cycles)
300668070704,EXECUTE,0,CYCLES,BACKEND,SUB-EVENT,_MatMul_7_pre_reshape:OpId_157 (cycles)
300668070704,EXECUTE,0,CYCLES,BACKEND,SUB-EVENT,_MatMul_6_pre_reshape:OpId_158 (cycles)
300668070704,EXECUTE,6408,CYCLES,BACKEND,SUB-EVENT,_MatMul_6:OpId_160 (cycles)
300668070704,EXECUTE,0,CYCLES,BACKEND,SUB-EVENT,_MatMul_6_post_reshape:OpId_163 (cycles)
300668070704,EXECUTE,0,CYCLES,BACKEND,SUB-EVENT,_Sigmoid:OpId_164 (cycles)
300668070704,EXECUTE,38885,CYCLES,BACKEND,SUB-EVENT,_Mul_15:OpId_171 (cycles)
300668070704,EXECUTE,4437,CYCLES,BACKEND,SUB-EVENT,_MatMul_7:OpId_174 (cycles)
300668070704,EXECUTE,0,CYCLES,BACKEND,SUB-EVENT,_MatMul_7_post_reshape:OpId_177 (cycles)
300668070704,EXECUTE,27398,CYCLES,BACKEND,SUB-EVENT,_Mul_16:OpId_178 (cycles)
300668070704,EXECUTE,0,CYCLES,BACKEND,SUB-EVENT,_MatMul_8_pre_reshape:OpId_180 (cycles)
300668070704,EXECUTE,2253,CYCLES,BACKEND,SUB-EVENT,_MatMul_8:OpId_182 (cycles)
300668070704,EXECUTE,0,CYCLES,BACKEND,SUB-EVENT,_MatMul_8_post_reshape:OpId_185 (cycles)
300668070704,EXECUTE,0,CYCLES,BACKEND,SUB-EVENT,_MatMul_8_output_0_nfc:OpId_187 (cycles)
300668070704,EXECUTE,2714,CYCLES,BACKEND,SUB-EVENT,_Add_8:OpId_189 (cycles)
300668070704,EXECUTE,6646,CYCLES,BACKEND,SUB-EVENT,hidden_out_ncf:OpId_192 (cycles)
300668070704,EXECUTE,7672,CYCLES,BACKEND,SUB-EVENT,Output OpId_3 (cycles)
300668070704,EXECUTE,4184,US,BACKEND,ROOT,Accelerator (execute) time
300668070704,EXECUTE,2394,US,BACKEND,ROOT,Accelerator (execute excluding wait) time
300668070704,EXECUTE,7412,US,BACKEND,ROOT,QNN (execute) time
300668082470,EXECUTE,7441,US,NETRUN,ROOT,Graph 0: tiny_block_prefill
300668082470,EXECUTE,4,COUNT,BACKEND,ROOT,Number of HVX threads used
300668082470,EXECUTE,6981,US,BACKEND,ROOT,RPC (execute) time
300668082470,EXECUTE,5976,US,BACKEND,ROOT,QNN accelerator (execute) time
300668082470,EXECUTE,0,COUNT,BACKEND,ROOT,Num times yield occured
300668082470,EXECUTE,7097,US,BACKEND,ROOT,Time for initial VTCM acquire
300668082470,EXECUTE,4726,US,BACKEND,ROOT,Time for HVX + HMX power on and acquire
300668082470,EXECUTE,2568713,CYCLES,BACKEND,ROOT,Accelerator (execute) time (cycles)
300668082470,EXECUTE,1260,CYCLES,BACKEND,SUB-EVENT,Input OpId_2 (cycles)
300668082470,EXECUTE,0,CYCLES,BACKEND,SUB-EVENT,hidden_states_nfc:OpId_17 (cycles)
300668082470,EXECUTE,14866,CYCLES,BACKEND,SUB-EVENT,rms_norm__Mul_2_output_0:OpId_22 (cycles)
300668082470,EXECUTE,0,CYCLES,BACKEND,SUB-EVENT,_MatMul_2_pre_reshape:OpId_25 (cycles)
300668082470,EXECUTE,0,CYCLES,BACKEND,SUB-EVENT,_MatMul_1_pre_reshape:OpId_26 (cycles)
300668082470,EXECUTE,0,CYCLES,BACKEND,SUB-EVENT,_MatMul_pre_reshape:OpId_27 (cycles)
300668082470,EXECUTE,0,CYCLES,BACKEND,SUB-EVENT,_MatMul_lhs_reshape:OpId_30 (cycles)
300668082470,EXECUTE,0,CYCLES,BACKEND,SUB-EVENT,_MatMul_lhs_cast_fp16:OpId_31 (cycles)
300668082470,EXECUTE,6724,CYCLES,BACKEND,SUB-EVENT,_MatMul_pack_lhs_q13:OpId_32 (cycles)
300668082470,EXECUTE,328,CYCLES,BACKEND,SUB-EVENT,_MatMul_rhs_cast_fp16:OpId_33 (cycles)
300668082470,EXECUTE,2220888,CYCLES,BACKEND,SUB-EVENT,_MatMul:OpId_34 (cycles)
300668082470,EXECUTE,0,CYCLES,BACKEND,SUB-EVENT,_MatMul_output_reshape:OpId_35 (cycles)
300668082470,EXECUTE,2083,CYCLES,BACKEND,SUB-EVENT,_MatMul_post_reshape:OpId_36 (cycles)
300668082470,EXECUTE,2128,CYCLES,BACKEND,SUB-EVENT,_Transpose:OpId_38 (cycles)
300668082470,EXECUTE,0,CYCLES,BACKEND,SUB-EVENT,_MatMul_1:OpId_41 (cycles)
300668082470,EXECUTE,0,CYCLES,BACKEND,SUB-EVENT,_MatMul_1_post_reshape:OpId_43 (cycles)
300668082470,EXECUTE,5328,CYCLES,BACKEND,SUB-EVENT,_Transpose_1:OpId_45 (cycles)
300668082470,EXECUTE,0,CYCLES,BACKEND,SUB-EVENT,_MatMul_2:OpId_48 (cycles)
300668082470,EXECUTE,0,CYCLES,BACKEND,SUB-EVENT,_MatMul_2_post_reshape:OpId_50 (cycles)
300668082470,EXECUTE,6602,CYCLES,BACKEND,SUB-EVENT,_Transpose_2:OpId_52 (cycles)
300668082470,EXECUTE,0,CYCLES,BACKEND,SUB-EVENT,_Slice:OpId_54 (cycles)
300668082470,EXECUTE,619,CYCLES,BACKEND,SUB-EVENT,_Slice_1:OpId_60 (cycles)
300668082470,EXECUTE,7352,CYCLES,BACKEND,SUB-EVENT,_Mul_3:OpId_66 (cycles)
300668082470,EXECUTE,5503,CYCLES,BACKEND,SUB-EVENT,_Mul_4:OpId_69 (cycles)
300668082470,EXECUTE,816,CYCLES,BACKEND,SUB-EVENT,_Sub:OpId_71 (cycles)
300668082470,EXECUTE,4846,CYCLES,BACKEND,SUB-EVENT,_Mul_5:OpId_73 (cycles)
300668082470,EXECUTE,6779,CYCLES,BACKEND,SUB-EVENT,_Mul_6:OpId_75 (cycles)
300668082470,EXECUTE,3179,CYCLES,BACKEND,SUB-EVENT,_Add_4:OpId_77 (cycles)
300668082470,EXECUTE,1247,CYCLES,BACKEND,SUB-EVENT,_Concat:OpId_79 (cycles)
300668082470,EXECUTE,0,CYCLES,BACKEND,SUB-EVENT,_Slice_2:OpId_82 (cycles)
300668082470,EXECUTE,1404,CYCLES,BACKEND,SUB-EVENT,_Slice_3:OpId_88 (cycles)
300668082470,EXECUTE,8660,CYCLES,BACKEND,SUB-EVENT,_Mul_7:OpId_93 (cycles)
300668082470,EXECUTE,7280,CYCLES,BACKEND,SUB-EVENT,_Mul_8:OpId_95 (cycles)
300668082470,EXECUTE,840,CYCLES,BACKEND,SUB-EVENT,_Sub_1:OpId_97 (cycles)
300668082470,EXECUTE,7254,CYCLES,BACKEND,SUB-EVENT,_Mul_9:OpId_99 (cycles)
300668082470,EXECUTE,8653,CYCLES,BACKEND,SUB-EVENT,_Mul_10:OpId_101 (cycles)
300668082470,EXECUTE,1270,CYCLES,BACKEND,SUB-EVENT,_Add_5:OpId_103 (cycles)
300668082470,EXECUTE,1723,CYCLES,BACKEND,SUB-EVENT,_Concat_1:OpId_105 (cycles)
300668082470,EXECUTE,0,CYCLES,BACKEND,SUB-EVENT,_Unsqueeze_4:OpId_107 (cycles)
300668082470,EXECUTE,1991,CYCLES,BACKEND,SUB-EVENT,_Tile:OpId_109 (cycles)
300668082470,EXECUTE,0,CYCLES,BACKEND,SUB-EVENT,_Reshape_3:OpId_110 (cycles)
300668082470,EXECUTE,0,CYCLES,BACKEND,SUB-EVENT,_Unsqueeze_5:OpId_111 (cycles)
300668082470,EXECUTE,2186,CYCLES,BACKEND,SUB-EVENT,_Tile_1:OpId_113 (cycles)
300668082470,EXECUTE,0,CYCLES,BACKEND,SUB-EVENT,_Reshape_4:OpId_114 (cycles)
300668082470,EXECUTE,0,CYCLES,BACKEND,SUB-EVENT,_Transpose_3:OpId_116 (cycles)
300668082470,EXECUTE,63464,CYCLES,BACKEND,SUB-EVENT,_MatMul_3:OpId_117 (cycles)
300668082470,EXECUTE,18774,CYCLES,BACKEND,SUB-EVENT,_Mul_11:OpId_122 (cycles)
300668082470,EXECUTE,0,CYCLES,BACKEND,SUB-EVENT,_Unsqueeze_7_output_0_cast_to_bool:OpId_125 (cycles)
300668082470,EXECUTE,19742,CYCLES,BACKEND,SUB-EVENT,_Where:OpId_127 (cycles)
300668082470,EXECUTE,17576,CYCLES,BACKEND,SUB-EVENT,_Softmax:OpId_128 (cycles)
300668082470,EXECUTE,16388,CYCLES,BACKEND,SUB-EVENT,_MatMul_4:OpId_131 (cycles)
300668082470,EXECUTE,0,CYCLES,BACKEND,SUB-EVENT,_Transpose_4:OpId_136 (cycles)
300668082470,EXECUTE,0,CYCLES,BACKEND,SUB-EVENT,_Reshape_5:OpId_137 (cycles)
300668082470,EXECUTE,1090,CYCLES,BACKEND,SUB-EVENT,_MatMul_5:OpId_139 (cycles)
300668082470,EXECUTE,0,CYCLES,BACKEND,SUB-EVENT,_MatMul_5_post_reshape:OpId_142 (cycles)
300668082470,EXECUTE,0,CYCLES,BACKEND,SUB-EVENT,_MatMul_5_output_0_nfc:OpId_144 (cycles)
300668082470,EXECUTE,1094,CYCLES,BACKEND,SUB-EVENT,_Add_6:OpId_146 (cycles)
300668082470,EXECUTE,0,CYCLES,BACKEND,SUB-EVENT,_Add_6_output_0_ncf:OpId_149 (cycles)
300668082470,EXECUTE,5699,CYCLES,BACKEND,SUB-EVENT,rms_norm__Mul_14_output_0:OpId_154 (cycles)
300668082470,EXECUTE,0,CYCLES,BACKEND,SUB-EVENT,_MatMul_7_pre_reshape:OpId_157 (cycles)
300668082470,EXECUTE,0,CYCLES,BACKEND,SUB-EVENT,_MatMul_6_pre_reshape:OpId_158 (cycles)
300668082470,EXECUTE,5413,CYCLES,BACKEND,SUB-EVENT,_MatMul_6:OpId_160 (cycles)
300668082470,EXECUTE,0,CYCLES,BACKEND,SUB-EVENT,_MatMul_6_post_reshape:OpId_163 (cycles)
300668082470,EXECUTE,0,CYCLES,BACKEND,SUB-EVENT,_Sigmoid:OpId_164 (cycles)
300668082470,EXECUTE,38026,CYCLES,BACKEND,SUB-EVENT,_Mul_15:OpId_171 (cycles)
300668082470,EXECUTE,3677,CYCLES,BACKEND,SUB-EVENT,_MatMul_7:OpId_174 (cycles)
300668082470,EXECUTE,0,CYCLES,BACKEND,SUB-EVENT,_MatMul_7_post_reshape:OpId_177 (cycles)
300668082470,EXECUTE,25759,CYCLES,BACKEND,SUB-EVENT,_Mul_16:OpId_178 (cycles)
300668082470,EXECUTE,0,CYCLES,BACKEND,SUB-EVENT,_MatMul_8_pre_reshape:OpId_180 (cycles)
300668082470,EXECUTE,3402,CYCLES,BACKEND,SUB-EVENT,_MatMul_8:OpId_182 (cycles)
300668082470,EXECUTE,0,CYCLES,BACKEND,SUB-EVENT,_MatMul_8_post_reshape:OpId_185 (cycles)
300668082470,EXECUTE,0,CYCLES,BACKEND,SUB-EVENT,_MatMul_8_output_0_nfc:OpId_187 (cycles)
300668082470,EXECUTE,2722,CYCLES,BACKEND,SUB-EVENT,_Add_8:OpId_189 (cycles)
300668082470,EXECUTE,6661,CYCLES,BACKEND,SUB-EVENT,hidden_out_ncf:OpId_192 (cycles)
300668082470,EXECUTE,7417,CYCLES,BACKEND,SUB-EVENT,Output OpId_3 (cycles)
300668082470,EXECUTE,4124,US,BACKEND,ROOT,Accelerator (execute) time
300668082470,EXECUTE,2330,US,BACKEND,ROOT,Accelerator (execute excluding wait) time
300668082470,EXECUTE,7404,US,BACKEND,ROOT,QNN (execute) time
300668094386,EXECUTE,7447,US,NETRUN,ROOT,Graph 0: tiny_block_prefill
300668094386,EXECUTE,4,COUNT,BACKEND,ROOT,Number of HVX threads used
300668094386,EXECUTE,7053,US,BACKEND,ROOT,RPC (execute) time
300668094386,EXECUTE,6057,US,BACKEND,ROOT,QNN accelerator (execute) time
300668094386,EXECUTE,0,COUNT,BACKEND,ROOT,Num times yield occured
300668094386,EXECUTE,7074,US,BACKEND,ROOT,Time for initial VTCM acquire
300668094386,EXECUTE,4830,US,BACKEND,ROOT,Time for HVX + HMX power on and acquire
300668094386,EXECUTE,2614923,CYCLES,BACKEND,ROOT,Accelerator (execute) time (cycles)
300668094386,EXECUTE,1250,CYCLES,BACKEND,SUB-EVENT,Input OpId_2 (cycles)
300668094386,EXECUTE,0,CYCLES,BACKEND,SUB-EVENT,hidden_states_nfc:OpId_17 (cycles)
300668094386,EXECUTE,15104,CYCLES,BACKEND,SUB-EVENT,rms_norm__Mul_2_output_0:OpId_22 (cycles)
300668094386,EXECUTE,0,CYCLES,BACKEND,SUB-EVENT,_MatMul_2_pre_reshape:OpId_25 (cycles)
300668094386,EXECUTE,0,CYCLES,BACKEND,SUB-EVENT,_MatMul_1_pre_reshape:OpId_26 (cycles)
300668094386,EXECUTE,0,CYCLES,BACKEND,SUB-EVENT,_MatMul_pre_reshape:OpId_27 (cycles)
300668094386,EXECUTE,0,CYCLES,BACKEND,SUB-EVENT,_MatMul_lhs_reshape:OpId_30 (cycles)
300668094386,EXECUTE,0,CYCLES,BACKEND,SUB-EVENT,_MatMul_lhs_cast_fp16:OpId_31 (cycles)
300668094386,EXECUTE,6768,CYCLES,BACKEND,SUB-EVENT,_MatMul_pack_lhs_q13:OpId_32 (cycles)
300668094386,EXECUTE,319,CYCLES,BACKEND,SUB-EVENT,_MatMul_rhs_cast_fp16:OpId_33 (cycles)
300668094386,EXECUTE,2268048,CYCLES,BACKEND,SUB-EVENT,_MatMul:OpId_34 (cycles)
300668094386,EXECUTE,0,CYCLES,BACKEND,SUB-EVENT,_MatMul_output_reshape:OpId_35 (cycles)
300668094386,EXECUTE,2053,CYCLES,BACKEND,SUB-EVENT,_MatMul_post_reshape:OpId_36 (cycles)
300668094386,EXECUTE,2379,CYCLES,BACKEND,SUB-EVENT,_Transpose:OpId_38 (cycles)
300668094386,EXECUTE,0,CYCLES,BACKEND,SUB-EVENT,_MatMul_1:OpId_41 (cycles)
300668094386,EXECUTE,0,CYCLES,BACKEND,SUB-EVENT,_MatMul_1_post_reshape:OpId_43 (cycles)
300668094386,EXECUTE,4889,CYCLES,BACKEND,SUB-EVENT,_Transpose_1:OpId_45 (cycles)
300668094386,EXECUTE,0,CYCLES,BACKEND,SUB-EVENT,_MatMul_2:OpId_48 (cycles)
300668094386,EXECUTE,0,CYCLES,BACKEND,SUB-EVENT,_MatMul_2_post_reshape:OpId_50 (cycles)
300668094386,EXECUTE,6077,CYCLES,BACKEND,SUB-EVENT,_Transpose_2:OpId_52 (cycles)
300668094386,EXECUTE,0,CYCLES,BACKEND,SUB-EVENT,_Slice:OpId_54 (cycles)
300668094386,EXECUTE,639,CYCLES,BACKEND,SUB-EVENT,_Slice_1:OpId_60 (cycles)
300668094386,EXECUTE,7317,CYCLES,BACKEND,SUB-EVENT,_Mul_3:OpId_66 (cycles)
300668094386,EXECUTE,5348,CYCLES,BACKEND,SUB-EVENT,_Mul_4:OpId_69 (cycles)
300668094386,EXECUTE,820,CYCLES,BACKEND,SUB-EVENT,_Sub:OpId_71 (cycles)
300668094386,EXECUTE,4819,CYCLES,BACKEND,SUB-EVENT,_Mul_5:OpId_73 (cycles)
300668094386,EXECUTE,6955,CYCLES,BACKEND,SUB-EVENT,_Mul_6:OpId_75 (cycles)
300668094386,EXECUTE,3077,CYCLES,BACKEND,SUB-EVENT,_Add_4:OpId_77 (cycles)
300668094386,EXECUTE,1168,CYCLES,BACKEND,SUB-EVENT,_Concat:OpId_79 (cycles)
300668094386,EXECUTE,0,CYCLES,BACKEND,SUB-EVENT,_Slice_2:OpId_82 (cycles)
300668094386,EXECUTE,1416,CYCLES,BACKEND,SUB-EVENT,_Slice_3:OpId_88 (cycles)
300668094386,EXECUTE,8297,CYCLES,BACKEND,SUB-EVENT,_Mul_7:OpId_93 (cycles)
300668094386,EXECUTE,6835,CYCLES,BACKEND,SUB-EVENT,_Mul_8:OpId_95 (cycles)
300668094386,EXECUTE,823,CYCLES,BACKEND,SUB-EVENT,_Sub_1:OpId_97 (cycles)
300668094386,EXECUTE,6779,CYCLES,BACKEND,SUB-EVENT,_Mul_9:OpId_99 (cycles)
300668094386,EXECUTE,8275,CYCLES,BACKEND,SUB-EVENT,_Mul_10:OpId_101 (cycles)
300668094386,EXECUTE,1331,CYCLES,BACKEND,SUB-EVENT,_Add_5:OpId_103 (cycles)
300668094386,EXECUTE,1632,CYCLES,BACKEND,SUB-EVENT,_Concat_1:OpId_105 (cycles)
300668094386,EXECUTE,0,CYCLES,BACKEND,SUB-EVENT,_Unsqueeze_4:OpId_107 (cycles)
300668094386,EXECUTE,1753,CYCLES,BACKEND,SUB-EVENT,_Tile:OpId_109 (cycles)
300668094386,EXECUTE,0,CYCLES,BACKEND,SUB-EVENT,_Reshape_3:OpId_110 (cycles)
300668094386,EXECUTE,0,CYCLES,BACKEND,SUB-EVENT,_Unsqueeze_5:OpId_111 (cycles)
300668094386,EXECUTE,2195,CYCLES,BACKEND,SUB-EVENT,_Tile_1:OpId_113 (cycles)
300668094386,EXECUTE,0,CYCLES,BACKEND,SUB-EVENT,_Reshape_4:OpId_114 (cycles)
300668094386,EXECUTE,0,CYCLES,BACKEND,SUB-EVENT,_Transpose_3:OpId_116 (cycles)
300668094386,EXECUTE,59427,CYCLES,BACKEND,SUB-EVENT,_MatMul_3:OpId_117 (cycles)
300668094386,EXECUTE,19360,CYCLES,BACKEND,SUB-EVENT,_Mul_11:OpId_122 (cycles)
300668094386,EXECUTE,0,CYCLES,BACKEND,SUB-EVENT,_Unsqueeze_7_output_0_cast_to_bool:OpId_125 (cycles)
300668094386,EXECUTE,20060,CYCLES,BACKEND,SUB-EVENT,_Where:OpId_127 (cycles)
300668094386,EXECUTE,19840,CYCLES,BACKEND,SUB-EVENT,_Softmax:OpId_128 (cycles)
300668094386,EXECUTE,17728,CYCLES,BACKEND,SUB-EVENT,_MatMul_4:OpId_131 (cycles)
300668094386,EXECUTE,0,CYCLES,BACKEND,SUB-EVENT,_Transpose_4:OpId_136 (cycles)
300668094386,EXECUTE,0,CYCLES,BACKEND,SUB-EVENT,_Reshape_5:OpId_137 (cycles)
300668094386,EXECUTE,1917,CYCLES,BACKEND,SUB-EVENT,_MatMul_5:OpId_139 (cycles)
300668094386,EXECUTE,0,CYCLES,BACKEND,SUB-EVENT,_MatMul_5_post_reshape:OpId_142 (cycles)
300668094386,EXECUTE,0,CYCLES,BACKEND,SUB-EVENT,_MatMul_5_output_0_nfc:OpId_144 (cycles)
300668094386,EXECUTE,1095,CYCLES,BACKEND,SUB-EVENT,_Add_6:OpId_146 (cycles)
300668094386,EXECUTE,0,CYCLES,BACKEND,SUB-EVENT,_Add_6_output_0_ncf:OpId_149 (cycles)
300668094386,EXECUTE,5679,CYCLES,BACKEND,SUB-EVENT,rms_norm__Mul_14_output_0:OpId_154 (cycles)
300668094386,EXECUTE,0,CYCLES,BACKEND,SUB-EVENT,_MatMul_7_pre_reshape:OpId_157 (cycles)
300668094386,EXECUTE,0,CYCLES,BACKEND,SUB-EVENT,_MatMul_6_pre_reshape:OpId_158 (cycles)
300668094386,EXECUTE,4045,CYCLES,BACKEND,SUB-EVENT,_MatMul_6:OpId_160 (cycles)
300668094386,EXECUTE,0,CYCLES,BACKEND,SUB-EVENT,_MatMul_6_post_reshape:OpId_163 (cycles)
300668094386,EXECUTE,0,CYCLES,BACKEND,SUB-EVENT,_Sigmoid:OpId_164 (cycles)
300668094386,EXECUTE,38903,CYCLES,BACKEND,SUB-EVENT,_Mul_15:OpId_171 (cycles)
300668094386,EXECUTE,2963,CYCLES,BACKEND,SUB-EVENT,_MatMul_7:OpId_174 (cycles)
300668094386,EXECUTE,0,CYCLES,BACKEND,SUB-EVENT,_MatMul_7_post_reshape:OpId_177 (cycles)
300668094386,EXECUTE,26804,CYCLES,BACKEND,SUB-EVENT,_Mul_16:OpId_178 (cycles)
300668094386,EXECUTE,0,CYCLES,BACKEND,SUB-EVENT,_MatMul_8_pre_reshape:OpId_180 (cycles)
300668094386,EXECUTE,2241,CYCLES,BACKEND,SUB-EVENT,_MatMul_8:OpId_182 (cycles)
300668094386,EXECUTE,0,CYCLES,BACKEND,SUB-EVENT,_MatMul_8_post_reshape:OpId_185 (cycles)
300668094386,EXECUTE,0,CYCLES,BACKEND,SUB-EVENT,_MatMul_8_output_0_nfc:OpId_187 (cycles)
300668094386,EXECUTE,2730,CYCLES,BACKEND,SUB-EVENT,_Add_8:OpId_189 (cycles)
300668094386,EXECUTE,8438,CYCLES,BACKEND,SUB-EVENT,hidden_out_ncf:OpId_192 (cycles)
300668094386,EXECUTE,7327,CYCLES,BACKEND,SUB-EVENT,Output OpId_3 (cycles)
300668094386,EXECUTE,4210,US,BACKEND,ROOT,Accelerator (execute) time
300668094386,EXECUTE,2409,US,BACKEND,ROOT,Accelerator (execute excluding wait) time
300668094386,EXECUTE,7408,US,BACKEND,ROOT,QNN (execute) time
300668106980,EXECUTE,8236,US,NETRUN,ROOT,Graph 0: tiny_block_prefill
300668106980,EXECUTE,4,COUNT,BACKEND,ROOT,Number of HVX threads used
300668106980,EXECUTE,7764,US,BACKEND,ROOT,RPC (execute) time
300668106980,EXECUTE,6154,US,BACKEND,ROOT,QNN accelerator (execute) time
300668106980,EXECUTE,0,COUNT,BACKEND,ROOT,Num times yield occured
300668106980,EXECUTE,7943,US,BACKEND,ROOT,Time for initial VTCM acquire
300668106980,EXECUTE,5065,US,BACKEND,ROOT,Time for HVX + HMX power on and acquire
300668106980,EXECUTE,2673997,CYCLES,BACKEND,ROOT,Accelerator (execute) time (cycles)
300668106980,EXECUTE,1098,CYCLES,BACKEND,SUB-EVENT,Input OpId_2 (cycles)
300668106980,EXECUTE,0,CYCLES,BACKEND,SUB-EVENT,hidden_states_nfc:OpId_17 (cycles)
300668106980,EXECUTE,16767,CYCLES,BACKEND,SUB-EVENT,rms_norm__Mul_2_output_0:OpId_22 (cycles)
300668106980,EXECUTE,0,CYCLES,BACKEND,SUB-EVENT,_MatMul_2_pre_reshape:OpId_25 (cycles)
300668106980,EXECUTE,0,CYCLES,BACKEND,SUB-EVENT,_MatMul_1_pre_reshape:OpId_26 (cycles)
300668106980,EXECUTE,0,CYCLES,BACKEND,SUB-EVENT,_MatMul_pre_reshape:OpId_27 (cycles)
300668106980,EXECUTE,0,CYCLES,BACKEND,SUB-EVENT,_MatMul_lhs_reshape:OpId_30 (cycles)
300668106980,EXECUTE,0,CYCLES,BACKEND,SUB-EVENT,_MatMul_lhs_cast_fp16:OpId_31 (cycles)
300668106980,EXECUTE,5654,CYCLES,BACKEND,SUB-EVENT,_MatMul_pack_lhs_q13:OpId_32 (cycles)
300668106980,EXECUTE,299,CYCLES,BACKEND,SUB-EVENT,_MatMul_rhs_cast_fp16:OpId_33 (cycles)
300668106980,EXECUTE,2320246,CYCLES,BACKEND,SUB-EVENT,_MatMul:OpId_34 (cycles)
300668106980,EXECUTE,0,CYCLES,BACKEND,SUB-EVENT,_MatMul_output_reshape:OpId_35 (cycles)
300668106980,EXECUTE,2060,CYCLES,BACKEND,SUB-EVENT,_MatMul_post_reshape:OpId_36 (cycles)
300668106980,EXECUTE,2127,CYCLES,BACKEND,SUB-EVENT,_Transpose:OpId_38 (cycles)
300668106980,EXECUTE,0,CYCLES,BACKEND,SUB-EVENT,_MatMul_1:OpId_41 (cycles)
300668106980,EXECUTE,0,CYCLES,BACKEND,SUB-EVENT,_MatMul_1_post_reshape:OpId_43 (cycles)
300668106980,EXECUTE,4826,CYCLES,BACKEND,SUB-EVENT,_Transpose_1:OpId_45 (cycles)
300668106980,EXECUTE,0,CYCLES,BACKEND,SUB-EVENT,_MatMul_2:OpId_48 (cycles)
300668106980,EXECUTE,0,CYCLES,BACKEND,SUB-EVENT,_MatMul_2_post_reshape:OpId_50 (cycles)
300668106980,EXECUTE,5226,CYCLES,BACKEND,SUB-EVENT,_Transpose_2:OpId_52 (cycles)
300668106980,EXECUTE,0,CYCLES,BACKEND,SUB-EVENT,_Slice:OpId_54 (cycles)
300668106980,EXECUTE,650,CYCLES,BACKEND,SUB-EVENT,_Slice_1:OpId_60 (cycles)
300668106980,EXECUTE,7133,CYCLES,BACKEND,SUB-EVENT,_Mul_3:OpId_66 (cycles)
300668106980,EXECUTE,5358,CYCLES,BACKEND,SUB-EVENT,_Mul_4:OpId_69 (cycles)
300668106980,EXECUTE,835,CYCLES,BACKEND,SUB-EVENT,_Sub:OpId_71 (cycles)
300668106980,EXECUTE,4762,CYCLES,BACKEND,SUB-EVENT,_Mul_5:OpId_73 (cycles)
300668106980,EXECUTE,6713,CYCLES,BACKEND,SUB-EVENT,_Mul_6:OpId_75 (cycles)
300668106980,EXECUTE,6789,CYCLES,BACKEND,SUB-EVENT,_Add_4:OpId_77 (cycles)
300668106980,EXECUTE,1273,CYCLES,BACKEND,SUB-EVENT,_Concat:OpId_79 (cycles)
300668106980,EXECUTE,0,CYCLES,BACKEND,SUB-EVENT,_Slice_2:OpId_82 (cycles)
300668106980,EXECUTE,1436,CYCLES,BACKEND,SUB-EVENT,_Slice_3:OpId_88 (cycles)
300668106980,EXECUTE,8155,CYCLES,BACKEND,SUB-EVENT,_Mul_7:OpId_93 (cycles)
300668106980,EXECUTE,6673,CYCLES,BACKEND,SUB-EVENT,_Mul_8:OpId_95 (cycles)
300668106980,EXECUTE,824,CYCLES,BACKEND,SUB-EVENT,_Sub_1:OpId_97 (cycles)
300668106980,EXECUTE,6641,CYCLES,BACKEND,SUB-EVENT,_Mul_9:OpId_99 (cycles)
300668106980,EXECUTE,8147,CYCLES,BACKEND,SUB-EVENT,_Mul_10:OpId_101 (cycles)
300668106980,EXECUTE,1312,CYCLES,BACKEND,SUB-EVENT,_Add_5:OpId_103 (cycles)
300668106980,EXECUTE,1737,CYCLES,BACKEND,SUB-EVENT,_Concat_1:OpId_105 (cycles)
300668106980,EXECUTE,0,CYCLES,BACKEND,SUB-EVENT,_Unsqueeze_4:OpId_107 (cycles)
300668106980,EXECUTE,2219,CYCLES,BACKEND,SUB-EVENT,_Tile:OpId_109 (cycles)
300668106980,EXECUTE,0,CYCLES,BACKEND,SUB-EVENT,_Reshape_3:OpId_110 (cycles)
300668106980,EXECUTE,0,CYCLES,BACKEND,SUB-EVENT,_Unsqueeze_5:OpId_111 (cycles)
300668106980,EXECUTE,2258,CYCLES,BACKEND,SUB-EVENT,_Tile_1:OpId_113 (cycles)
300668106980,EXECUTE,0,CYCLES,BACKEND,SUB-EVENT,_Reshape_4:OpId_114 (cycles)
300668106980,EXECUTE,0,CYCLES,BACKEND,SUB-EVENT,_Transpose_3:OpId_116 (cycles)
300668106980,EXECUTE,64673,CYCLES,BACKEND,SUB-EVENT,_MatMul_3:OpId_117 (cycles)
300668106980,EXECUTE,20174,CYCLES,BACKEND,SUB-EVENT,_Mul_11:OpId_122 (cycles)
300668106980,EXECUTE,0,CYCLES,BACKEND,SUB-EVENT,_Unsqueeze_7_output_0_cast_to_bool:OpId_125 (cycles)
300668106980,EXECUTE,18480,CYCLES,BACKEND,SUB-EVENT,_Where:OpId_127 (cycles)
300668106980,EXECUTE,17168,CYCLES,BACKEND,SUB-EVENT,_Softmax:OpId_128 (cycles)
300668106980,EXECUTE,17975,CYCLES,BACKEND,SUB-EVENT,_MatMul_4:OpId_131 (cycles)
300668106980,EXECUTE,0,CYCLES,BACKEND,SUB-EVENT,_Transpose_4:OpId_136 (cycles)
300668106980,EXECUTE,0,CYCLES,BACKEND,SUB-EVENT,_Reshape_5:OpId_137 (cycles)
300668106980,EXECUTE,1134,CYCLES,BACKEND,SUB-EVENT,_MatMul_5:OpId_139 (cycles)
300668106980,EXECUTE,0,CYCLES,BACKEND,SUB-EVENT,_MatMul_5_post_reshape:OpId_142 (cycles)
300668106980,EXECUTE,0,CYCLES,BACKEND,SUB-EVENT,_MatMul_5_output_0_nfc:OpId_144 (cycles)
300668106980,EXECUTE,1118,CYCLES,BACKEND,SUB-EVENT,_Add_6:OpId_146 (cycles)
300668106980,EXECUTE,0,CYCLES,BACKEND,SUB-EVENT,_Add_6_output_0_ncf:OpId_149 (cycles)
300668106980,EXECUTE,5702,CYCLES,BACKEND,SUB-EVENT,rms_norm__Mul_14_output_0:OpId_154 (cycles)
300668106980,EXECUTE,0,CYCLES,BACKEND,SUB-EVENT,_MatMul_7_pre_reshape:OpId_157 (cycles)
300668106980,EXECUTE,0,CYCLES,BACKEND,SUB-EVENT,_MatMul_6_pre_reshape:OpId_158 (cycles)
300668106980,EXECUTE,5482,CYCLES,BACKEND,SUB-EVENT,_MatMul_6:OpId_160 (cycles)
300668106980,EXECUTE,0,CYCLES,BACKEND,SUB-EVENT,_MatMul_6_post_reshape:OpId_163 (cycles)
300668106980,EXECUTE,0,CYCLES,BACKEND,SUB-EVENT,_Sigmoid:OpId_164 (cycles)
300668106980,EXECUTE,39101,CYCLES,BACKEND,SUB-EVENT,_Mul_15:OpId_171 (cycles)
300668106980,EXECUTE,3020,CYCLES,BACKEND,SUB-EVENT,_MatMul_7:OpId_174 (cycles)
300668106980,EXECUTE,0,CYCLES,BACKEND,SUB-EVENT,_MatMul_7_post_reshape:OpId_177 (cycles)
300668106980,EXECUTE,27492,CYCLES,BACKEND,SUB-EVENT,_Mul_16:OpId_178 (cycles)
300668106980,EXECUTE,0,CYCLES,BACKEND,SUB-EVENT,_MatMul_8_pre_reshape:OpId_180 (cycles)
300668106980,EXECUTE,2292,CYCLES,BACKEND,SUB-EVENT,_MatMul_8:OpId_182 (cycles)
300668106980,EXECUTE,0,CYCLES,BACKEND,SUB-EVENT,_MatMul_8_post_reshape:OpId_185 (cycles)
300668106980,EXECUTE,0,CYCLES,BACKEND,SUB-EVENT,_MatMul_8_output_0_nfc:OpId_187 (cycles)
300668106980,EXECUTE,2717,CYCLES,BACKEND,SUB-EVENT,_Add_8:OpId_189 (cycles)
300668106980,EXECUTE,8399,CYCLES,BACKEND,SUB-EVENT,hidden_out_ncf:OpId_192 (cycles)
300668106980,EXECUTE,7852,CYCLES,BACKEND,SUB-EVENT,Output OpId_3 (cycles)
300668106980,EXECUTE,4299,US,BACKEND,ROOT,Accelerator (execute) time
300668106980,EXECUTE,2396,US,BACKEND,ROOT,Accelerator (execute excluding wait) time
300668106980,EXECUTE,8187,US,BACKEND,ROOT,QNN (execute) time
300668119230,EXECUTE,7562,US,NETRUN,ROOT,Graph 0: tiny_block_prefill
300668119230,EXECUTE,4,COUNT,BACKEND,ROOT,Number of HVX threads used
300668119230,EXECUTE,7122,US,BACKEND,ROOT,RPC (execute) time
300668119230,EXECUTE,6074,US,BACKEND,ROOT,QNN accelerator (execute) time
300668119230,EXECUTE,0,COUNT,BACKEND,ROOT,Num times yield occured
300668119230,EXECUTE,7136,US,BACKEND,ROOT,Time for initial VTCM acquire
300668119230,EXECUTE,4699,US,BACKEND,ROOT,Time for HVX + HMX power on and acquire
300668119230,EXECUTE,2760007,CYCLES,BACKEND,ROOT,Accelerator (execute) time (cycles)
300668119230,EXECUTE,5281,CYCLES,BACKEND,SUB-EVENT,Input OpId_2 (cycles)
300668119230,EXECUTE,0,CYCLES,BACKEND,SUB-EVENT,hidden_states_nfc:OpId_17 (cycles)
300668119230,EXECUTE,19206,CYCLES,BACKEND,SUB-EVENT,rms_norm__Mul_2_output_0:OpId_22 (cycles)
300668119230,EXECUTE,0,CYCLES,BACKEND,SUB-EVENT,_MatMul_2_pre_reshape:OpId_25 (cycles)
300668119230,EXECUTE,0,CYCLES,BACKEND,SUB-EVENT,_MatMul_1_pre_reshape:OpId_26 (cycles)
300668119230,EXECUTE,0,CYCLES,BACKEND,SUB-EVENT,_MatMul_pre_reshape:OpId_27 (cycles)
300668119230,EXECUTE,0,CYCLES,BACKEND,SUB-EVENT,_MatMul_lhs_reshape:OpId_30 (cycles)
300668119230,EXECUTE,0,CYCLES,BACKEND,SUB-EVENT,_MatMul_lhs_cast_fp16:OpId_31 (cycles)
300668119230,EXECUTE,6294,CYCLES,BACKEND,SUB-EVENT,_MatMul_pack_lhs_q13:OpId_32 (cycles)
300668119230,EXECUTE,316,CYCLES,BACKEND,SUB-EVENT,_MatMul_rhs_cast_fp16:OpId_33 (cycles)
300668119230,EXECUTE,2408958,CYCLES,BACKEND,SUB-EVENT,_MatMul:OpId_34 (cycles)
300668119230,EXECUTE,0,CYCLES,BACKEND,SUB-EVENT,_MatMul_output_reshape:OpId_35 (cycles)
300668119230,EXECUTE,2046,CYCLES,BACKEND,SUB-EVENT,_MatMul_post_reshape:OpId_36 (cycles)
300668119230,EXECUTE,1858,CYCLES,BACKEND,SUB-EVENT,_Transpose:OpId_38 (cycles)
300668119230,EXECUTE,0,CYCLES,BACKEND,SUB-EVENT,_MatMul_1:OpId_41 (cycles)
300668119230,EXECUTE,0,CYCLES,BACKEND,SUB-EVENT,_MatMul_1_post_reshape:OpId_43 (cycles)
300668119230,EXECUTE,4524,CYCLES,BACKEND,SUB-EVENT,_Transpose_1:OpId_45 (cycles)
300668119230,EXECUTE,0,CYCLES,BACKEND,SUB-EVENT,_MatMul_2:OpId_48 (cycles)
300668119230,EXECUTE,0,CYCLES,BACKEND,SUB-EVENT,_MatMul_2_post_reshape:OpId_50 (cycles)
300668119230,EXECUTE,5879,CYCLES,BACKEND,SUB-EVENT,_Transpose_2:OpId_52 (cycles)
300668119230,EXECUTE,0,CYCLES,BACKEND,SUB-EVENT,_Slice:OpId_54 (cycles)
300668119230,EXECUTE,654,CYCLES,BACKEND,SUB-EVENT,_Slice_1:OpId_60 (cycles)
300668119230,EXECUTE,7294,CYCLES,BACKEND,SUB-EVENT,_Mul_3:OpId_66 (cycles)
300668119230,EXECUTE,5238,CYCLES,BACKEND,SUB-EVENT,_Mul_4:OpId_69 (cycles)
300668119230,EXECUTE,821,CYCLES,BACKEND,SUB-EVENT,_Sub:OpId_71 (cycles)
300668119230,EXECUTE,4774,CYCLES,BACKEND,SUB-EVENT,_Mul_5:OpId_73 (cycles)
300668119230,EXECUTE,6601,CYCLES,BACKEND,SUB-EVENT,_Mul_6:OpId_75 (cycles)
300668119230,EXECUTE,1255,CYCLES,BACKEND,SUB-EVENT,_Add_4:OpId_77 (cycles)
300668119230,EXECUTE,1166,CYCLES,BACKEND,SUB-EVENT,_Concat:OpId_79 (cycles)
300668119230,EXECUTE,0,CYCLES,BACKEND,SUB-EVENT,_Slice_2:OpId_82 (cycles)
300668119230,EXECUTE,1410,CYCLES,BACKEND,SUB-EVENT,_Slice_3:OpId_88 (cycles)
300668119230,EXECUTE,8476,CYCLES,BACKEND,SUB-EVENT,_Mul_7:OpId_93 (cycles)
300668119230,EXECUTE,7065,CYCLES,BACKEND,SUB-EVENT,_Mul_8:OpId_95 (cycles)
300668119230,EXECUTE,830,CYCLES,BACKEND,SUB-EVENT,_Sub_1:OpId_97 (cycles)
300668119230,EXECUTE,7020,CYCLES,BACKEND,SUB-EVENT,_Mul_9:OpId_99 (cycles)
300668119230,EXECUTE,8412,CYCLES,BACKEND,SUB-EVENT,_Mul_10:OpId_101 (cycles)
300668119230,EXECUTE,1307,CYCLES,BACKEND,SUB-EVENT,_Add_5:OpId_103 (cycles)
300668119230,EXECUTE,1704,CYCLES,BACKEND,SUB-EVENT,_Concat_1:OpId_105 (cycles)
300668119230,EXECUTE,0,CYCLES,BACKEND,SUB-EVENT,_Unsqueeze_4:OpId_107 (cycles)
300668119230,EXECUTE,1941,CYCLES,BACKEND,SUB-EVENT,_Tile:OpId_109 (cycles)
300668119230,EXECUTE,0,CYCLES,BACKEND,SUB-EVENT,_Reshape_3:OpId_110 (cycles)
300668119230,EXECUTE,0,CYCLES,BACKEND,SUB-EVENT,_Unsqueeze_5:OpId_111 (cycles)
300668119230,EXECUTE,1617,CYCLES,BACKEND,SUB-EVENT,_Tile_1:OpId_113 (cycles)
300668119230,EXECUTE,0,CYCLES,BACKEND,SUB-EVENT,_Reshape_4:OpId_114 (cycles)
300668119230,EXECUTE,0,CYCLES,BACKEND,SUB-EVENT,_Transpose_3:OpId_116 (cycles)
300668119230,EXECUTE,38477,CYCLES,BACKEND,SUB-EVENT,_MatMul_3:OpId_117 (cycles)
300668119230,EXECUTE,16101,CYCLES,BACKEND,SUB-EVENT,_Mul_11:OpId_122 (cycles)
300668119230,EXECUTE,0,CYCLES,BACKEND,SUB-EVENT,_Unsqueeze_7_output_0_cast_to_bool:OpId_125 (cycles)
300668119230,EXECUTE,16874,CYCLES,BACKEND,SUB-EVENT,_Where:OpId_127 (cycles)
300668119230,EXECUTE,17683,CYCLES,BACKEND,SUB-EVENT,_Softmax:OpId_128 (cycles)
300668119230,EXECUTE,15086,CYCLES,BACKEND,SUB-EVENT,_MatMul_4:OpId_131 (cycles)
300668119230,EXECUTE,0,CYCLES,BACKEND,SUB-EVENT,_Transpose_4:OpId_136 (cycles)
300668119230,EXECUTE,0,CYCLES,BACKEND,SUB-EVENT,_Reshape_5:OpId_137 (cycles)
300668119230,EXECUTE,1156,CYCLES,BACKEND,SUB-EVENT,_MatMul_5:OpId_139 (cycles)
300668119230,EXECUTE,0,CYCLES,BACKEND,SUB-EVENT,_MatMul_5_post_reshape:OpId_142 (cycles)
300668119230,EXECUTE,0,CYCLES,BACKEND,SUB-EVENT,_MatMul_5_output_0_nfc:OpId_144 (cycles)
300668119230,EXECUTE,1125,CYCLES,BACKEND,SUB-EVENT,_Add_6:OpId_146 (cycles)
300668119230,EXECUTE,0,CYCLES,BACKEND,SUB-EVENT,_Add_6_output_0_ncf:OpId_149 (cycles)
300668119230,EXECUTE,5726,CYCLES,BACKEND,SUB-EVENT,rms_norm__Mul_14_output_0:OpId_154 (cycles)
300668119230,EXECUTE,0,CYCLES,BACKEND,SUB-EVENT,_MatMul_7_pre_reshape:OpId_157 (cycles)
300668119230,EXECUTE,0,CYCLES,BACKEND,SUB-EVENT,_MatMul_6_pre_reshape:OpId_158 (cycles)
300668119230,EXECUTE,17048,CYCLES,BACKEND,SUB-EVENT,_MatMul_6:OpId_160 (cycles)
300668119230,EXECUTE,0,CYCLES,BACKEND,SUB-EVENT,_MatMul_6_post_reshape:OpId_163 (cycles)
300668119230,EXECUTE,0,CYCLES,BACKEND,SUB-EVENT,_Sigmoid:OpId_164 (cycles)
300668119230,EXECUTE,40196,CYCLES,BACKEND,SUB-EVENT,_Mul_15:OpId_171 (cycles)
300668119230,EXECUTE,3044,CYCLES,BACKEND,SUB-EVENT,_MatMul_7:OpId_174 (cycles)
300668119230,EXECUTE,0,CYCLES,BACKEND,SUB-EVENT,_MatMul_7_post_reshape:OpId_177 (cycles)
300668119230,EXECUTE,33874,CYCLES,BACKEND,SUB-EVENT,_Mul_16:OpId_178 (cycles)
300668119230,EXECUTE,0,CYCLES,BACKEND,SUB-EVENT,_MatMul_8_pre_reshape:OpId_180 (cycles)
300668119230,EXECUTE,4902,CYCLES,BACKEND,SUB-EVENT,_MatMul_8:OpId_182 (cycles)
300668119230,EXECUTE,0,CYCLES,BACKEND,SUB-EVENT,_MatMul_8_post_reshape:OpId_185 (cycles)
300668119230,EXECUTE,0,CYCLES,BACKEND,SUB-EVENT,_MatMul_8_output_0_nfc:OpId_187 (cycles)
300668119230,EXECUTE,2695,CYCLES,BACKEND,SUB-EVENT,_Add_8:OpId_189 (cycles)
300668119230,EXECUTE,10358,CYCLES,BACKEND,SUB-EVENT,hidden_out_ncf:OpId_192 (cycles)
300668119230,EXECUTE,13715,CYCLES,BACKEND,SUB-EVENT,Output OpId_3 (cycles)
300668119230,EXECUTE,4219,US,BACKEND,ROOT,Accelerator (execute) time
300668119230,EXECUTE,2445,US,BACKEND,ROOT,Accelerator (execute excluding wait) time
300668119230,EXECUTE,7521,US,BACKEND,ROOT,QNN (execute) time
300668131176,EXECUTE,7560,US,NETRUN,ROOT,Graph 0: tiny_block_prefill
300668131176,EXECUTE,4,COUNT,BACKEND,ROOT,Number of HVX threads used
300668131176,EXECUTE,7121,US,BACKEND,ROOT,RPC (execute) time
300668131176,EXECUTE,6082,US,BACKEND,ROOT,QNN accelerator (execute) time
300668131176,EXECUTE,0,COUNT,BACKEND,ROOT,Num times yield occured
300668131176,EXECUTE,7133,US,BACKEND,ROOT,Time for initial VTCM acquire
300668131176,EXECUTE,4757,US,BACKEND,ROOT,Time for HVX + HMX power on and acquire
300668131176,EXECUTE,2670623,CYCLES,BACKEND,ROOT,Accelerator (execute) time (cycles)
300668131176,EXECUTE,1312,CYCLES,BACKEND,SUB-EVENT,Input OpId_2 (cycles)
300668131176,EXECUTE,0,CYCLES,BACKEND,SUB-EVENT,hidden_states_nfc:OpId_17 (cycles)
300668131176,EXECUTE,17409,CYCLES,BACKEND,SUB-EVENT,rms_norm__Mul_2_output_0:OpId_22 (cycles)
300668131176,EXECUTE,0,CYCLES,BACKEND,SUB-EVENT,_MatMul_2_pre_reshape:OpId_25 (cycles)
300668131176,EXECUTE,0,CYCLES,BACKEND,SUB-EVENT,_MatMul_1_pre_reshape:OpId_26 (cycles)
300668131176,EXECUTE,0,CYCLES,BACKEND,SUB-EVENT,_MatMul_pre_reshape:OpId_27 (cycles)
300668131176,EXECUTE,0,CYCLES,BACKEND,SUB-EVENT,_MatMul_lhs_reshape:OpId_30 (cycles)
300668131176,EXECUTE,0,CYCLES,BACKEND,SUB-EVENT,_MatMul_lhs_cast_fp16:OpId_31 (cycles)
300668131176,EXECUTE,5895,CYCLES,BACKEND,SUB-EVENT,_MatMul_pack_lhs_q13:OpId_32 (cycles)
300668131176,EXECUTE,254,CYCLES,BACKEND,SUB-EVENT,_MatMul_rhs_cast_fp16:OpId_33 (cycles)
300668131176,EXECUTE,2322001,CYCLES,BACKEND,SUB-EVENT,_MatMul:OpId_34 (cycles)
300668131176,EXECUTE,0,CYCLES,BACKEND,SUB-EVENT,_MatMul_output_reshape:OpId_35 (cycles)
300668131176,EXECUTE,2029,CYCLES,BACKEND,SUB-EVENT,_MatMul_post_reshape:OpId_36 (cycles)
300668131176,EXECUTE,2141,CYCLES,BACKEND,SUB-EVENT,_Transpose:OpId_38 (cycles)
300668131176,EXECUTE,0,CYCLES,BACKEND,SUB-EVENT,_MatMul_1:OpId_41 (cycles)
300668131176,EXECUTE,0,CYCLES,BACKEND,SUB-EVENT,_MatMul_1_post_reshape:OpId_43 (cycles)
300668131176,EXECUTE,3955,CYCLES,BACKEND,SUB-EVENT,_Transpose_1:OpId_45 (cycles)
300668131176,EXECUTE,0,CYCLES,BACKEND,SUB-EVENT,_MatMul_2:OpId_48 (cycles)
300668131176,EXECUTE,0,CYCLES,BACKEND,SUB-EVENT,_MatMul_2_post_reshape:OpId_50 (cycles)
300668131176,EXECUTE,5108,CYCLES,BACKEND,SUB-EVENT,_Transpose_2:OpId_52 (cycles)
300668131176,EXECUTE,0,CYCLES,BACKEND,SUB-EVENT,_Slice:OpId_54 (cycles)
300668131176,EXECUTE,621,CYCLES,BACKEND,SUB-EVENT,_Slice_1:OpId_60 (cycles)
300668131176,EXECUTE,7033,CYCLES,BACKEND,SUB-EVENT,_Mul_3:OpId_66 (cycles)
300668131176,EXECUTE,5102,CYCLES,BACKEND,SUB-EVENT,_Mul_4:OpId_69 (cycles)
300668131176,EXECUTE,819,CYCLES,BACKEND,SUB-EVENT,_Sub:OpId_71 (cycles)
300668131176,EXECUTE,4707,CYCLES,BACKEND,SUB-EVENT,_Mul_5:OpId_73 (cycles)
300668131176,EXECUTE,6696,CYCLES,BACKEND,SUB-EVENT,_Mul_6:OpId_75 (cycles)
300668131176,EXECUTE,6849,CYCLES,BACKEND,SUB-EVENT,_Add_4:OpId_77 (cycles)
300668131176,EXECUTE,1330,CYCLES,BACKEND,SUB-EVENT,_Concat:OpId_79 (cycles)
300668131176,EXECUTE,0,CYCLES,BACKEND,SUB-EVENT,_Slice_2:OpId_82 (cycles)
300668131176,EXECUTE,1526,CYCLES,BACKEND,SUB-EVENT,_Slice_3:OpId_88 (cycles)
300668131176,EXECUTE,8528,CYCLES,BACKEND,SUB-EVENT,_Mul_7:OpId_93 (cycles)
300668131176,EXECUTE,6867,CYCLES,BACKEND,SUB-EVENT,_Mul_8:OpId_95 (cycles)
300668131176,EXECUTE,827,CYCLES,BACKEND,SUB-EVENT,_Sub_1:OpId_97 (cycles)
300668131176,EXECUTE,6945,CYCLES,BACKEND,SUB-EVENT,_Mul_9:OpId_99 (cycles)
300668131176,EXECUTE,8354,CYCLES,BACKEND,SUB-EVENT,_Mul_10:OpId_101 (cycles)
300668131176,EXECUTE,1295,CYCLES,BACKEND,SUB-EVENT,_Add_5:OpId_103 (cycles)
300668131176,EXECUTE,1645,CYCLES,BACKEND,SUB-EVENT,_Concat_1:OpId_105 (cycles)
300668131176,EXECUTE,0,CYCLES,BACKEND,SUB-EVENT,_Unsqueeze_4:OpId_107 (cycles)
300668131176,EXECUTE,1731,CYCLES,BACKEND,SUB-EVENT,_Tile:OpId_109 (cycles)
300668131176,EXECUTE,0,CYCLES,BACKEND,SUB-EVENT,_Reshape_3:OpId_110 (cycles)
300668131176,EXECUTE,0,CYCLES,BACKEND,SUB-EVENT,_Unsqueeze_5:OpId_111 (cycles)
300668131176,EXECUTE,1945,CYCLES,BACKEND,SUB-EVENT,_Tile_1:OpId_113 (cycles)
300668131176,EXECUTE,0,CYCLES,BACKEND,SUB-EVENT,_Reshape_4:OpId_114 (cycles)
300668131176,EXECUTE,0,CYCLES,BACKEND,SUB-EVENT,_Transpose_3:OpId_116 (cycles)
300668131176,EXECUTE,67076,CYCLES,BACKEND,SUB-EVENT,_MatMul_3:OpId_117 (cycles)
300668131176,EXECUTE,18061,CYCLES,BACKEND,SUB-EVENT,_Mul_11:OpId_122 (cycles)
300668131176,EXECUTE,0,CYCLES,BACKEND,SUB-EVENT,_Unsqueeze_7_output_0_cast_to_bool:OpId_125 (cycles)
300668131176,EXECUTE,16900,CYCLES,BACKEND,SUB-EVENT,_Where:OpId_127 (cycles)
300668131176,EXECUTE,19758,CYCLES,BACKEND,SUB-EVENT,_Softmax:OpId_128 (cycles)
300668131176,EXECUTE,15459,CYCLES,BACKEND,SUB-EVENT,_MatMul_4:OpId_131 (cycles)
300668131176,EXECUTE,0,CYCLES,BACKEND,SUB-EVENT,_Transpose_4:OpId_136 (cycles)
300668131176,EXECUTE,0,CYCLES,BACKEND,SUB-EVENT,_Reshape_5:OpId_137 (cycles)
300668131176,EXECUTE,1113,CYCLES,BACKEND,SUB-EVENT,_MatMul_5:OpId_139 (cycles)
300668131176,EXECUTE,0,CYCLES,BACKEND,SUB-EVENT,_MatMul_5_post_reshape:OpId_142 (cycles)
300668131176,EXECUTE,0,CYCLES,BACKEND,SUB-EVENT,_MatMul_5_output_0_nfc:OpId_144 (cycles)
300668131176,EXECUTE,1119,CYCLES,BACKEND,SUB-EVENT,_Add_6:OpId_146 (cycles)
300668131176,EXECUTE,0,CYCLES,BACKEND,SUB-EVENT,_Add_6_output_0_ncf:OpId_149 (cycles)
300668131176,EXECUTE,5677,CYCLES,BACKEND,SUB-EVENT,rms_norm__Mul_14_output_0:OpId_154 (cycles)
300668131176,EXECUTE,0,CYCLES,BACKEND,SUB-EVENT,_MatMul_7_pre_reshape:OpId_157 (cycles)
300668131176,EXECUTE,0,CYCLES,BACKEND,SUB-EVENT,_MatMul_6_pre_reshape:OpId_158 (cycles)
300668131176,EXECUTE,4127,CYCLES,BACKEND,SUB-EVENT,_MatMul_6:OpId_160 (cycles)
300668131176,EXECUTE,0,CYCLES,BACKEND,SUB-EVENT,_MatMul_6_post_reshape:OpId_163 (cycles)
300668131176,EXECUTE,0,CYCLES,BACKEND,SUB-EVENT,_Sigmoid:OpId_164 (cycles)
300668131176,EXECUTE,38019,CYCLES,BACKEND,SUB-EVENT,_Mul_15:OpId_171 (cycles)
300668131176,EXECUTE,2893,CYCLES,BACKEND,SUB-EVENT,_MatMul_7:OpId_174 (cycles)
300668131176,EXECUTE,0,CYCLES,BACKEND,SUB-EVENT,_MatMul_7_post_reshape:OpId_177 (cycles)
300668131176,EXECUTE,28167,CYCLES,BACKEND,SUB-EVENT,_Mul_16:OpId_178 (cycles)
300668131176,EXECUTE,0,CYCLES,BACKEND,SUB-EVENT,_MatMul_8_pre_reshape:OpId_180 (cycles)
300668131176,EXECUTE,2224,CYCLES,BACKEND,SUB-EVENT,_MatMul_8:OpId_182 (cycles)
300668131176,EXECUTE,0,CYCLES,BACKEND,SUB-EVENT,_MatMul_8_post_reshape:OpId_185 (cycles)
300668131176,EXECUTE,0,CYCLES,BACKEND,SUB-EVENT,_MatMul_8_output_0_nfc:OpId_187 (cycles)
300668131176,EXECUTE,2697,CYCLES,BACKEND,SUB-EVENT,_Add_8:OpId_189 (cycles)
300668131176,EXECUTE,6335,CYCLES,BACKEND,SUB-EVENT,hidden_out_ncf:OpId_192 (cycles)
300668131176,EXECUTE,8074,CYCLES,BACKEND,SUB-EVENT,Output OpId_3 (cycles)
300668131176,EXECUTE,4252,US,BACKEND,ROOT,Accelerator (execute) time
300668131176,EXECUTE,2454,US,BACKEND,ROOT,Accelerator (execute excluding wait) time
300668131176,EXECUTE,7524,US,BACKEND,ROOT,QNN (execute) time
300668143246,EXECUTE,7766,US,NETRUN,ROOT,Graph 0: tiny_block_prefill
300668143246,EXECUTE,4,COUNT,BACKEND,ROOT,Number of HVX threads used
300668143246,EXECUTE,7314,US,BACKEND,ROOT,RPC (execute) time
300668143246,EXECUTE,6290,US,BACKEND,ROOT,QNN accelerator (execute) time
300668143246,EXECUTE,0,COUNT,BACKEND,ROOT,Num times yield occured
300668143246,EXECUTE,7182,US,BACKEND,ROOT,Time for initial VTCM acquire
300668143246,EXECUTE,4807,US,BACKEND,ROOT,Time for HVX + HMX power on and acquire
300668143246,EXECUTE,3085458,CYCLES,BACKEND,ROOT,Accelerator (execute) time (cycles)
300668143246,EXECUTE,898,CYCLES,BACKEND,SUB-EVENT,Input OpId_2 (cycles)
300668143246,EXECUTE,0,CYCLES,BACKEND,SUB-EVENT,hidden_states_nfc:OpId_17 (cycles)
300668143246,EXECUTE,14143,CYCLES,BACKEND,SUB-EVENT,rms_norm__Mul_2_output_0:OpId_22 (cycles)
300668143246,EXECUTE,0,CYCLES,BACKEND,SUB-EVENT,_MatMul_2_pre_reshape:OpId_25 (cycles)
300668143246,EXECUTE,0,CYCLES,BACKEND,SUB-EVENT,_MatMul_1_pre_reshape:OpId_26 (cycles)
300668143246,EXECUTE,0,CYCLES,BACKEND,SUB-EVENT,_MatMul_pre_reshape:OpId_27 (cycles)
300668143246,EXECUTE,0,CYCLES,BACKEND,SUB-EVENT,_MatMul_lhs_reshape:OpId_30 (cycles)
300668143246,EXECUTE,0,CYCLES,BACKEND,SUB-EVENT,_MatMul_lhs_cast_fp16:OpId_31 (cycles)
300668143246,EXECUTE,6446,CYCLES,BACKEND,SUB-EVENT,_MatMul_pack_lhs_q13:OpId_32 (cycles)
300668143246,EXECUTE,254,CYCLES,BACKEND,SUB-EVENT,_MatMul_rhs_cast_fp16:OpId_33 (cycles)
300668143246,EXECUTE,2752094,CYCLES,BACKEND,SUB-EVENT,_MatMul:OpId_34 (cycles)
300668143246,EXECUTE,0,CYCLES,BACKEND,SUB-EVENT,_MatMul_output_reshape:OpId_35 (cycles)
300668143246,EXECUTE,2057,CYCLES,BACKEND,SUB-EVENT,_MatMul_post_reshape:OpId_36 (cycles)
300668143246,EXECUTE,2151,CYCLES,BACKEND,SUB-EVENT,_Transpose:OpId_38 (cycles)
300668143246,EXECUTE,0,CYCLES,BACKEND,SUB-EVENT,_MatMul_1:OpId_41 (cycles)
300668143246,EXECUTE,0,CYCLES,BACKEND,SUB-EVENT,_MatMul_1_post_reshape:OpId_43 (cycles)
300668143246,EXECUTE,3621,CYCLES,BACKEND,SUB-EVENT,_Transpose_1:OpId_45 (cycles)
300668143246,EXECUTE,0,CYCLES,BACKEND,SUB-EVENT,_MatMul_2:OpId_48 (cycles)
300668143246,EXECUTE,0,CYCLES,BACKEND,SUB-EVENT,_MatMul_2_post_reshape:OpId_50 (cycles)
300668143246,EXECUTE,5911,CYCLES,BACKEND,SUB-EVENT,_Transpose_2:OpId_52 (cycles)
300668143246,EXECUTE,0,CYCLES,BACKEND,SUB-EVENT,_Slice:OpId_54 (cycles)
300668143246,EXECUTE,614,CYCLES,BACKEND,SUB-EVENT,_Slice_1:OpId_60 (cycles)
300668143246,EXECUTE,7405,CYCLES,BACKEND,SUB-EVENT,_Mul_3:OpId_66 (cycles)
300668143246,EXECUTE,4844,CYCLES,BACKEND,SUB-EVENT,_Mul_4:OpId_69 (cycles)
300668143246,EXECUTE,847,CYCLES,BACKEND,SUB-EVENT,_Sub:OpId_71 (cycles)
300668143246,EXECUTE,4837,CYCLES,BACKEND,SUB-EVENT,_Mul_5:OpId_73 (cycles)
300668143246,EXECUTE,6452,CYCLES,BACKEND,SUB-EVENT,_Mul_6:OpId_75 (cycles)
300668143246,EXECUTE,3131,CYCLES,BACKEND,SUB-EVENT,_Add_4:OpId_77 (cycles)
300668143246,EXECUTE,1158,CYCLES,BACKEND,SUB-EVENT,_Concat:OpId_79 (cycles)
300668143246,EXECUTE,0,CYCLES,BACKEND,SUB-EVENT,_Slice_2:OpId_82 (cycles)
300668143246,EXECUTE,1539,CYCLES,BACKEND,SUB-EVENT,_Slice_3:OpId_88 (cycles)
300668143246,EXECUTE,8048,CYCLES,BACKEND,SUB-EVENT,_Mul_7:OpId_93 (cycles)
300668143246,EXECUTE,6505,CYCLES,BACKEND,SUB-EVENT,_Mul_8:OpId_95 (cycles)
300668143246,EXECUTE,836,CYCLES,BACKEND,SUB-EVENT,_Sub_1:OpId_97 (cycles)
300668143246,EXECUTE,6482,CYCLES,BACKEND,SUB-EVENT,_Mul_9:OpId_99 (cycles)
300668143246,EXECUTE,8070,CYCLES,BACKEND,SUB-EVENT,_Mul_10:OpId_101 (cycles)
300668143246,EXECUTE,1311,CYCLES,BACKEND,SUB-EVENT,_Add_5:OpId_103 (cycles)
300668143246,EXECUTE,1686,CYCLES,BACKEND,SUB-EVENT,_Concat_1:OpId_105 (cycles)
300668143246,EXECUTE,0,CYCLES,BACKEND,SUB-EVENT,_Unsqueeze_4:OpId_107 (cycles)
300668143246,EXECUTE,1851,CYCLES,BACKEND,SUB-EVENT,_Tile:OpId_109 (cycles)
300668143246,EXECUTE,0,CYCLES,BACKEND,SUB-EVENT,_Reshape_3:OpId_110 (cycles)
300668143246,EXECUTE,0,CYCLES,BACKEND,SUB-EVENT,_Unsqueeze_5:OpId_111 (cycles)
300668143246,EXECUTE,2484,CYCLES,BACKEND,SUB-EVENT,_Tile_1:OpId_113 (cycles)
300668143246,EXECUTE,0,CYCLES,BACKEND,SUB-EVENT,_Reshape_4:OpId_114 (cycles)
300668143246,EXECUTE,0,CYCLES,BACKEND,SUB-EVENT,_Transpose_3:OpId_116 (cycles)
300668143246,EXECUTE,53908,CYCLES,BACKEND,SUB-EVENT,_MatMul_3:OpId_117 (cycles)
300668143246,EXECUTE,19568,CYCLES,BACKEND,SUB-EVENT,_Mul_11:OpId_122 (cycles)
300668143246,EXECUTE,0,CYCLES,BACKEND,SUB-EVENT,_Unsqueeze_7_output_0_cast_to_bool:OpId_125 (cycles)
300668143246,EXECUTE,20880,CYCLES,BACKEND,SUB-EVENT,_Where:OpId_127 (cycles)
300668143246,EXECUTE,17068,CYCLES,BACKEND,SUB-EVENT,_Softmax:OpId_128 (cycles)
300668143246,EXECUTE,15315,CYCLES,BACKEND,SUB-EVENT,_MatMul_4:OpId_131 (cycles)
300668143246,EXECUTE,0,CYCLES,BACKEND,SUB-EVENT,_Transpose_4:OpId_136 (cycles)
300668143246,EXECUTE,0,CYCLES,BACKEND,SUB-EVENT,_Reshape_5:OpId_137 (cycles)
300668143246,EXECUTE,1135,CYCLES,BACKEND,SUB-EVENT,_MatMul_5:OpId_139 (cycles)
300668143246,EXECUTE,0,CYCLES,BACKEND,SUB-EVENT,_MatMul_5_post_reshape:OpId_142 (cycles)
300668143246,EXECUTE,0,CYCLES,BACKEND,SUB-EVENT,_MatMul_5_output_0_nfc:OpId_144 (cycles)
300668143246,EXECUTE,1113,CYCLES,BACKEND,SUB-EVENT,_Add_6:OpId_146 (cycles)
300668143246,EXECUTE,0,CYCLES,BACKEND,SUB-EVENT,_Add_6_output_0_ncf:OpId_149 (cycles)
300668143246,EXECUTE,5673,CYCLES,BACKEND,SUB-EVENT,rms_norm__Mul_14_output_0:OpId_154 (cycles)
300668143246,EXECUTE,0,CYCLES,BACKEND,SUB-EVENT,_MatMul_7_pre_reshape:OpId_157 (cycles)
300668143246,EXECUTE,0,CYCLES,BACKEND,SUB-EVENT,_MatMul_6_pre_reshape:OpId_158 (cycles)
300668143246,EXECUTE,5785,CYCLES,BACKEND,SUB-EVENT,_MatMul_6:OpId_160 (cycles)
300668143246,EXECUTE,0,CYCLES,BACKEND,SUB-EVENT,_MatMul_6_post_reshape:OpId_163 (cycles)
300668143246,EXECUTE,0,CYCLES,BACKEND,SUB-EVENT,_Sigmoid:OpId_164 (cycles)
300668143246,EXECUTE,38836,CYCLES,BACKEND,SUB-EVENT,_Mul_15:OpId_171 (cycles)
300668143246,EXECUTE,2982,CYCLES,BACKEND,SUB-EVENT,_MatMul_7:OpId_174 (cycles)
300668143246,EXECUTE,0,CYCLES,BACKEND,SUB-EVENT,_MatMul_7_post_reshape:OpId_177 (cycles)
300668143246,EXECUTE,26825,CYCLES,BACKEND,SUB-EVENT,_Mul_16:OpId_178 (cycles)
300668143246,EXECUTE,0,CYCLES,BACKEND,SUB-EVENT,_MatMul_8_pre_reshape:OpId_180 (cycles)
300668143246,EXECUTE,2219,CYCLES,BACKEND,SUB-EVENT,_MatMul_8:OpId_182 (cycles)
300668143246,EXECUTE,0,CYCLES,BACKEND,SUB-EVENT,_MatMul_8_post_reshape:OpId_185 (cycles)
300668143246,EXECUTE,0,CYCLES,BACKEND,SUB-EVENT,_MatMul_8_output_0_nfc:OpId_187 (cycles)
300668143246,EXECUTE,2698,CYCLES,BACKEND,SUB-EVENT,_Add_8:OpId_189 (cycles)
300668143246,EXECUTE,8415,CYCLES,BACKEND,SUB-EVENT,hidden_out_ncf:OpId_192 (cycles)
300668143246,EXECUTE,7363,CYCLES,BACKEND,SUB-EVENT,Output OpId_3 (cycles)
300668143246,EXECUTE,4454,US,BACKEND,ROOT,Accelerator (execute) time
300668143246,EXECUTE,2612,US,BACKEND,ROOT,Accelerator (execute excluding wait) time
300668143246,EXECUTE,7725,US,BACKEND,ROOT,QNN (execute) time
300668152112,EXECUTE IPS,81.878624,INF/SEC,NETRUN,ROOT,null
