input log file location, /tmp/tiny_decode_10.log
qnn-profile-viewer version, v2.47.0.260601114230
qnn-net-run version, v2.47.0.260601114230
Backend version, v2.47.0.260601114230
Msg Timestamp, Message, Time, Unit of Measurement, Timing Source, Event Level, Event Identifier
994364160146,INIT,243917,US,NETRUN,ROOT,null
994364350335,COMPOSE GRAPHS,188552,US,NETRUN,ROOT,null
994364405789,FINALIZE,55243,US,NETRUN,ROOT,Graph 0: tiny_block_decode
994364405789,FINALIZE,4591,US,BACKEND,ROOT,RPC (finalize) time
994364405789,FINALIZE,3030,US,BACKEND,ROOT,QNN accelerator (finalize) time
994364405789,FINALIZE,2872,US,BACKEND,ROOT,Accelerator (finalize) time
994364405789,FINALIZE,55217,US,BACKEND,ROOT,QNN (finalize) time
994364405789,FINALIZE,175,US,BACKEND,SUB-EVENT,Graph Preparation Initializing
994364405789,FINALIZE,34806,US,BACKEND,SUB-EVENT,Graph Optimizations
994364405789,FINALIZE,799,US,BACKEND,SUB-EVENT,Post Graph Optimization
994364405789,FINALIZE,3744,US,BACKEND,SUB-EVENT,Graph Sequencing for Target
994364405789,FINALIZE,314,US,BACKEND,SUB-EVENT,VTCM Allocation
994364405789,FINALIZE,93,US,BACKEND,SUB-EVENT,Parallelization Optimization
994364405789,FINALIZE,288,US,BACKEND,SUB-EVENT,Finalizing Graph Sequence
994364405789,FINALIZE,14,US,BACKEND,SUB-EVENT,Completion
994364482500,DE-INIT,24524,US,NETRUN,ROOT,null
994364482500,DE-INIT,5588,US,BACKEND,ROOT,RPC (deinit) time
994364482500,DE-INIT,4454,US,BACKEND,ROOT,QNN Accelerator (deinit) time
994364482500,DE-INIT,4328,US,BACKEND,ROOT,Accelerator (deinit) time
994364482500,DE-INIT,24500,US,BACKEND,ROOT,QNN (deinit) time
994364414480,EXECUTE,7499,US,NETRUN,ROOT,Graph 0: tiny_block_decode
994364414480,EXECUTE,4,COUNT,BACKEND,ROOT,Number of HVX threads used
994364414480,EXECUTE,7096,US,BACKEND,ROOT,RPC (execute) time
994364414480,EXECUTE,5642,US,BACKEND,ROOT,QNN accelerator (execute) time
994364414480,EXECUTE,0,COUNT,BACKEND,ROOT,Num times yield occured
994364414480,EXECUTE,838,US,BACKEND,ROOT,Time for initial VTCM acquire
994364414480,EXECUTE,42327,US,BACKEND,ROOT,Time for HVX + HMX power on and acquire
994364414480,EXECUTE,311705,CYCLES,BACKEND,ROOT,Accelerator (execute) time (cycles)
994364414480,EXECUTE,17552,CYCLES,BACKEND,SUB-EVENT,Input OpId_2 (cycles)
994364414480,EXECUTE,0,CYCLES,BACKEND,SUB-EVENT,hidden_states_nfc:OpId_17 (cycles)
994364414480,EXECUTE,25274,CYCLES,BACKEND,SUB-EVENT,past_key_nhwc:OpId_20 (cycles)
994364414480,EXECUTE,33581,CYCLES,BACKEND,SUB-EVENT,rms_norm__Mul_2_output_0:OpId_24 (cycles)
994364414480,EXECUTE,1061,CYCLES,BACKEND,SUB-EVENT,_MatMul:OpId_29 (cycles)
994364414480,EXECUTE,0,CYCLES,BACKEND,SUB-EVENT,_MatMul_post_reshape:OpId_31 (cycles)
994364414480,EXECUTE,6936,CYCLES,BACKEND,SUB-EVENT,_Transpose:OpId_33 (cycles)
994364414480,EXECUTE,920,CYCLES,BACKEND,SUB-EVENT,_MatMul_1:OpId_36 (cycles)
994364414480,EXECUTE,17439,CYCLES,BACKEND,SUB-EVENT,_MatMul_1_post_reshape:OpId_38 (cycles)
994364414480,EXECUTE,2016,CYCLES,BACKEND,SUB-EVENT,_Transpose_1:OpId_40 (cycles)
994364414480,EXECUTE,6174,CYCLES,BACKEND,SUB-EVENT,_MatMul_2:OpId_43 (cycles)
994364414480,EXECUTE,18611,CYCLES,BACKEND,SUB-EVENT,_MatMul_2_post_reshape:OpId_45 (cycles)
994364414480,EXECUTE,1921,CYCLES,BACKEND,SUB-EVENT,_Transpose_2:OpId_47 (cycles)
994364414480,EXECUTE,0,CYCLES,BACKEND,SUB-EVENT,_Slice:OpId_49 (cycles)
994364414480,EXECUTE,1382,CYCLES,BACKEND,SUB-EVENT,_Slice_1:OpId_55 (cycles)
994364414480,EXECUTE,6987,CYCLES,BACKEND,SUB-EVENT,_Mul_3:OpId_61 (cycles)
994364414480,EXECUTE,2426,CYCLES,BACKEND,SUB-EVENT,_Mul_4:OpId_64 (cycles)
994364414480,EXECUTE,853,CYCLES,BACKEND,SUB-EVENT,_Sub:OpId_66 (cycles)
994364414480,EXECUTE,712,CYCLES,BACKEND,SUB-EVENT,_Mul_5:OpId_68 (cycles)
994364414480,EXECUTE,5639,CYCLES,BACKEND,SUB-EVENT,_Mul_6:OpId_70 (cycles)
994364414480,EXECUTE,2150,CYCLES,BACKEND,SUB-EVENT,_Add_4:OpId_72 (cycles)
994364414480,EXECUTE,3913,CYCLES,BACKEND,SUB-EVENT,_Concat:OpId_74 (cycles)
994364414480,EXECUTE,0,CYCLES,BACKEND,SUB-EVENT,_Slice_2:OpId_77 (cycles)
994364414480,EXECUTE,180,CYCLES,BACKEND,SUB-EVENT,_Slice_3:OpId_83 (cycles)
994364414480,EXECUTE,719,CYCLES,BACKEND,SUB-EVENT,_Mul_7:OpId_88 (cycles)
994364414480,EXECUTE,559,CYCLES,BACKEND,SUB-EVENT,_Mul_8:OpId_90 (cycles)
994364414480,EXECUTE,162,CYCLES,BACKEND,SUB-EVENT,_Sub_1:OpId_92 (cycles)
994364414480,EXECUTE,490,CYCLES,BACKEND,SUB-EVENT,_Mul_9:OpId_94 (cycles)
994364414480,EXECUTE,590,CYCLES,BACKEND,SUB-EVENT,_Mul_10:OpId_96 (cycles)
994364414480,EXECUTE,112,CYCLES,BACKEND,SUB-EVENT,_Add_5:OpId_98 (cycles)
994364414480,EXECUTE,4172,CYCLES,BACKEND,SUB-EVENT,_Concat_1:OpId_100 (cycles)
994364414480,EXECUTE,1093,CYCLES,BACKEND,SUB-EVENT,_Concat_1_output_0_nhwc:OpId_103 (cycles)
994364414480,EXECUTE,2311,CYCLES,BACKEND,SUB-EVENT,_Concat_2:OpId_104 (cycles)
994364414480,EXECUTE,2917,CYCLES,BACKEND,SUB-EVENT,present_key_nchw:OpId_107 (cycles)
994364414480,EXECUTE,7183,CYCLES,BACKEND,SUB-EVENT,_Concat_3:OpId_108 (cycles)
994364414480,EXECUTE,0,CYCLES,BACKEND,SUB-EVENT,_Unsqueeze_4:OpId_110 (cycles)
994364414480,EXECUTE,1267,CYCLES,BACKEND,SUB-EVENT,_Tile:OpId_112 (cycles)
994364414480,EXECUTE,0,CYCLES,BACKEND,SUB-EVENT,_Reshape_3:OpId_113 (cycles)
994364414480,EXECUTE,0,CYCLES,BACKEND,SUB-EVENT,_Unsqueeze_5:OpId_114 (cycles)
994364414480,EXECUTE,3374,CYCLES,BACKEND,SUB-EVENT,_Tile_1:OpId_116 (cycles)
994364414480,EXECUTE,0,CYCLES,BACKEND,SUB-EVENT,_Reshape_4:OpId_117 (cycles)
994364414480,EXECUTE,17358,CYCLES,BACKEND,SUB-EVENT,_Transpose_3:OpId_119 (cycles)
994364414480,EXECUTE,8157,CYCLES,BACKEND,SUB-EVENT,_MatMul_3:OpId_120 (cycles)
994364414480,EXECUTE,0,CYCLES,BACKEND,SUB-EVENT,_Mul_11:OpId_125 (cycles)
994364414480,EXECUTE,32903,CYCLES,BACKEND,SUB-EVENT,_Softmax:OpId_127 (cycles)
994364414480,EXECUTE,14178,CYCLES,BACKEND,SUB-EVENT,_MatMul_4:OpId_130 (cycles)
994364414480,EXECUTE,0,CYCLES,BACKEND,SUB-EVENT,_Transpose_4:OpId_135 (cycles)
994364414480,EXECUTE,1478,CYCLES,BACKEND,SUB-EVENT,_MatMul_5:OpId_137 (cycles)
994364414480,EXECUTE,0,CYCLES,BACKEND,SUB-EVENT,_MatMul_5_post_reshape:OpId_140 (cycles)
994364414480,EXECUTE,0,CYCLES,BACKEND,SUB-EVENT,_MatMul_5_output_0_nfc:OpId_142 (cycles)
994364414480,EXECUTE,31548,CYCLES,BACKEND,SUB-EVENT,_Add_6:OpId_144 (cycles)
994364414480,EXECUTE,0,CYCLES,BACKEND,SUB-EVENT,_Add_6_output_0_ncf:OpId_147 (cycles)
994364414480,EXECUTE,1063,CYCLES,BACKEND,SUB-EVENT,rms_norm__Mul_14_output_0:OpId_152 (cycles)
994364414480,EXECUTE,0,CYCLES,BACKEND,SUB-EVENT,_MatMul_6:OpId_156 (cycles)
994364414480,EXECUTE,0,CYCLES,BACKEND,SUB-EVENT,_MatMul_6_post_reshape:OpId_159 (cycles)
994364414480,EXECUTE,0,CYCLES,BACKEND,SUB-EVENT,_Sigmoid:OpId_160 (cycles)
994364414480,EXECUTE,4376,CYCLES,BACKEND,SUB-EVENT,_Mul_15:OpId_167 (cycles)
994364414480,EXECUTE,2465,CYCLES,BACKEND,SUB-EVENT,_MatMul_7:OpId_170 (cycles)
994364414480,EXECUTE,0,CYCLES,BACKEND,SUB-EVENT,_MatMul_7_post_reshape:OpId_173 (cycles)
994364414480,EXECUTE,5294,CYCLES,BACKEND,SUB-EVENT,_Mul_16:OpId_174 (cycles)
994364414480,EXECUTE,3213,CYCLES,BACKEND,SUB-EVENT,_MatMul_8:OpId_177 (cycles)
994364414480,EXECUTE,0,CYCLES,BACKEND,SUB-EVENT,_MatMul_8_post_reshape:OpId_180 (cycles)
994364414480,EXECUTE,0,CYCLES,BACKEND,SUB-EVENT,_MatMul_8_output_0_nfc:OpId_182 (cycles)
994364414480,EXECUTE,755,CYCLES,BACKEND,SUB-EVENT,_Add_8:OpId_184 (cycles)
994364414480,EXECUTE,0,CYCLES,BACKEND,SUB-EVENT,hidden_out_ncf:OpId_187 (cycles)
994364414480,EXECUTE,8241,CYCLES,BACKEND,SUB-EVENT,Output OpId_3 (cycles)
994364414480,EXECUTE,2730,US,BACKEND,ROOT,Accelerator (execute) time
994364414480,EXECUTE,388,US,BACKEND,ROOT,Accelerator (execute excluding wait) time
994364414480,EXECUTE,7457,US,BACKEND,ROOT,QNN (execute) time
994364421696,EXECUTE,4567,US,NETRUN,ROOT,Graph 0: tiny_block_decode
994364421696,EXECUTE,4,COUNT,BACKEND,ROOT,Number of HVX threads used
994364421696,EXECUTE,4045,US,BACKEND,ROOT,RPC (execute) time
994364421696,EXECUTE,1963,US,BACKEND,ROOT,QNN accelerator (execute) time
994364421696,EXECUTE,0,COUNT,BACKEND,ROOT,Num times yield occured
994364421696,EXECUTE,534,US,BACKEND,ROOT,Time for initial VTCM acquire
994364421696,EXECUTE,111,US,BACKEND,ROOT,Time for HVX + HMX power on and acquire
994364421696,EXECUTE,164139,CYCLES,BACKEND,ROOT,Accelerator (execute) time (cycles)
994364421696,EXECUTE,3262,CYCLES,BACKEND,SUB-EVENT,Input OpId_2 (cycles)
994364421696,EXECUTE,0,CYCLES,BACKEND,SUB-EVENT,hidden_states_nfc:OpId_17 (cycles)
994364421696,EXECUTE,6276,CYCLES,BACKEND,SUB-EVENT,past_key_nhwc:OpId_20 (cycles)
994364421696,EXECUTE,12155,CYCLES,BACKEND,SUB-EVENT,rms_norm__Mul_2_output_0:OpId_24 (cycles)
994364421696,EXECUTE,964,CYCLES,BACKEND,SUB-EVENT,_MatMul:OpId_29 (cycles)
994364421696,EXECUTE,0,CYCLES,BACKEND,SUB-EVENT,_MatMul_post_reshape:OpId_31 (cycles)
994364421696,EXECUTE,1455,CYCLES,BACKEND,SUB-EVENT,_Transpose:OpId_33 (cycles)
994364421696,EXECUTE,568,CYCLES,BACKEND,SUB-EVENT,_MatMul_1:OpId_36 (cycles)
994364421696,EXECUTE,3085,CYCLES,BACKEND,SUB-EVENT,_MatMul_1_post_reshape:OpId_38 (cycles)
994364421696,EXECUTE,332,CYCLES,BACKEND,SUB-EVENT,_Transpose_1:OpId_40 (cycles)
994364421696,EXECUTE,1587,CYCLES,BACKEND,SUB-EVENT,_MatMul_2:OpId_43 (cycles)
994364421696,EXECUTE,4720,CYCLES,BACKEND,SUB-EVENT,_MatMul_2_post_reshape:OpId_45 (cycles)
994364421696,EXECUTE,221,CYCLES,BACKEND,SUB-EVENT,_Transpose_2:OpId_47 (cycles)
994364421696,EXECUTE,0,CYCLES,BACKEND,SUB-EVENT,_Slice:OpId_49 (cycles)
994364421696,EXECUTE,849,CYCLES,BACKEND,SUB-EVENT,_Slice_1:OpId_55 (cycles)
994364421696,EXECUTE,3740,CYCLES,BACKEND,SUB-EVENT,_Mul_3:OpId_61 (cycles)
994364421696,EXECUTE,2277,CYCLES,BACKEND,SUB-EVENT,_Mul_4:OpId_64 (cycles)
994364421696,EXECUTE,439,CYCLES,BACKEND,SUB-EVENT,_Sub:OpId_66 (cycles)
994364421696,EXECUTE,2209,CYCLES,BACKEND,SUB-EVENT,_Mul_5:OpId_68 (cycles)
994364421696,EXECUTE,3734,CYCLES,BACKEND,SUB-EVENT,_Mul_6:OpId_70 (cycles)
994364421696,EXECUTE,699,CYCLES,BACKEND,SUB-EVENT,_Add_4:OpId_72 (cycles)
994364421696,EXECUTE,1850,CYCLES,BACKEND,SUB-EVENT,_Concat:OpId_74 (cycles)
994364421696,EXECUTE,0,CYCLES,BACKEND,SUB-EVENT,_Slice_2:OpId_77 (cycles)
994364421696,EXECUTE,200,CYCLES,BACKEND,SUB-EVENT,_Slice_3:OpId_83 (cycles)
994364421696,EXECUTE,703,CYCLES,BACKEND,SUB-EVENT,_Mul_7:OpId_88 (cycles)
994364421696,EXECUTE,610,CYCLES,BACKEND,SUB-EVENT,_Mul_8:OpId_90 (cycles)
994364421696,EXECUTE,139,CYCLES,BACKEND,SUB-EVENT,_Sub_1:OpId_92 (cycles)
994364421696,EXECUTE,467,CYCLES,BACKEND,SUB-EVENT,_Mul_9:OpId_94 (cycles)
994364421696,EXECUTE,699,CYCLES,BACKEND,SUB-EVENT,_Mul_10:OpId_96 (cycles)
994364421696,EXECUTE,130,CYCLES,BACKEND,SUB-EVENT,_Add_5:OpId_98 (cycles)
994364421696,EXECUTE,1775,CYCLES,BACKEND,SUB-EVENT,_Concat_1:OpId_100 (cycles)
994364421696,EXECUTE,409,CYCLES,BACKEND,SUB-EVENT,_Concat_1_output_0_nhwc:OpId_103 (cycles)
994364421696,EXECUTE,1474,CYCLES,BACKEND,SUB-EVENT,_Concat_2:OpId_104 (cycles)
994364421696,EXECUTE,1890,CYCLES,BACKEND,SUB-EVENT,present_key_nchw:OpId_107 (cycles)
994364421696,EXECUTE,2104,CYCLES,BACKEND,SUB-EVENT,_Concat_3:OpId_108 (cycles)
994364421696,EXECUTE,0,CYCLES,BACKEND,SUB-EVENT,_Unsqueeze_4:OpId_110 (cycles)
994364421696,EXECUTE,2286,CYCLES,BACKEND,SUB-EVENT,_Tile:OpId_112 (cycles)
994364421696,EXECUTE,0,CYCLES,BACKEND,SUB-EVENT,_Reshape_3:OpId_113 (cycles)
994364421696,EXECUTE,0,CYCLES,BACKEND,SUB-EVENT,_Unsqueeze_5:OpId_114 (cycles)
994364421696,EXECUTE,2504,CYCLES,BACKEND,SUB-EVENT,_Tile_1:OpId_116 (cycles)
994364421696,EXECUTE,0,CYCLES,BACKEND,SUB-EVENT,_Reshape_4:OpId_117 (cycles)
994364421696,EXECUTE,12180,CYCLES,BACKEND,SUB-EVENT,_Transpose_3:OpId_119 (cycles)
994364421696,EXECUTE,7818,CYCLES,BACKEND,SUB-EVENT,_MatMul_3:OpId_120 (cycles)
994364421696,EXECUTE,0,CYCLES,BACKEND,SUB-EVENT,_Mul_11:OpId_125 (cycles)
994364421696,EXECUTE,6633,CYCLES,BACKEND,SUB-EVENT,_Softmax:OpId_127 (cycles)
994364421696,EXECUTE,6655,CYCLES,BACKEND,SUB-EVENT,_MatMul_4:OpId_130 (cycles)
994364421696,EXECUTE,0,CYCLES,BACKEND,SUB-EVENT,_Transpose_4:OpId_135 (cycles)
994364421696,EXECUTE,1220,CYCLES,BACKEND,SUB-EVENT,_MatMul_5:OpId_137 (cycles)
994364421696,EXECUTE,0,CYCLES,BACKEND,SUB-EVENT,_MatMul_5_post_reshape:OpId_140 (cycles)
994364421696,EXECUTE,0,CYCLES,BACKEND,SUB-EVENT,_MatMul_5_output_0_nfc:OpId_142 (cycles)
994364421696,EXECUTE,14319,CYCLES,BACKEND,SUB-EVENT,_Add_6:OpId_144 (cycles)
994364421696,EXECUTE,0,CYCLES,BACKEND,SUB-EVENT,_Add_6_output_0_ncf:OpId_147 (cycles)
994364421696,EXECUTE,1049,CYCLES,BACKEND,SUB-EVENT,rms_norm__Mul_14_output_0:OpId_152 (cycles)
994364421696,EXECUTE,0,CYCLES,BACKEND,SUB-EVENT,_MatMul_6:OpId_156 (cycles)
994364421696,EXECUTE,0,CYCLES,BACKEND,SUB-EVENT,_MatMul_6_post_reshape:OpId_159 (cycles)
994364421696,EXECUTE,0,CYCLES,BACKEND,SUB-EVENT,_Sigmoid:OpId_160 (cycles)
994364421696,EXECUTE,20836,CYCLES,BACKEND,SUB-EVENT,_Mul_15:OpId_167 (cycles)
994364421696,EXECUTE,4420,CYCLES,BACKEND,SUB-EVENT,_MatMul_7:OpId_170 (cycles)
994364421696,EXECUTE,0,CYCLES,BACKEND,SUB-EVENT,_MatMul_7_post_reshape:OpId_173 (cycles)
994364421696,EXECUTE,5921,CYCLES,BACKEND,SUB-EVENT,_Mul_16:OpId_174 (cycles)
994364421696,EXECUTE,2127,CYCLES,BACKEND,SUB-EVENT,_MatMul_8:OpId_177 (cycles)
994364421696,EXECUTE,0,CYCLES,BACKEND,SUB-EVENT,_MatMul_8_post_reshape:OpId_180 (cycles)
994364421696,EXECUTE,0,CYCLES,BACKEND,SUB-EVENT,_MatMul_8_output_0_nfc:OpId_182 (cycles)
994364421696,EXECUTE,760,CYCLES,BACKEND,SUB-EVENT,_Add_8:OpId_184 (cycles)
994364421696,EXECUTE,0,CYCLES,BACKEND,SUB-EVENT,hidden_out_ncf:OpId_187 (cycles)
994364421696,EXECUTE,14389,CYCLES,BACKEND,SUB-EVENT,Output OpId_3 (cycles)
994364421696,EXECUTE,351,US,BACKEND,ROOT,Accelerator (execute) time
994364421696,EXECUTE,266,US,BACKEND,ROOT,Accelerator (execute excluding wait) time
994364421696,EXECUTE,4529,US,BACKEND,ROOT,QNN (execute) time
994364429742,EXECUTE,2719,US,NETRUN,ROOT,Graph 0: tiny_block_decode
994364429742,EXECUTE,4,COUNT,BACKEND,ROOT,Number of HVX threads used
994364429742,EXECUTE,2424,US,BACKEND,ROOT,RPC (execute) time
994364429742,EXECUTE,1820,US,BACKEND,ROOT,QNN accelerator (execute) time
994364429742,EXECUTE,0,COUNT,BACKEND,ROOT,Num times yield occured
994364429742,EXECUTE,436,US,BACKEND,ROOT,Time for initial VTCM acquire
994364429742,EXECUTE,94,US,BACKEND,ROOT,Time for HVX + HMX power on and acquire
994364429742,EXECUTE,128405,CYCLES,BACKEND,ROOT,Accelerator (execute) time (cycles)
994364429742,EXECUTE,2604,CYCLES,BACKEND,SUB-EVENT,Input OpId_2 (cycles)
994364429742,EXECUTE,0,CYCLES,BACKEND,SUB-EVENT,hidden_states_nfc:OpId_17 (cycles)
994364429742,EXECUTE,3289,CYCLES,BACKEND,SUB-EVENT,past_key_nhwc:OpId_20 (cycles)
994364429742,EXECUTE,7632,CYCLES,BACKEND,SUB-EVENT,rms_norm__Mul_2_output_0:OpId_24 (cycles)
994364429742,EXECUTE,975,CYCLES,BACKEND,SUB-EVENT,_MatMul:OpId_29 (cycles)
994364429742,EXECUTE,0,CYCLES,BACKEND,SUB-EVENT,_MatMul_post_reshape:OpId_31 (cycles)
994364429742,EXECUTE,448,CYCLES,BACKEND,SUB-EVENT,_Transpose:OpId_33 (cycles)
994364429742,EXECUTE,762,CYCLES,BACKEND,SUB-EVENT,_MatMul_1:OpId_36 (cycles)
994364429742,EXECUTE,1870,CYCLES,BACKEND,SUB-EVENT,_MatMul_1_post_reshape:OpId_38 (cycles)
994364429742,EXECUTE,303,CYCLES,BACKEND,SUB-EVENT,_Transpose_1:OpId_40 (cycles)
994364429742,EXECUTE,1719,CYCLES,BACKEND,SUB-EVENT,_MatMul_2:OpId_43 (cycles)
994364429742,EXECUTE,2942,CYCLES,BACKEND,SUB-EVENT,_MatMul_2_post_reshape:OpId_45 (cycles)
994364429742,EXECUTE,208,CYCLES,BACKEND,SUB-EVENT,_Transpose_2:OpId_47 (cycles)
994364429742,EXECUTE,0,CYCLES,BACKEND,SUB-EVENT,_Slice:OpId_49 (cycles)
994364429742,EXECUTE,1829,CYCLES,BACKEND,SUB-EVENT,_Slice_1:OpId_55 (cycles)
994364429742,EXECUTE,8080,CYCLES,BACKEND,SUB-EVENT,_Mul_3:OpId_61 (cycles)
994364429742,EXECUTE,5741,CYCLES,BACKEND,SUB-EVENT,_Mul_4:OpId_64 (cycles)
994364429742,EXECUTE,1272,CYCLES,BACKEND,SUB-EVENT,_Sub:OpId_66 (cycles)
994364429742,EXECUTE,5766,CYCLES,BACKEND,SUB-EVENT,_Mul_5:OpId_68 (cycles)
994364429742,EXECUTE,8108,CYCLES,BACKEND,SUB-EVENT,_Mul_6:OpId_70 (cycles)
994364429742,EXECUTE,756,CYCLES,BACKEND,SUB-EVENT,_Add_4:OpId_72 (cycles)
994364429742,EXECUTE,2162,CYCLES,BACKEND,SUB-EVENT,_Concat:OpId_74 (cycles)
994364429742,EXECUTE,0,CYCLES,BACKEND,SUB-EVENT,_Slice_2:OpId_77 (cycles)
994364429742,EXECUTE,189,CYCLES,BACKEND,SUB-EVENT,_Slice_3:OpId_83 (cycles)
994364429742,EXECUTE,752,CYCLES,BACKEND,SUB-EVENT,_Mul_7:OpId_88 (cycles)
994364429742,EXECUTE,597,CYCLES,BACKEND,SUB-EVENT,_Mul_8:OpId_90 (cycles)
994364429742,EXECUTE,133,CYCLES,BACKEND,SUB-EVENT,_Sub_1:OpId_92 (cycles)
994364429742,EXECUTE,595,CYCLES,BACKEND,SUB-EVENT,_Mul_9:OpId_94 (cycles)
994364429742,EXECUTE,737,CYCLES,BACKEND,SUB-EVENT,_Mul_10:OpId_96 (cycles)
994364429742,EXECUTE,120,CYCLES,BACKEND,SUB-EVENT,_Add_5:OpId_98 (cycles)
994364429742,EXECUTE,2122,CYCLES,BACKEND,SUB-EVENT,_Concat_1:OpId_100 (cycles)
994364429742,EXECUTE,438,CYCLES,BACKEND,SUB-EVENT,_Concat_1_output_0_nhwc:OpId_103 (cycles)
994364429742,EXECUTE,820,CYCLES,BACKEND,SUB-EVENT,_Concat_2:OpId_104 (cycles)
994364429742,EXECUTE,2116,CYCLES,BACKEND,SUB-EVENT,present_key_nchw:OpId_107 (cycles)
994364429742,EXECUTE,3066,CYCLES,BACKEND,SUB-EVENT,_Concat_3:OpId_108 (cycles)
994364429742,EXECUTE,0,CYCLES,BACKEND,SUB-EVENT,_Unsqueeze_4:OpId_110 (cycles)
994364429742,EXECUTE,1351,CYCLES,BACKEND,SUB-EVENT,_Tile:OpId_112 (cycles)
994364429742,EXECUTE,0,CYCLES,BACKEND,SUB-EVENT,_Reshape_3:OpId_113 (cycles)
994364429742,EXECUTE,0,CYCLES,BACKEND,SUB-EVENT,_Unsqueeze_5:OpId_114 (cycles)
994364429742,EXECUTE,2203,CYCLES,BACKEND,SUB-EVENT,_Tile_1:OpId_116 (cycles)
994364429742,EXECUTE,0,CYCLES,BACKEND,SUB-EVENT,_Reshape_4:OpId_117 (cycles)
994364429742,EXECUTE,14111,CYCLES,BACKEND,SUB-EVENT,_Transpose_3:OpId_119 (cycles)
994364429742,EXECUTE,7137,CYCLES,BACKEND,SUB-EVENT,_MatMul_3:OpId_120 (cycles)
994364429742,EXECUTE,0,CYCLES,BACKEND,SUB-EVENT,_Mul_11:OpId_125 (cycles)
994364429742,EXECUTE,6894,CYCLES,BACKEND,SUB-EVENT,_Softmax:OpId_127 (cycles)
994364429742,EXECUTE,5295,CYCLES,BACKEND,SUB-EVENT,_MatMul_4:OpId_130 (cycles)
994364429742,EXECUTE,0,CYCLES,BACKEND,SUB-EVENT,_Transpose_4:OpId_135 (cycles)
994364429742,EXECUTE,1179,CYCLES,BACKEND,SUB-EVENT,_MatMul_5:OpId_137 (cycles)
994364429742,EXECUTE,0,CYCLES,BACKEND,SUB-EVENT,_MatMul_5_post_reshape:OpId_140 (cycles)
994364429742,EXECUTE,0,CYCLES,BACKEND,SUB-EVENT,_MatMul_5_output_0_nfc:OpId_142 (cycles)
994364429742,EXECUTE,5598,CYCLES,BACKEND,SUB-EVENT,_Add_6:OpId_144 (cycles)
994364429742,EXECUTE,0,CYCLES,BACKEND,SUB-EVENT,_Add_6_output_0_ncf:OpId_147 (cycles)
994364429742,EXECUTE,1035,CYCLES,BACKEND,SUB-EVENT,rms_norm__Mul_14_output_0:OpId_152 (cycles)
994364429742,EXECUTE,0,CYCLES,BACKEND,SUB-EVENT,_MatMul_6:OpId_156 (cycles)
994364429742,EXECUTE,0,CYCLES,BACKEND,SUB-EVENT,_MatMul_6_post_reshape:OpId_159 (cycles)
994364429742,EXECUTE,0,CYCLES,BACKEND,SUB-EVENT,_Sigmoid:OpId_160 (cycles)
994364429742,EXECUTE,6647,CYCLES,BACKEND,SUB-EVENT,_Mul_15:OpId_167 (cycles)
994364429742,EXECUTE,2526,CYCLES,BACKEND,SUB-EVENT,_MatMul_7:OpId_170 (cycles)
994364429742,EXECUTE,0,CYCLES,BACKEND,SUB-EVENT,_MatMul_7_post_reshape:OpId_173 (cycles)
994364429742,EXECUTE,1447,CYCLES,BACKEND,SUB-EVENT,_Mul_16:OpId_174 (cycles)
994364429742,EXECUTE,2110,CYCLES,BACKEND,SUB-EVENT,_MatMul_8:OpId_177 (cycles)
994364429742,EXECUTE,0,CYCLES,BACKEND,SUB-EVENT,_MatMul_8_post_reshape:OpId_180 (cycles)
994364429742,EXECUTE,0,CYCLES,BACKEND,SUB-EVENT,_MatMul_8_output_0_nfc:OpId_182 (cycles)
994364429742,EXECUTE,762,CYCLES,BACKEND,SUB-EVENT,_Add_8:OpId_184 (cycles)
994364429742,EXECUTE,0,CYCLES,BACKEND,SUB-EVENT,hidden_out_ncf:OpId_187 (cycles)
994364429742,EXECUTE,1959,CYCLES,BACKEND,SUB-EVENT,Output OpId_3 (cycles)
994364429742,EXECUTE,249,US,BACKEND,ROOT,Accelerator (execute) time
994364429742,EXECUTE,185,US,BACKEND,ROOT,Accelerator (execute excluding wait) time
994364429742,EXECUTE,2705,US,BACKEND,ROOT,QNN (execute) time
994364429744,EXECUTE,3766,US,NETRUN,ROOT,Graph 0: tiny_block_decode
994364429744,EXECUTE,4,COUNT,BACKEND,ROOT,Number of HVX threads used
994364429744,EXECUTE,3346,US,BACKEND,ROOT,RPC (execute) time
994364429744,EXECUTE,1797,US,BACKEND,ROOT,QNN accelerator (execute) time
994364429744,EXECUTE,0,COUNT,BACKEND,ROOT,Num times yield occured
994364429744,EXECUTE,407,US,BACKEND,ROOT,Time for initial VTCM acquire
994364429744,EXECUTE,114,US,BACKEND,ROOT,Time for HVX + HMX power on and acquire
994364429744,EXECUTE,139020,CYCLES,BACKEND,ROOT,Accelerator (execute) time (cycles)
994364429744,EXECUTE,3306,CYCLES,BACKEND,SUB-EVENT,Input OpId_2 (cycles)
994364429744,EXECUTE,0,CYCLES,BACKEND,SUB-EVENT,hidden_states_nfc:OpId_17 (cycles)
994364429744,EXECUTE,2726,CYCLES,BACKEND,SUB-EVENT,past_key_nhwc:OpId_20 (cycles)
994364429744,EXECUTE,8394,CYCLES,BACKEND,SUB-EVENT,rms_norm__Mul_2_output_0:OpId_24 (cycles)
994364429744,EXECUTE,968,CYCLES,BACKEND,SUB-EVENT,_MatMul:OpId_29 (cycles)
994364429744,EXECUTE,0,CYCLES,BACKEND,SUB-EVENT,_MatMul_post_reshape:OpId_31 (cycles)
994364429744,EXECUTE,442,CYCLES,BACKEND,SUB-EVENT,_Transpose:OpId_33 (cycles)
994364429744,EXECUTE,557,CYCLES,BACKEND,SUB-EVENT,_MatMul_1:OpId_36 (cycles)
994364429744,EXECUTE,3663,CYCLES,BACKEND,SUB-EVENT,_MatMul_1_post_reshape:OpId_38 (cycles)
994364429744,EXECUTE,364,CYCLES,BACKEND,SUB-EVENT,_Transpose_1:OpId_40 (cycles)
994364429744,EXECUTE,1515,CYCLES,BACKEND,SUB-EVENT,_MatMul_2:OpId_43 (cycles)
994364429744,EXECUTE,4916,CYCLES,BACKEND,SUB-EVENT,_MatMul_2_post_reshape:OpId_45 (cycles)
994364429744,EXECUTE,190,CYCLES,BACKEND,SUB-EVENT,_Transpose_2:OpId_47 (cycles)
994364429744,EXECUTE,0,CYCLES,BACKEND,SUB-EVENT,_Slice:OpId_49 (cycles)
994364429744,EXECUTE,2343,CYCLES,BACKEND,SUB-EVENT,_Slice_1:OpId_55 (cycles)
994364429744,EXECUTE,6564,CYCLES,BACKEND,SUB-EVENT,_Mul_3:OpId_61 (cycles)
994364429744,EXECUTE,4173,CYCLES,BACKEND,SUB-EVENT,_Mul_4:OpId_64 (cycles)
994364429744,EXECUTE,1566,CYCLES,BACKEND,SUB-EVENT,_Sub:OpId_66 (cycles)
994364429744,EXECUTE,4089,CYCLES,BACKEND,SUB-EVENT,_Mul_5:OpId_68 (cycles)
994364429744,EXECUTE,6483,CYCLES,BACKEND,SUB-EVENT,_Mul_6:OpId_70 (cycles)
994364429744,EXECUTE,706,CYCLES,BACKEND,SUB-EVENT,_Add_4:OpId_72 (cycles)
994364429744,EXECUTE,3013,CYCLES,BACKEND,SUB-EVENT,_Concat:OpId_74 (cycles)
994364429744,EXECUTE,0,CYCLES,BACKEND,SUB-EVENT,_Slice_2:OpId_77 (cycles)
994364429744,EXECUTE,193,CYCLES,BACKEND,SUB-EVENT,_Slice_3:OpId_83 (cycles)
994364429744,EXECUTE,666,CYCLES,BACKEND,SUB-EVENT,_Mul_7:OpId_88 (cycles)
994364429744,EXECUTE,542,CYCLES,BACKEND,SUB-EVENT,_Mul_8:OpId_90 (cycles)
994364429744,EXECUTE,167,CYCLES,BACKEND,SUB-EVENT,_Sub_1:OpId_92 (cycles)
994364429744,EXECUTE,520,CYCLES,BACKEND,SUB-EVENT,_Mul_9:OpId_94 (cycles)
994364429744,EXECUTE,632,CYCLES,BACKEND,SUB-EVENT,_Mul_10:OpId_96 (cycles)
994364429744,EXECUTE,88,CYCLES,BACKEND,SUB-EVENT,_Add_5:OpId_98 (cycles)
994364429744,EXECUTE,3716,CYCLES,BACKEND,SUB-EVENT,_Concat_1:OpId_100 (cycles)
994364429744,EXECUTE,372,CYCLES,BACKEND,SUB-EVENT,_Concat_1_output_0_nhwc:OpId_103 (cycles)
994364429744,EXECUTE,2412,CYCLES,BACKEND,SUB-EVENT,_Concat_2:OpId_104 (cycles)
994364429744,EXECUTE,1380,CYCLES,BACKEND,SUB-EVENT,present_key_nchw:OpId_107 (cycles)
994364429744,EXECUTE,2252,CYCLES,BACKEND,SUB-EVENT,_Concat_3:OpId_108 (cycles)
994364429744,EXECUTE,0,CYCLES,BACKEND,SUB-EVENT,_Unsqueeze_4:OpId_110 (cycles)
994364429744,EXECUTE,1334,CYCLES,BACKEND,SUB-EVENT,_Tile:OpId_112 (cycles)
994364429744,EXECUTE,0,CYCLES,BACKEND,SUB-EVENT,_Reshape_3:OpId_113 (cycles)
994364429744,EXECUTE,0,CYCLES,BACKEND,SUB-EVENT,_Unsqueeze_5:OpId_114 (cycles)
994364429744,EXECUTE,2366,CYCLES,BACKEND,SUB-EVENT,_Tile_1:OpId_116 (cycles)
994364429744,EXECUTE,0,CYCLES,BACKEND,SUB-EVENT,_Reshape_4:OpId_117 (cycles)
994364429744,EXECUTE,16090,CYCLES,BACKEND,SUB-EVENT,_Transpose_3:OpId_119 (cycles)
994364429744,EXECUTE,7128,CYCLES,BACKEND,SUB-EVENT,_MatMul_3:OpId_120 (cycles)
994364429744,EXECUTE,0,CYCLES,BACKEND,SUB-EVENT,_Mul_11:OpId_125 (cycles)
994364429744,EXECUTE,10702,CYCLES,BACKEND,SUB-EVENT,_Softmax:OpId_127 (cycles)
994364429744,EXECUTE,10424,CYCLES,BACKEND,SUB-EVENT,_MatMul_4:OpId_130 (cycles)
994364429744,EXECUTE,0,CYCLES,BACKEND,SUB-EVENT,_Transpose_4:OpId_135 (cycles)
994364429744,EXECUTE,1252,CYCLES,BACKEND,SUB-EVENT,_MatMul_5:OpId_137 (cycles)
994364429744,EXECUTE,0,CYCLES,BACKEND,SUB-EVENT,_MatMul_5_post_reshape:OpId_140 (cycles)
994364429744,EXECUTE,0,CYCLES,BACKEND,SUB-EVENT,_MatMul_5_output_0_nfc:OpId_142 (cycles)
994364429744,EXECUTE,5145,CYCLES,BACKEND,SUB-EVENT,_Add_6:OpId_144 (cycles)
994364429744,EXECUTE,0,CYCLES,BACKEND,SUB-EVENT,_Add_6_output_0_ncf:OpId_147 (cycles)
994364429744,EXECUTE,976,CYCLES,BACKEND,SUB-EVENT,rms_norm__Mul_14_output_0:OpId_152 (cycles)
994364429744,EXECUTE,0,CYCLES,BACKEND,SUB-EVENT,_MatMul_6:OpId_156 (cycles)
994364429744,EXECUTE,0,CYCLES,BACKEND,SUB-EVENT,_MatMul_6_post_reshape:OpId_159 (cycles)
994364429744,EXECUTE,0,CYCLES,BACKEND,SUB-EVENT,_Sigmoid:OpId_160 (cycles)
994364429744,EXECUTE,5814,CYCLES,BACKEND,SUB-EVENT,_Mul_15:OpId_167 (cycles)
994364429744,EXECUTE,2512,CYCLES,BACKEND,SUB-EVENT,_MatMul_7:OpId_170 (cycles)
994364429744,EXECUTE,0,CYCLES,BACKEND,SUB-EVENT,_MatMul_7_post_reshape:OpId_173 (cycles)
994364429744,EXECUTE,1454,CYCLES,BACKEND,SUB-EVENT,_Mul_16:OpId_174 (cycles)
994364429744,EXECUTE,2139,CYCLES,BACKEND,SUB-EVENT,_MatMul_8:OpId_177 (cycles)
994364429744,EXECUTE,0,CYCLES,BACKEND,SUB-EVENT,_MatMul_8_post_reshape:OpId_180 (cycles)
994364429744,EXECUTE,0,CYCLES,BACKEND,SUB-EVENT,_MatMul_8_output_0_nfc:OpId_182 (cycles)
994364429744,EXECUTE,750,CYCLES,BACKEND,SUB-EVENT,_Add_8:OpId_184 (cycles)
994364429744,EXECUTE,0,CYCLES,BACKEND,SUB-EVENT,hidden_out_ncf:OpId_187 (cycles)
994364429744,EXECUTE,2016,CYCLES,BACKEND,SUB-EVENT,Output OpId_3 (cycles)
994364429744,EXECUTE,260,US,BACKEND,ROOT,Accelerator (execute) time
994364429744,EXECUTE,202,US,BACKEND,ROOT,Accelerator (execute excluding wait) time
994364429744,EXECUTE,3733,US,BACKEND,ROOT,QNN (execute) time
994364434635,EXECUTE,4236,US,NETRUN,ROOT,Graph 0: tiny_block_decode
994364434635,EXECUTE,4,COUNT,BACKEND,ROOT,Number of HVX threads used
994364434635,EXECUTE,3724,US,BACKEND,ROOT,RPC (execute) time
994364434635,EXECUTE,1822,US,BACKEND,ROOT,QNN accelerator (execute) time
994364434635,EXECUTE,0,COUNT,BACKEND,ROOT,Num times yield occured
994364434635,EXECUTE,462,US,BACKEND,ROOT,Time for initial VTCM acquire
994364434635,EXECUTE,109,US,BACKEND,ROOT,Time for HVX + HMX power on and acquire
994364434635,EXECUTE,131981,CYCLES,BACKEND,ROOT,Accelerator (execute) time (cycles)
994364434635,EXECUTE,2087,CYCLES,BACKEND,SUB-EVENT,Input OpId_2 (cycles)
994364434635,EXECUTE,0,CYCLES,BACKEND,SUB-EVENT,hidden_states_nfc:OpId_17 (cycles)
994364434635,EXECUTE,2055,CYCLES,BACKEND,SUB-EVENT,past_key_nhwc:OpId_20 (cycles)
994364434635,EXECUTE,5074,CYCLES,BACKEND,SUB-EVENT,rms_norm__Mul_2_output_0:OpId_24 (cycles)
994364434635,EXECUTE,964,CYCLES,BACKEND,SUB-EVENT,_MatMul:OpId_29 (cycles)
994364434635,EXECUTE,0,CYCLES,BACKEND,SUB-EVENT,_MatMul_post_reshape:OpId_31 (cycles)
994364434635,EXECUTE,434,CYCLES,BACKEND,SUB-EVENT,_Transpose:OpId_33 (cycles)
994364434635,EXECUTE,736,CYCLES,BACKEND,SUB-EVENT,_MatMul_1:OpId_36 (cycles)
994364434635,EXECUTE,4267,CYCLES,BACKEND,SUB-EVENT,_MatMul_1_post_reshape:OpId_38 (cycles)
994364434635,EXECUTE,392,CYCLES,BACKEND,SUB-EVENT,_Transpose_1:OpId_40 (cycles)
994364434635,EXECUTE,1632,CYCLES,BACKEND,SUB-EVENT,_MatMul_2:OpId_43 (cycles)
994364434635,EXECUTE,5300,CYCLES,BACKEND,SUB-EVENT,_MatMul_2_post_reshape:OpId_45 (cycles)
994364434635,EXECUTE,210,CYCLES,BACKEND,SUB-EVENT,_Transpose_2:OpId_47 (cycles)
994364434635,EXECUTE,0,CYCLES,BACKEND,SUB-EVENT,_Slice:OpId_49 (cycles)
994364434635,EXECUTE,1205,CYCLES,BACKEND,SUB-EVENT,_Slice_1:OpId_55 (cycles)
994364434635,EXECUTE,9658,CYCLES,BACKEND,SUB-EVENT,_Mul_3:OpId_61 (cycles)
994364434635,EXECUTE,8121,CYCLES,BACKEND,SUB-EVENT,_Mul_4:OpId_64 (cycles)
994364434635,EXECUTE,1456,CYCLES,BACKEND,SUB-EVENT,_Sub:OpId_66 (cycles)
994364434635,EXECUTE,8016,CYCLES,BACKEND,SUB-EVENT,_Mul_5:OpId_68 (cycles)
994364434635,EXECUTE,9618,CYCLES,BACKEND,SUB-EVENT,_Mul_6:OpId_70 (cycles)
994364434635,EXECUTE,773,CYCLES,BACKEND,SUB-EVENT,_Add_4:OpId_72 (cycles)
994364434635,EXECUTE,1688,CYCLES,BACKEND,SUB-EVENT,_Concat:OpId_74 (cycles)
994364434635,EXECUTE,0,CYCLES,BACKEND,SUB-EVENT,_Slice_2:OpId_77 (cycles)
994364434635,EXECUTE,192,CYCLES,BACKEND,SUB-EVENT,_Slice_3:OpId_83 (cycles)
994364434635,EXECUTE,697,CYCLES,BACKEND,SUB-EVENT,_Mul_7:OpId_88 (cycles)
994364434635,EXECUTE,492,CYCLES,BACKEND,SUB-EVENT,_Mul_8:OpId_90 (cycles)
994364434635,EXECUTE,147,CYCLES,BACKEND,SUB-EVENT,_Sub_1:OpId_92 (cycles)
994364434635,EXECUTE,470,CYCLES,BACKEND,SUB-EVENT,_Mul_9:OpId_94 (cycles)
994364434635,EXECUTE,607,CYCLES,BACKEND,SUB-EVENT,_Mul_10:OpId_96 (cycles)
994364434635,EXECUTE,111,CYCLES,BACKEND,SUB-EVENT,_Add_5:OpId_98 (cycles)
994364434635,EXECUTE,1638,CYCLES,BACKEND,SUB-EVENT,_Concat_1:OpId_100 (cycles)
994364434635,EXECUTE,339,CYCLES,BACKEND,SUB-EVENT,_Concat_1_output_0_nhwc:OpId_103 (cycles)
994364434635,EXECUTE,730,CYCLES,BACKEND,SUB-EVENT,_Concat_2:OpId_104 (cycles)
994364434635,EXECUTE,1391,CYCLES,BACKEND,SUB-EVENT,present_key_nchw:OpId_107 (cycles)
994364434635,EXECUTE,2132,CYCLES,BACKEND,SUB-EVENT,_Concat_3:OpId_108 (cycles)
994364434635,EXECUTE,0,CYCLES,BACKEND,SUB-EVENT,_Unsqueeze_4:OpId_110 (cycles)
994364434635,EXECUTE,1544,CYCLES,BACKEND,SUB-EVENT,_Tile:OpId_112 (cycles)
994364434635,EXECUTE,0,CYCLES,BACKEND,SUB-EVENT,_Reshape_3:OpId_113 (cycles)
994364434635,EXECUTE,0,CYCLES,BACKEND,SUB-EVENT,_Unsqueeze_5:OpId_114 (cycles)
994364434635,EXECUTE,2802,CYCLES,BACKEND,SUB-EVENT,_Tile_1:OpId_116 (cycles)
994364434635,EXECUTE,0,CYCLES,BACKEND,SUB-EVENT,_Reshape_4:OpId_117 (cycles)
994364434635,EXECUTE,12093,CYCLES,BACKEND,SUB-EVENT,_Transpose_3:OpId_119 (cycles)
994364434635,EXECUTE,7033,CYCLES,BACKEND,SUB-EVENT,_MatMul_3:OpId_120 (cycles)
994364434635,EXECUTE,0,CYCLES,BACKEND,SUB-EVENT,_Mul_11:OpId_125 (cycles)
994364434635,EXECUTE,6136,CYCLES,BACKEND,SUB-EVENT,_Softmax:OpId_127 (cycles)
994364434635,EXECUTE,5088,CYCLES,BACKEND,SUB-EVENT,_MatMul_4:OpId_130 (cycles)
994364434635,EXECUTE,0,CYCLES,BACKEND,SUB-EVENT,_Transpose_4:OpId_135 (cycles)
994364434635,EXECUTE,3394,CYCLES,BACKEND,SUB-EVENT,_MatMul_5:OpId_137 (cycles)
994364434635,EXECUTE,0,CYCLES,BACKEND,SUB-EVENT,_MatMul_5_post_reshape:OpId_140 (cycles)
994364434635,EXECUTE,0,CYCLES,BACKEND,SUB-EVENT,_MatMul_5_output_0_nfc:OpId_142 (cycles)
994364434635,EXECUTE,5610,CYCLES,BACKEND,SUB-EVENT,_Add_6:OpId_144 (cycles)
994364434635,EXECUTE,0,CYCLES,BACKEND,SUB-EVENT,_Add_6_output_0_ncf:OpId_147 (cycles)
994364434635,EXECUTE,1019,CYCLES,BACKEND,SUB-EVENT,rms_norm__Mul_14_output_0:OpId_152 (cycles)
994364434635,EXECUTE,0,CYCLES,BACKEND,SUB-EVENT,_MatMul_6:OpId_156 (cycles)
994364434635,EXECUTE,0,CYCLES,BACKEND,SUB-EVENT,_MatMul_6_post_reshape:OpId_159 (cycles)
994364434635,EXECUTE,0,CYCLES,BACKEND,SUB-EVENT,_Sigmoid:OpId_160 (cycles)
994364434635,EXECUTE,5758,CYCLES,BACKEND,SUB-EVENT,_Mul_15:OpId_167 (cycles)
994364434635,EXECUTE,2522,CYCLES,BACKEND,SUB-EVENT,_MatMul_7:OpId_170 (cycles)
994364434635,EXECUTE,0,CYCLES,BACKEND,SUB-EVENT,_MatMul_7_post_reshape:OpId_173 (cycles)
994364434635,EXECUTE,1466,CYCLES,BACKEND,SUB-EVENT,_Mul_16:OpId_174 (cycles)
994364434635,EXECUTE,2144,CYCLES,BACKEND,SUB-EVENT,_MatMul_8:OpId_177 (cycles)
994364434635,EXECUTE,0,CYCLES,BACKEND,SUB-EVENT,_MatMul_8_post_reshape:OpId_180 (cycles)
994364434635,EXECUTE,0,CYCLES,BACKEND,SUB-EVENT,_MatMul_8_output_0_nfc:OpId_182 (cycles)
994364434635,EXECUTE,762,CYCLES,BACKEND,SUB-EVENT,_Add_8:OpId_184 (cycles)
994364434635,EXECUTE,0,CYCLES,BACKEND,SUB-EVENT,hidden_out_ncf:OpId_187 (cycles)
994364434635,EXECUTE,1978,CYCLES,BACKEND,SUB-EVENT,Output OpId_3 (cycles)
994364434635,EXECUTE,254,US,BACKEND,ROOT,Accelerator (execute) time
994364434635,EXECUTE,187,US,BACKEND,ROOT,Accelerator (execute excluding wait) time
994364434635,EXECUTE,4196,US,BACKEND,ROOT,QNN (execute) time
994364439329,EXECUTE,3442,US,NETRUN,ROOT,Graph 0: tiny_block_decode
994364439329,EXECUTE,4,COUNT,BACKEND,ROOT,Number of HVX threads used
994364439329,EXECUTE,2820,US,BACKEND,ROOT,RPC (execute) time
994364439329,EXECUTE,1804,US,BACKEND,ROOT,QNN accelerator (execute) time
994364439329,EXECUTE,0,COUNT,BACKEND,ROOT,Num times yield occured
994364439329,EXECUTE,429,US,BACKEND,ROOT,Time for initial VTCM acquire
994364439329,EXECUTE,48,US,BACKEND,ROOT,Time for HVX + HMX power on and acquire
994364439329,EXECUTE,130994,CYCLES,BACKEND,ROOT,Accelerator (execute) time (cycles)
994364439329,EXECUTE,2038,CYCLES,BACKEND,SUB-EVENT,Input OpId_2 (cycles)
994364439329,EXECUTE,0,CYCLES,BACKEND,SUB-EVENT,hidden_states_nfc:OpId_17 (cycles)
994364439329,EXECUTE,1938,CYCLES,BACKEND,SUB-EVENT,past_key_nhwc:OpId_20 (cycles)
994364439329,EXECUTE,4441,CYCLES,BACKEND,SUB-EVENT,rms_norm__Mul_2_output_0:OpId_24 (cycles)
994364439329,EXECUTE,967,CYCLES,BACKEND,SUB-EVENT,_MatMul:OpId_29 (cycles)
994364439329,EXECUTE,0,CYCLES,BACKEND,SUB-EVENT,_MatMul_post_reshape:OpId_31 (cycles)
994364439329,EXECUTE,406,CYCLES,BACKEND,SUB-EVENT,_Transpose:OpId_33 (cycles)
994364439329,EXECUTE,922,CYCLES,BACKEND,SUB-EVENT,_MatMul_1:OpId_36 (cycles)
994364439329,EXECUTE,4158,CYCLES,BACKEND,SUB-EVENT,_MatMul_1_post_reshape:OpId_38 (cycles)
994364439329,EXECUTE,1193,CYCLES,BACKEND,SUB-EVENT,_Transpose_1:OpId_40 (cycles)
994364439329,EXECUTE,1393,CYCLES,BACKEND,SUB-EVENT,_MatMul_2:OpId_43 (cycles)
994364439329,EXECUTE,5186,CYCLES,BACKEND,SUB-EVENT,_MatMul_2_post_reshape:OpId_45 (cycles)
994364439329,EXECUTE,1112,CYCLES,BACKEND,SUB-EVENT,_Transpose_2:OpId_47 (cycles)
994364439329,EXECUTE,0,CYCLES,BACKEND,SUB-EVENT,_Slice:OpId_49 (cycles)
994364439329,EXECUTE,1174,CYCLES,BACKEND,SUB-EVENT,_Slice_1:OpId_55 (cycles)
994364439329,EXECUTE,9166,CYCLES,BACKEND,SUB-EVENT,_Mul_3:OpId_61 (cycles)
994364439329,EXECUTE,7493,CYCLES,BACKEND,SUB-EVENT,_Mul_4:OpId_64 (cycles)
994364439329,EXECUTE,1033,CYCLES,BACKEND,SUB-EVENT,_Sub:OpId_66 (cycles)
994364439329,EXECUTE,7314,CYCLES,BACKEND,SUB-EVENT,_Mul_5:OpId_68 (cycles)
994364439329,EXECUTE,8452,CYCLES,BACKEND,SUB-EVENT,_Mul_6:OpId_70 (cycles)
994364439329,EXECUTE,2011,CYCLES,BACKEND,SUB-EVENT,_Add_4:OpId_72 (cycles)
994364439329,EXECUTE,2045,CYCLES,BACKEND,SUB-EVENT,_Concat:OpId_74 (cycles)
994364439329,EXECUTE,0,CYCLES,BACKEND,SUB-EVENT,_Slice_2:OpId_77 (cycles)
994364439329,EXECUTE,185,CYCLES,BACKEND,SUB-EVENT,_Slice_3:OpId_83 (cycles)
994364439329,EXECUTE,697,CYCLES,BACKEND,SUB-EVENT,_Mul_7:OpId_88 (cycles)
994364439329,EXECUTE,556,CYCLES,BACKEND,SUB-EVENT,_Mul_8:OpId_90 (cycles)
994364439329,EXECUTE,139,CYCLES,BACKEND,SUB-EVENT,_Sub_1:OpId_92 (cycles)
994364439329,EXECUTE,539,CYCLES,BACKEND,SUB-EVENT,_Mul_9:OpId_94 (cycles)
994364439329,EXECUTE,687,CYCLES,BACKEND,SUB-EVENT,_Mul_10:OpId_96 (cycles)
994364439329,EXECUTE,132,CYCLES,BACKEND,SUB-EVENT,_Add_5:OpId_98 (cycles)
994364439329,EXECUTE,1935,CYCLES,BACKEND,SUB-EVENT,_Concat_1:OpId_100 (cycles)
994364439329,EXECUTE,370,CYCLES,BACKEND,SUB-EVENT,_Concat_1_output_0_nhwc:OpId_103 (cycles)
994364439329,EXECUTE,716,CYCLES,BACKEND,SUB-EVENT,_Concat_2:OpId_104 (cycles)
994364439329,EXECUTE,1267,CYCLES,BACKEND,SUB-EVENT,present_key_nchw:OpId_107 (cycles)
994364439329,EXECUTE,1765,CYCLES,BACKEND,SUB-EVENT,_Concat_3:OpId_108 (cycles)
994364439329,EXECUTE,0,CYCLES,BACKEND,SUB-EVENT,_Unsqueeze_4:OpId_110 (cycles)
994364439329,EXECUTE,1370,CYCLES,BACKEND,SUB-EVENT,_Tile:OpId_112 (cycles)
994364439329,EXECUTE,0,CYCLES,BACKEND,SUB-EVENT,_Reshape_3:OpId_113 (cycles)
994364439329,EXECUTE,0,CYCLES,BACKEND,SUB-EVENT,_Unsqueeze_5:OpId_114 (cycles)
994364439329,EXECUTE,3801,CYCLES,BACKEND,SUB-EVENT,_Tile_1:OpId_116 (cycles)
994364439329,EXECUTE,0,CYCLES,BACKEND,SUB-EVENT,_Reshape_4:OpId_117 (cycles)
994364439329,EXECUTE,12136,CYCLES,BACKEND,SUB-EVENT,_Transpose_3:OpId_119 (cycles)
994364439329,EXECUTE,6860,CYCLES,BACKEND,SUB-EVENT,_MatMul_3:OpId_120 (cycles)
994364439329,EXECUTE,0,CYCLES,BACKEND,SUB-EVENT,_Mul_11:OpId_125 (cycles)
994364439329,EXECUTE,6215,CYCLES,BACKEND,SUB-EVENT,_Softmax:OpId_127 (cycles)
994364439329,EXECUTE,5102,CYCLES,BACKEND,SUB-EVENT,_MatMul_4:OpId_130 (cycles)
994364439329,EXECUTE,0,CYCLES,BACKEND,SUB-EVENT,_Transpose_4:OpId_135 (cycles)
994364439329,EXECUTE,1661,CYCLES,BACKEND,SUB-EVENT,_MatMul_5:OpId_137 (cycles)
994364439329,EXECUTE,0,CYCLES,BACKEND,SUB-EVENT,_MatMul_5_post_reshape:OpId_140 (cycles)
994364439329,EXECUTE,0,CYCLES,BACKEND,SUB-EVENT,_MatMul_5_output_0_nfc:OpId_142 (cycles)
994364439329,EXECUTE,5673,CYCLES,BACKEND,SUB-EVENT,_Add_6:OpId_144 (cycles)
994364439329,EXECUTE,0,CYCLES,BACKEND,SUB-EVENT,_Add_6_output_0_ncf:OpId_147 (cycles)
994364439329,EXECUTE,1012,CYCLES,BACKEND,SUB-EVENT,rms_norm__Mul_14_output_0:OpId_152 (cycles)
994364439329,EXECUTE,0,CYCLES,BACKEND,SUB-EVENT,_MatMul_6:OpId_156 (cycles)
994364439329,EXECUTE,0,CYCLES,BACKEND,SUB-EVENT,_MatMul_6_post_reshape:OpId_159 (cycles)
994364439329,EXECUTE,0,CYCLES,BACKEND,SUB-EVENT,_Sigmoid:OpId_160 (cycles)
994364439329,EXECUTE,6772,CYCLES,BACKEND,SUB-EVENT,_Mul_15:OpId_167 (cycles)
994364439329,EXECUTE,2514,CYCLES,BACKEND,SUB-EVENT,_MatMul_7:OpId_170 (cycles)
994364439329,EXECUTE,0,CYCLES,BACKEND,SUB-EVENT,_MatMul_7_post_reshape:OpId_173 (cycles)
994364439329,EXECUTE,1453,CYCLES,BACKEND,SUB-EVENT,_Mul_16:OpId_174 (cycles)
994364439329,EXECUTE,2173,CYCLES,BACKEND,SUB-EVENT,_MatMul_8:OpId_177 (cycles)
994364439329,EXECUTE,0,CYCLES,BACKEND,SUB-EVENT,_MatMul_8_post_reshape:OpId_180 (cycles)
994364439329,EXECUTE,0,CYCLES,BACKEND,SUB-EVENT,_MatMul_8_output_0_nfc:OpId_182 (cycles)
994364439329,EXECUTE,762,CYCLES,BACKEND,SUB-EVENT,_Add_8:OpId_184 (cycles)
994364439329,EXECUTE,0,CYCLES,BACKEND,SUB-EVENT,hidden_out_ncf:OpId_187 (cycles)
994364439329,EXECUTE,2060,CYCLES,BACKEND,SUB-EVENT,Output OpId_3 (cycles)
994364439329,EXECUTE,254,US,BACKEND,ROOT,Accelerator (execute) time
994364439329,EXECUTE,188,US,BACKEND,ROOT,Accelerator (execute excluding wait) time
994364439329,EXECUTE,3407,US,BACKEND,ROOT,QNN (execute) time
994364443499,EXECUTE,3048,US,NETRUN,ROOT,Graph 0: tiny_block_decode
994364443499,EXECUTE,4,COUNT,BACKEND,ROOT,Number of HVX threads used
994364443499,EXECUTE,2485,US,BACKEND,ROOT,RPC (execute) time
994364443499,EXECUTE,1850,US,BACKEND,ROOT,QNN accelerator (execute) time
994364443499,EXECUTE,0,COUNT,BACKEND,ROOT,Num times yield occured
994364443499,EXECUTE,419,US,BACKEND,ROOT,Time for initial VTCM acquire
994364443499,EXECUTE,47,US,BACKEND,ROOT,Time for HVX + HMX power on and acquire
994364443499,EXECUTE,176646,CYCLES,BACKEND,ROOT,Accelerator (execute) time (cycles)
994364443499,EXECUTE,7627,CYCLES,BACKEND,SUB-EVENT,Input OpId_2 (cycles)
994364443499,EXECUTE,0,CYCLES,BACKEND,SUB-EVENT,hidden_states_nfc:OpId_17 (cycles)
994364443499,EXECUTE,7354,CYCLES,BACKEND,SUB-EVENT,past_key_nhwc:OpId_20 (cycles)
994364443499,EXECUTE,11855,CYCLES,BACKEND,SUB-EVENT,rms_norm__Mul_2_output_0:OpId_24 (cycles)
994364443499,EXECUTE,968,CYCLES,BACKEND,SUB-EVENT,_MatMul:OpId_29 (cycles)
994364443499,EXECUTE,0,CYCLES,BACKEND,SUB-EVENT,_MatMul_post_reshape:OpId_31 (cycles)
994364443499,EXECUTE,457,CYCLES,BACKEND,SUB-EVENT,_Transpose:OpId_33 (cycles)
994364443499,EXECUTE,935,CYCLES,BACKEND,SUB-EVENT,_MatMul_1:OpId_36 (cycles)
994364443499,EXECUTE,5017,CYCLES,BACKEND,SUB-EVENT,_MatMul_1_post_reshape:OpId_38 (cycles)
994364443499,EXECUTE,368,CYCLES,BACKEND,SUB-EVENT,_Transpose_1:OpId_40 (cycles)
994364443499,EXECUTE,549,CYCLES,BACKEND,SUB-EVENT,_MatMul_2:OpId_43 (cycles)
994364443499,EXECUTE,5098,CYCLES,BACKEND,SUB-EVENT,_MatMul_2_post_reshape:OpId_45 (cycles)
994364443499,EXECUTE,207,CYCLES,BACKEND,SUB-EVENT,_Transpose_2:OpId_47 (cycles)
994364443499,EXECUTE,0,CYCLES,BACKEND,SUB-EVENT,_Slice:OpId_49 (cycles)
994364443499,EXECUTE,2998,CYCLES,BACKEND,SUB-EVENT,_Slice_1:OpId_55 (cycles)
994364443499,EXECUTE,10975,CYCLES,BACKEND,SUB-EVENT,_Mul_3:OpId_61 (cycles)
994364443499,EXECUTE,7406,CYCLES,BACKEND,SUB-EVENT,_Mul_4:OpId_64 (cycles)
994364443499,EXECUTE,1460,CYCLES,BACKEND,SUB-EVENT,_Sub:OpId_66 (cycles)
994364443499,EXECUTE,7378,CYCLES,BACKEND,SUB-EVENT,_Mul_5:OpId_68 (cycles)
994364443499,EXECUTE,10942,CYCLES,BACKEND,SUB-EVENT,_Mul_6:OpId_70 (cycles)
994364443499,EXECUTE,744,CYCLES,BACKEND,SUB-EVENT,_Add_4:OpId_72 (cycles)
994364443499,EXECUTE,2165,CYCLES,BACKEND,SUB-EVENT,_Concat:OpId_74 (cycles)
994364443499,EXECUTE,0,CYCLES,BACKEND,SUB-EVENT,_Slice_2:OpId_77 (cycles)
994364443499,EXECUTE,208,CYCLES,BACKEND,SUB-EVENT,_Slice_3:OpId_83 (cycles)
994364443499,EXECUTE,652,CYCLES,BACKEND,SUB-EVENT,_Mul_7:OpId_88 (cycles)
994364443499,EXECUTE,520,CYCLES,BACKEND,SUB-EVENT,_Mul_8:OpId_90 (cycles)
994364443499,EXECUTE,168,CYCLES,BACKEND,SUB-EVENT,_Sub_1:OpId_92 (cycles)
994364443499,EXECUTE,492,CYCLES,BACKEND,SUB-EVENT,_Mul_9:OpId_94 (cycles)
994364443499,EXECUTE,666,CYCLES,BACKEND,SUB-EVENT,_Mul_10:OpId_96 (cycles)
994364443499,EXECUTE,146,CYCLES,BACKEND,SUB-EVENT,_Add_5:OpId_98 (cycles)
994364443499,EXECUTE,2091,CYCLES,BACKEND,SUB-EVENT,_Concat_1:OpId_100 (cycles)
994364443499,EXECUTE,435,CYCLES,BACKEND,SUB-EVENT,_Concat_1_output_0_nhwc:OpId_103 (cycles)
994364443499,EXECUTE,1873,CYCLES,BACKEND,SUB-EVENT,_Concat_2:OpId_104 (cycles)
994364443499,EXECUTE,1370,CYCLES,BACKEND,SUB-EVENT,present_key_nchw:OpId_107 (cycles)
994364443499,EXECUTE,4221,CYCLES,BACKEND,SUB-EVENT,_Concat_3:OpId_108 (cycles)
994364443499,EXECUTE,0,CYCLES,BACKEND,SUB-EVENT,_Unsqueeze_4:OpId_110 (cycles)
994364443499,EXECUTE,1344,CYCLES,BACKEND,SUB-EVENT,_Tile:OpId_112 (cycles)
994364443499,EXECUTE,0,CYCLES,BACKEND,SUB-EVENT,_Reshape_3:OpId_113 (cycles)
994364443499,EXECUTE,0,CYCLES,BACKEND,SUB-EVENT,_Unsqueeze_5:OpId_114 (cycles)
994364443499,EXECUTE,2275,CYCLES,BACKEND,SUB-EVENT,_Tile_1:OpId_116 (cycles)
994364443499,EXECUTE,0,CYCLES,BACKEND,SUB-EVENT,_Reshape_4:OpId_117 (cycles)
994364443499,EXECUTE,13991,CYCLES,BACKEND,SUB-EVENT,_Transpose_3:OpId_119 (cycles)
994364443499,EXECUTE,7492,CYCLES,BACKEND,SUB-EVENT,_MatMul_3:OpId_120 (cycles)
994364443499,EXECUTE,0,CYCLES,BACKEND,SUB-EVENT,_Mul_11:OpId_125 (cycles)
994364443499,EXECUTE,7759,CYCLES,BACKEND,SUB-EVENT,_Softmax:OpId_127 (cycles)
994364443499,EXECUTE,5104,CYCLES,BACKEND,SUB-EVENT,_MatMul_4:OpId_130 (cycles)
994364443499,EXECUTE,0,CYCLES,BACKEND,SUB-EVENT,_Transpose_4:OpId_135 (cycles)
994364443499,EXECUTE,1224,CYCLES,BACKEND,SUB-EVENT,_MatMul_5:OpId_137 (cycles)
994364443499,EXECUTE,0,CYCLES,BACKEND,SUB-EVENT,_MatMul_5_post_reshape:OpId_140 (cycles)
994364443499,EXECUTE,0,CYCLES,BACKEND,SUB-EVENT,_MatMul_5_output_0_nfc:OpId_142 (cycles)
994364443499,EXECUTE,19379,CYCLES,BACKEND,SUB-EVENT,_Add_6:OpId_144 (cycles)
994364443499,EXECUTE,0,CYCLES,BACKEND,SUB-EVENT,_Add_6_output_0_ncf:OpId_147 (cycles)
994364443499,EXECUTE,1012,CYCLES,BACKEND,SUB-EVENT,rms_norm__Mul_14_output_0:OpId_152 (cycles)
994364443499,EXECUTE,0,CYCLES,BACKEND,SUB-EVENT,_MatMul_6:OpId_156 (cycles)
994364443499,EXECUTE,0,CYCLES,BACKEND,SUB-EVENT,_MatMul_6_post_reshape:OpId_159 (cycles)
994364443499,EXECUTE,0,CYCLES,BACKEND,SUB-EVENT,_Sigmoid:OpId_160 (cycles)
994364443499,EXECUTE,7610,CYCLES,BACKEND,SUB-EVENT,_Mul_15:OpId_167 (cycles)
994364443499,EXECUTE,2528,CYCLES,BACKEND,SUB-EVENT,_MatMul_7:OpId_170 (cycles)
994364443499,EXECUTE,0,CYCLES,BACKEND,SUB-EVENT,_MatMul_7_post_reshape:OpId_173 (cycles)
994364443499,EXECUTE,1463,CYCLES,BACKEND,SUB-EVENT,_Mul_16:OpId_174 (cycles)
994364443499,EXECUTE,3545,CYCLES,BACKEND,SUB-EVENT,_MatMul_8:OpId_177 (cycles)
994364443499,EXECUTE,0,CYCLES,BACKEND,SUB-EVENT,_MatMul_8_post_reshape:OpId_180 (cycles)
994364443499,EXECUTE,0,CYCLES,BACKEND,SUB-EVENT,_MatMul_8_output_0_nfc:OpId_182 (cycles)
994364443499,EXECUTE,762,CYCLES,BACKEND,SUB-EVENT,_Add_8:OpId_184 (cycles)
994364443499,EXECUTE,0,CYCLES,BACKEND,SUB-EVENT,hidden_out_ncf:OpId_187 (cycles)
994364443499,EXECUTE,3813,CYCLES,BACKEND,SUB-EVENT,Output OpId_3 (cycles)
994364443499,EXECUTE,281,US,BACKEND,ROOT,Accelerator (execute) time
994364443499,EXECUTE,220,US,BACKEND,ROOT,Accelerator (execute excluding wait) time
994364443499,EXECUTE,3024,US,BACKEND,ROOT,QNN (execute) time
994364448086,EXECUTE,3301,US,NETRUN,ROOT,Graph 0: tiny_block_decode
994364448086,EXECUTE,4,COUNT,BACKEND,ROOT,Number of HVX threads used
994364448086,EXECUTE,2688,US,BACKEND,ROOT,RPC (execute) time
994364448086,EXECUTE,1851,US,BACKEND,ROOT,QNN accelerator (execute) time
994364448086,EXECUTE,0,COUNT,BACKEND,ROOT,Num times yield occured
994364448086,EXECUTE,414,US,BACKEND,ROOT,Time for initial VTCM acquire
994364448086,EXECUTE,49,US,BACKEND,ROOT,Time for HVX + HMX power on and acquire
994364448086,EXECUTE,149241,CYCLES,BACKEND,ROOT,Accelerator (execute) time (cycles)
994364448086,EXECUTE,4854,CYCLES,BACKEND,SUB-EVENT,Input OpId_2 (cycles)
994364448086,EXECUTE,0,CYCLES,BACKEND,SUB-EVENT,hidden_states_nfc:OpId_17 (cycles)
994364448086,EXECUTE,4258,CYCLES,BACKEND,SUB-EVENT,past_key_nhwc:OpId_20 (cycles)
994364448086,EXECUTE,6914,CYCLES,BACKEND,SUB-EVENT,rms_norm__Mul_2_output_0:OpId_24 (cycles)
994364448086,EXECUTE,1009,CYCLES,BACKEND,SUB-EVENT,_MatMul:OpId_29 (cycles)
994364448086,EXECUTE,0,CYCLES,BACKEND,SUB-EVENT,_MatMul_post_reshape:OpId_31 (cycles)
994364448086,EXECUTE,1558,CYCLES,BACKEND,SUB-EVENT,_Transpose:OpId_33 (cycles)
994364448086,EXECUTE,588,CYCLES,BACKEND,SUB-EVENT,_MatMul_1:OpId_36 (cycles)
994364448086,EXECUTE,2622,CYCLES,BACKEND,SUB-EVENT,_MatMul_1_post_reshape:OpId_38 (cycles)
994364448086,EXECUTE,304,CYCLES,BACKEND,SUB-EVENT,_Transpose_1:OpId_40 (cycles)
994364448086,EXECUTE,571,CYCLES,BACKEND,SUB-EVENT,_MatMul_2:OpId_43 (cycles)
994364448086,EXECUTE,3629,CYCLES,BACKEND,SUB-EVENT,_MatMul_2_post_reshape:OpId_45 (cycles)
994364448086,EXECUTE,228,CYCLES,BACKEND,SUB-EVENT,_Transpose_2:OpId_47 (cycles)
994364448086,EXECUTE,0,CYCLES,BACKEND,SUB-EVENT,_Slice:OpId_49 (cycles)
994364448086,EXECUTE,2591,CYCLES,BACKEND,SUB-EVENT,_Slice_1:OpId_55 (cycles)
994364448086,EXECUTE,8500,CYCLES,BACKEND,SUB-EVENT,_Mul_3:OpId_61 (cycles)
994364448086,EXECUTE,5394,CYCLES,BACKEND,SUB-EVENT,_Mul_4:OpId_64 (cycles)
994364448086,EXECUTE,1493,CYCLES,BACKEND,SUB-EVENT,_Sub:OpId_66 (cycles)
994364448086,EXECUTE,4908,CYCLES,BACKEND,SUB-EVENT,_Mul_5:OpId_68 (cycles)
994364448086,EXECUTE,10348,CYCLES,BACKEND,SUB-EVENT,_Mul_6:OpId_70 (cycles)
994364448086,EXECUTE,763,CYCLES,BACKEND,SUB-EVENT,_Add_4:OpId_72 (cycles)
994364448086,EXECUTE,2174,CYCLES,BACKEND,SUB-EVENT,_Concat:OpId_74 (cycles)
994364448086,EXECUTE,0,CYCLES,BACKEND,SUB-EVENT,_Slice_2:OpId_77 (cycles)
994364448086,EXECUTE,173,CYCLES,BACKEND,SUB-EVENT,_Slice_3:OpId_83 (cycles)
994364448086,EXECUTE,651,CYCLES,BACKEND,SUB-EVENT,_Mul_7:OpId_88 (cycles)
994364448086,EXECUTE,455,CYCLES,BACKEND,SUB-EVENT,_Mul_8:OpId_90 (cycles)
994364448086,EXECUTE,133,CYCLES,BACKEND,SUB-EVENT,_Sub_1:OpId_92 (cycles)
994364448086,EXECUTE,468,CYCLES,BACKEND,SUB-EVENT,_Mul_9:OpId_94 (cycles)
994364448086,EXECUTE,582,CYCLES,BACKEND,SUB-EVENT,_Mul_10:OpId_96 (cycles)
994364448086,EXECUTE,124,CYCLES,BACKEND,SUB-EVENT,_Add_5:OpId_98 (cycles)
994364448086,EXECUTE,2095,CYCLES,BACKEND,SUB-EVENT,_Concat_1:OpId_100 (cycles)
994364448086,EXECUTE,314,CYCLES,BACKEND,SUB-EVENT,_Concat_1_output_0_nhwc:OpId_103 (cycles)
994364448086,EXECUTE,764,CYCLES,BACKEND,SUB-EVENT,_Concat_2:OpId_104 (cycles)
994364448086,EXECUTE,1373,CYCLES,BACKEND,SUB-EVENT,present_key_nchw:OpId_107 (cycles)
994364448086,EXECUTE,4221,CYCLES,BACKEND,SUB-EVENT,_Concat_3:OpId_108 (cycles)
994364448086,EXECUTE,0,CYCLES,BACKEND,SUB-EVENT,_Unsqueeze_4:OpId_110 (cycles)
994364448086,EXECUTE,1354,CYCLES,BACKEND,SUB-EVENT,_Tile:OpId_112 (cycles)
994364448086,EXECUTE,0,CYCLES,BACKEND,SUB-EVENT,_Reshape_3:OpId_113 (cycles)
994364448086,EXECUTE,0,CYCLES,BACKEND,SUB-EVENT,_Unsqueeze_5:OpId_114 (cycles)
994364448086,EXECUTE,2618,CYCLES,BACKEND,SUB-EVENT,_Tile_1:OpId_116 (cycles)
994364448086,EXECUTE,0,CYCLES,BACKEND,SUB-EVENT,_Reshape_4:OpId_117 (cycles)
994364448086,EXECUTE,13807,CYCLES,BACKEND,SUB-EVENT,_Transpose_3:OpId_119 (cycles)
994364448086,EXECUTE,7903,CYCLES,BACKEND,SUB-EVENT,_MatMul_3:OpId_120 (cycles)
994364448086,EXECUTE,0,CYCLES,BACKEND,SUB-EVENT,_Mul_11:OpId_125 (cycles)
994364448086,EXECUTE,18845,CYCLES,BACKEND,SUB-EVENT,_Softmax:OpId_127 (cycles)
994364448086,EXECUTE,5215,CYCLES,BACKEND,SUB-EVENT,_MatMul_4:OpId_130 (cycles)
994364448086,EXECUTE,0,CYCLES,BACKEND,SUB-EVENT,_Transpose_4:OpId_135 (cycles)
994364448086,EXECUTE,1242,CYCLES,BACKEND,SUB-EVENT,_MatMul_5:OpId_137 (cycles)
994364448086,EXECUTE,0,CYCLES,BACKEND,SUB-EVENT,_MatMul_5_post_reshape:OpId_140 (cycles)
994364448086,EXECUTE,0,CYCLES,BACKEND,SUB-EVENT,_MatMul_5_output_0_nfc:OpId_142 (cycles)
994364448086,EXECUTE,6126,CYCLES,BACKEND,SUB-EVENT,_Add_6:OpId_144 (cycles)
994364448086,EXECUTE,0,CYCLES,BACKEND,SUB-EVENT,_Add_6_output_0_ncf:OpId_147 (cycles)
994364448086,EXECUTE,966,CYCLES,BACKEND,SUB-EVENT,rms_norm__Mul_14_output_0:OpId_152 (cycles)
994364448086,EXECUTE,0,CYCLES,BACKEND,SUB-EVENT,_MatMul_6:OpId_156 (cycles)
994364448086,EXECUTE,0,CYCLES,BACKEND,SUB-EVENT,_MatMul_6_post_reshape:OpId_159 (cycles)
994364448086,EXECUTE,0,CYCLES,BACKEND,SUB-EVENT,_Sigmoid:OpId_160 (cycles)
994364448086,EXECUTE,5173,CYCLES,BACKEND,SUB-EVENT,_Mul_15:OpId_167 (cycles)
994364448086,EXECUTE,2514,CYCLES,BACKEND,SUB-EVENT,_MatMul_7:OpId_170 (cycles)
994364448086,EXECUTE,0,CYCLES,BACKEND,SUB-EVENT,_MatMul_7_post_reshape:OpId_173 (cycles)
994364448086,EXECUTE,1433,CYCLES,BACKEND,SUB-EVENT,_Mul_16:OpId_174 (cycles)
994364448086,EXECUTE,2094,CYCLES,BACKEND,SUB-EVENT,_MatMul_8:OpId_177 (cycles)
994364448086,EXECUTE,0,CYCLES,BACKEND,SUB-EVENT,_MatMul_8_post_reshape:OpId_180 (cycles)
994364448086,EXECUTE,0,CYCLES,BACKEND,SUB-EVENT,_MatMul_8_output_0_nfc:OpId_182 (cycles)
994364448086,EXECUTE,774,CYCLES,BACKEND,SUB-EVENT,_Add_8:OpId_184 (cycles)
994364448086,EXECUTE,0,CYCLES,BACKEND,SUB-EVENT,hidden_out_ncf:OpId_187 (cycles)
994364448086,EXECUTE,5118,CYCLES,BACKEND,SUB-EVENT,Output OpId_3 (cycles)
994364448086,EXECUTE,261,US,BACKEND,ROOT,Accelerator (execute) time
994364448086,EXECUTE,198,US,BACKEND,ROOT,Accelerator (execute excluding wait) time
994364448086,EXECUTE,3278,US,BACKEND,ROOT,QNN (execute) time
994364452717,EXECUTE,3029,US,NETRUN,ROOT,Graph 0: tiny_block_decode
994364452717,EXECUTE,4,COUNT,BACKEND,ROOT,Number of HVX threads used
994364452717,EXECUTE,2598,US,BACKEND,ROOT,RPC (execute) time
994364452717,EXECUTE,1897,US,BACKEND,ROOT,QNN accelerator (execute) time
994364452717,EXECUTE,0,COUNT,BACKEND,ROOT,Num times yield occured
994364452717,EXECUTE,769,US,BACKEND,ROOT,Time for initial VTCM acquire
994364452717,EXECUTE,107,US,BACKEND,ROOT,Time for HVX + HMX power on and acquire
994364452717,EXECUTE,152656,CYCLES,BACKEND,ROOT,Accelerator (execute) time (cycles)
994364452717,EXECUTE,5294,CYCLES,BACKEND,SUB-EVENT,Input OpId_2 (cycles)
994364452717,EXECUTE,0,CYCLES,BACKEND,SUB-EVENT,hidden_states_nfc:OpId_17 (cycles)
994364452717,EXECUTE,4469,CYCLES,BACKEND,SUB-EVENT,past_key_nhwc:OpId_20 (cycles)
994364452717,EXECUTE,7772,CYCLES,BACKEND,SUB-EVENT,rms_norm__Mul_2_output_0:OpId_24 (cycles)
994364452717,EXECUTE,973,CYCLES,BACKEND,SUB-EVENT,_MatMul:OpId_29 (cycles)
994364452717,EXECUTE,0,CYCLES,BACKEND,SUB-EVENT,_MatMul_post_reshape:OpId_31 (cycles)
994364452717,EXECUTE,429,CYCLES,BACKEND,SUB-EVENT,_Transpose:OpId_33 (cycles)
994364452717,EXECUTE,986,CYCLES,BACKEND,SUB-EVENT,_MatMul_1:OpId_36 (cycles)
994364452717,EXECUTE,2154,CYCLES,BACKEND,SUB-EVENT,_MatMul_1_post_reshape:OpId_38 (cycles)
994364452717,EXECUTE,330,CYCLES,BACKEND,SUB-EVENT,_Transpose_1:OpId_40 (cycles)
994364452717,EXECUTE,1879,CYCLES,BACKEND,SUB-EVENT,_MatMul_2:OpId_43 (cycles)
994364452717,EXECUTE,6344,CYCLES,BACKEND,SUB-EVENT,_MatMul_2_post_reshape:OpId_45 (cycles)
994364452717,EXECUTE,224,CYCLES,BACKEND,SUB-EVENT,_Transpose_2:OpId_47 (cycles)
994364452717,EXECUTE,0,CYCLES,BACKEND,SUB-EVENT,_Slice:OpId_49 (cycles)
994364452717,EXECUTE,2899,CYCLES,BACKEND,SUB-EVENT,_Slice_1:OpId_55 (cycles)
994364452717,EXECUTE,9828,CYCLES,BACKEND,SUB-EVENT,_Mul_3:OpId_61 (cycles)
994364452717,EXECUTE,6936,CYCLES,BACKEND,SUB-EVENT,_Mul_4:OpId_64 (cycles)
994364452717,EXECUTE,1792,CYCLES,BACKEND,SUB-EVENT,_Sub:OpId_66 (cycles)
994364452717,EXECUTE,6842,CYCLES,BACKEND,SUB-EVENT,_Mul_5:OpId_68 (cycles)
994364452717,EXECUTE,9779,CYCLES,BACKEND,SUB-EVENT,_Mul_6:OpId_70 (cycles)
994364452717,EXECUTE,756,CYCLES,BACKEND,SUB-EVENT,_Add_4:OpId_72 (cycles)
994364452717,EXECUTE,2259,CYCLES,BACKEND,SUB-EVENT,_Concat:OpId_74 (cycles)
994364452717,EXECUTE,0,CYCLES,BACKEND,SUB-EVENT,_Slice_2:OpId_77 (cycles)
994364452717,EXECUTE,186,CYCLES,BACKEND,SUB-EVENT,_Slice_3:OpId_83 (cycles)
994364452717,EXECUTE,726,CYCLES,BACKEND,SUB-EVENT,_Mul_7:OpId_88 (cycles)
994364452717,EXECUTE,569,CYCLES,BACKEND,SUB-EVENT,_Mul_8:OpId_90 (cycles)
994364452717,EXECUTE,177,CYCLES,BACKEND,SUB-EVENT,_Sub_1:OpId_92 (cycles)
994364452717,EXECUTE,582,CYCLES,BACKEND,SUB-EVENT,_Mul_9:OpId_94 (cycles)
994364452717,EXECUTE,700,CYCLES,BACKEND,SUB-EVENT,_Mul_10:OpId_96 (cycles)
994364452717,EXECUTE,129,CYCLES,BACKEND,SUB-EVENT,_Add_5:OpId_98 (cycles)
994364452717,EXECUTE,2205,CYCLES,BACKEND,SUB-EVENT,_Concat_1:OpId_100 (cycles)
994364452717,EXECUTE,359,CYCLES,BACKEND,SUB-EVENT,_Concat_1_output_0_nhwc:OpId_103 (cycles)
994364452717,EXECUTE,753,CYCLES,BACKEND,SUB-EVENT,_Concat_2:OpId_104 (cycles)
994364452717,EXECUTE,1286,CYCLES,BACKEND,SUB-EVENT,present_key_nchw:OpId_107 (cycles)
994364452717,EXECUTE,2987,CYCLES,BACKEND,SUB-EVENT,_Concat_3:OpId_108 (cycles)
994364452717,EXECUTE,0,CYCLES,BACKEND,SUB-EVENT,_Unsqueeze_4:OpId_110 (cycles)
994364452717,EXECUTE,1471,CYCLES,BACKEND,SUB-EVENT,_Tile:OpId_112 (cycles)
994364452717,EXECUTE,0,CYCLES,BACKEND,SUB-EVENT,_Reshape_3:OpId_113 (cycles)
994364452717,EXECUTE,0,CYCLES,BACKEND,SUB-EVENT,_Unsqueeze_5:OpId_114 (cycles)
994364452717,EXECUTE,3023,CYCLES,BACKEND,SUB-EVENT,_Tile_1:OpId_116 (cycles)
994364452717,EXECUTE,0,CYCLES,BACKEND,SUB-EVENT,_Reshape_4:OpId_117 (cycles)
994364452717,EXECUTE,16923,CYCLES,BACKEND,SUB-EVENT,_Transpose_3:OpId_119 (cycles)
994364452717,EXECUTE,7826,CYCLES,BACKEND,SUB-EVENT,_MatMul_3:OpId_120 (cycles)
994364452717,EXECUTE,0,CYCLES,BACKEND,SUB-EVENT,_Mul_11:OpId_125 (cycles)
994364452717,EXECUTE,11746,CYCLES,BACKEND,SUB-EVENT,_Softmax:OpId_127 (cycles)
994364452717,EXECUTE,5288,CYCLES,BACKEND,SUB-EVENT,_MatMul_4:OpId_130 (cycles)
994364452717,EXECUTE,0,CYCLES,BACKEND,SUB-EVENT,_Transpose_4:OpId_135 (cycles)
994364452717,EXECUTE,1203,CYCLES,BACKEND,SUB-EVENT,_MatMul_5:OpId_137 (cycles)
994364452717,EXECUTE,0,CYCLES,BACKEND,SUB-EVENT,_MatMul_5_post_reshape:OpId_140 (cycles)
994364452717,EXECUTE,0,CYCLES,BACKEND,SUB-EVENT,_MatMul_5_output_0_nfc:OpId_142 (cycles)
994364452717,EXECUTE,6101,CYCLES,BACKEND,SUB-EVENT,_Add_6:OpId_144 (cycles)
994364452717,EXECUTE,0,CYCLES,BACKEND,SUB-EVENT,_Add_6_output_0_ncf:OpId_147 (cycles)
994364452717,EXECUTE,938,CYCLES,BACKEND,SUB-EVENT,rms_norm__Mul_14_output_0:OpId_152 (cycles)
994364452717,EXECUTE,0,CYCLES,BACKEND,SUB-EVENT,_MatMul_6:OpId_156 (cycles)
994364452717,EXECUTE,0,CYCLES,BACKEND,SUB-EVENT,_MatMul_6_post_reshape:OpId_159 (cycles)
994364452717,EXECUTE,0,CYCLES,BACKEND,SUB-EVENT,_Sigmoid:OpId_160 (cycles)
994364452717,EXECUTE,5429,CYCLES,BACKEND,SUB-EVENT,_Mul_15:OpId_167 (cycles)
994364452717,EXECUTE,2517,CYCLES,BACKEND,SUB-EVENT,_MatMul_7:OpId_170 (cycles)
994364452717,EXECUTE,0,CYCLES,BACKEND,SUB-EVENT,_MatMul_7_post_reshape:OpId_173 (cycles)
994364452717,EXECUTE,1483,CYCLES,BACKEND,SUB-EVENT,_Mul_16:OpId_174 (cycles)
994364452717,EXECUTE,2138,CYCLES,BACKEND,SUB-EVENT,_MatMul_8:OpId_177 (cycles)
994364452717,EXECUTE,0,CYCLES,BACKEND,SUB-EVENT,_MatMul_8_post_reshape:OpId_180 (cycles)
994364452717,EXECUTE,0,CYCLES,BACKEND,SUB-EVENT,_MatMul_8_output_0_nfc:OpId_182 (cycles)
994364452717,EXECUTE,750,CYCLES,BACKEND,SUB-EVENT,_Add_8:OpId_184 (cycles)
994364452717,EXECUTE,0,CYCLES,BACKEND,SUB-EVENT,hidden_out_ncf:OpId_187 (cycles)
994364452717,EXECUTE,3216,CYCLES,BACKEND,SUB-EVENT,Output OpId_3 (cycles)
994364452717,EXECUTE,301,US,BACKEND,ROOT,Accelerator (execute) time
994364452717,EXECUTE,214,US,BACKEND,ROOT,Accelerator (execute excluding wait) time
994364452717,EXECUTE,2998,US,BACKEND,ROOT,QNN (execute) time
994364456642,EXECUTE,2871,US,NETRUN,ROOT,Graph 0: tiny_block_decode
994364456642,EXECUTE,4,COUNT,BACKEND,ROOT,Number of HVX threads used
994364456642,EXECUTE,2502,US,BACKEND,ROOT,RPC (execute) time
994364456642,EXECUTE,1883,US,BACKEND,ROOT,QNN accelerator (execute) time
994364456642,EXECUTE,0,COUNT,BACKEND,ROOT,Num times yield occured
994364456642,EXECUTE,395,US,BACKEND,ROOT,Time for initial VTCM acquire
994364456642,EXECUTE,73,US,BACKEND,ROOT,Time for HVX + HMX power on and acquire
994364456642,EXECUTE,152421,CYCLES,BACKEND,ROOT,Accelerator (execute) time (cycles)
994364456642,EXECUTE,5193,CYCLES,BACKEND,SUB-EVENT,Input OpId_2 (cycles)
994364456642,EXECUTE,0,CYCLES,BACKEND,SUB-EVENT,hidden_states_nfc:OpId_17 (cycles)
994364456642,EXECUTE,1971,CYCLES,BACKEND,SUB-EVENT,past_key_nhwc:OpId_20 (cycles)
994364456642,EXECUTE,9974,CYCLES,BACKEND,SUB-EVENT,rms_norm__Mul_2_output_0:OpId_24 (cycles)
994364456642,EXECUTE,968,CYCLES,BACKEND,SUB-EVENT,_MatMul:OpId_29 (cycles)
994364456642,EXECUTE,0,CYCLES,BACKEND,SUB-EVENT,_MatMul_post_reshape:OpId_31 (cycles)
994364456642,EXECUTE,415,CYCLES,BACKEND,SUB-EVENT,_Transpose:OpId_33 (cycles)
994364456642,EXECUTE,925,CYCLES,BACKEND,SUB-EVENT,_MatMul_1:OpId_36 (cycles)
994364456642,EXECUTE,3650,CYCLES,BACKEND,SUB-EVENT,_MatMul_1_post_reshape:OpId_38 (cycles)
994364456642,EXECUTE,1802,CYCLES,BACKEND,SUB-EVENT,_Transpose_1:OpId_40 (cycles)
994364456642,EXECUTE,1900,CYCLES,BACKEND,SUB-EVENT,_MatMul_2:OpId_43 (cycles)
994364456642,EXECUTE,4699,CYCLES,BACKEND,SUB-EVENT,_MatMul_2_post_reshape:OpId_45 (cycles)
994364456642,EXECUTE,1720,CYCLES,BACKEND,SUB-EVENT,_Transpose_2:OpId_47 (cycles)
994364456642,EXECUTE,0,CYCLES,BACKEND,SUB-EVENT,_Slice:OpId_49 (cycles)
994364456642,EXECUTE,1786,CYCLES,BACKEND,SUB-EVENT,_Slice_1:OpId_55 (cycles)
994364456642,EXECUTE,9533,CYCLES,BACKEND,SUB-EVENT,_Mul_3:OpId_61 (cycles)
994364456642,EXECUTE,7199,CYCLES,BACKEND,SUB-EVENT,_Mul_4:OpId_64 (cycles)
994364456642,EXECUTE,1570,CYCLES,BACKEND,SUB-EVENT,_Sub:OpId_66 (cycles)
994364456642,EXECUTE,8801,CYCLES,BACKEND,SUB-EVENT,_Mul_5:OpId_68 (cycles)
994364456642,EXECUTE,8397,CYCLES,BACKEND,SUB-EVENT,_Mul_6:OpId_70 (cycles)
994364456642,EXECUTE,750,CYCLES,BACKEND,SUB-EVENT,_Add_4:OpId_72 (cycles)
994364456642,EXECUTE,2460,CYCLES,BACKEND,SUB-EVENT,_Concat:OpId_74 (cycles)
994364456642,EXECUTE,0,CYCLES,BACKEND,SUB-EVENT,_Slice_2:OpId_77 (cycles)
994364456642,EXECUTE,192,CYCLES,BACKEND,SUB-EVENT,_Slice_3:OpId_83 (cycles)
994364456642,EXECUTE,672,CYCLES,BACKEND,SUB-EVENT,_Mul_7:OpId_88 (cycles)
994364456642,EXECUTE,468,CYCLES,BACKEND,SUB-EVENT,_Mul_8:OpId_90 (cycles)
994364456642,EXECUTE,168,CYCLES,BACKEND,SUB-EVENT,_Sub_1:OpId_92 (cycles)
994364456642,EXECUTE,433,CYCLES,BACKEND,SUB-EVENT,_Mul_9:OpId_94 (cycles)
994364456642,EXECUTE,605,CYCLES,BACKEND,SUB-EVENT,_Mul_10:OpId_96 (cycles)
994364456642,EXECUTE,127,CYCLES,BACKEND,SUB-EVENT,_Add_5:OpId_98 (cycles)
994364456642,EXECUTE,2365,CYCLES,BACKEND,SUB-EVENT,_Concat_1:OpId_100 (cycles)
994364456642,EXECUTE,442,CYCLES,BACKEND,SUB-EVENT,_Concat_1_output_0_nhwc:OpId_103 (cycles)
994364456642,EXECUTE,782,CYCLES,BACKEND,SUB-EVENT,_Concat_2:OpId_104 (cycles)
994364456642,EXECUTE,1249,CYCLES,BACKEND,SUB-EVENT,present_key_nchw:OpId_107 (cycles)
994364456642,EXECUTE,3110,CYCLES,BACKEND,SUB-EVENT,_Concat_3:OpId_108 (cycles)
994364456642,EXECUTE,0,CYCLES,BACKEND,SUB-EVENT,_Unsqueeze_4:OpId_110 (cycles)
994364456642,EXECUTE,1309,CYCLES,BACKEND,SUB-EVENT,_Tile:OpId_112 (cycles)
994364456642,EXECUTE,0,CYCLES,BACKEND,SUB-EVENT,_Reshape_3:OpId_113 (cycles)
994364456642,EXECUTE,0,CYCLES,BACKEND,SUB-EVENT,_Unsqueeze_5:OpId_114 (cycles)
994364456642,EXECUTE,9307,CYCLES,BACKEND,SUB-EVENT,_Tile_1:OpId_116 (cycles)
994364456642,EXECUTE,0,CYCLES,BACKEND,SUB-EVENT,_Reshape_4:OpId_117 (cycles)
994364456642,EXECUTE,13637,CYCLES,BACKEND,SUB-EVENT,_Transpose_3:OpId_119 (cycles)
994364456642,EXECUTE,8029,CYCLES,BACKEND,SUB-EVENT,_MatMul_3:OpId_120 (cycles)
994364456642,EXECUTE,0,CYCLES,BACKEND,SUB-EVENT,_Mul_11:OpId_125 (cycles)
994364456642,EXECUTE,6984,CYCLES,BACKEND,SUB-EVENT,_Softmax:OpId_127 (cycles)
994364456642,EXECUTE,5169,CYCLES,BACKEND,SUB-EVENT,_MatMul_4:OpId_130 (cycles)
994364456642,EXECUTE,0,CYCLES,BACKEND,SUB-EVENT,_Transpose_4:OpId_135 (cycles)
994364456642,EXECUTE,1243,CYCLES,BACKEND,SUB-EVENT,_MatMul_5:OpId_137 (cycles)
994364456642,EXECUTE,0,CYCLES,BACKEND,SUB-EVENT,_MatMul_5_post_reshape:OpId_140 (cycles)
994364456642,EXECUTE,0,CYCLES,BACKEND,SUB-EVENT,_MatMul_5_output_0_nfc:OpId_142 (cycles)
994364456642,EXECUTE,5673,CYCLES,BACKEND,SUB-EVENT,_Add_6:OpId_144 (cycles)
994364456642,EXECUTE,0,CYCLES,BACKEND,SUB-EVENT,_Add_6_output_0_ncf:OpId_147 (cycles)
994364456642,EXECUTE,1034,CYCLES,BACKEND,SUB-EVENT,rms_norm__Mul_14_output_0:OpId_152 (cycles)
994364456642,EXECUTE,0,CYCLES,BACKEND,SUB-EVENT,_MatMul_6:OpId_156 (cycles)
994364456642,EXECUTE,0,CYCLES,BACKEND,SUB-EVENT,_MatMul_6_post_reshape:OpId_159 (cycles)
994364456642,EXECUTE,0,CYCLES,BACKEND,SUB-EVENT,_Sigmoid:OpId_160 (cycles)
994364456642,EXECUTE,6867,CYCLES,BACKEND,SUB-EVENT,_Mul_15:OpId_167 (cycles)
994364456642,EXECUTE,2503,CYCLES,BACKEND,SUB-EVENT,_MatMul_7:OpId_170 (cycles)
994364456642,EXECUTE,0,CYCLES,BACKEND,SUB-EVENT,_MatMul_7_post_reshape:OpId_173 (cycles)
994364456642,EXECUTE,1446,CYCLES,BACKEND,SUB-EVENT,_Mul_16:OpId_174 (cycles)
994364456642,EXECUTE,2150,CYCLES,BACKEND,SUB-EVENT,_MatMul_8:OpId_177 (cycles)
994364456642,EXECUTE,0,CYCLES,BACKEND,SUB-EVENT,_MatMul_8_post_reshape:OpId_180 (cycles)
994364456642,EXECUTE,0,CYCLES,BACKEND,SUB-EVENT,_MatMul_8_output_0_nfc:OpId_182 (cycles)
994364456642,EXECUTE,762,CYCLES,BACKEND,SUB-EVENT,_Add_8:OpId_184 (cycles)
994364456642,EXECUTE,0,CYCLES,BACKEND,SUB-EVENT,hidden_out_ncf:OpId_187 (cycles)
994364456642,EXECUTE,1982,CYCLES,BACKEND,SUB-EVENT,Output OpId_3 (cycles)
994364456642,EXECUTE,297,US,BACKEND,ROOT,Accelerator (execute) time
994364456642,EXECUTE,231,US,BACKEND,ROOT,Accelerator (execute excluding wait) time
994364456642,EXECUTE,2852,US,BACKEND,ROOT,QNN (execute) time
994364456841,EXECUTE IPS,197.246445,INF/SEC,NETRUN,ROOT,null
