input log file location, tiny_llm_block_custom_matmul/device_output/prefill_q_proj_both_prepack/qnn-profiling-data_0.log
qnn-profile-viewer version, v2.47.0.260601114230
qnn-net-run version, v2.47.0.260601114230
Backend version, v2.47.0.260601114230
Msg Timestamp, Message, Time, Unit of Measurement, Timing Source, Event Level, Event Identifier
301025646414,INIT,166978,US,NETRUN,ROOT,null
301025731600,COMPOSE GRAPHS,84106,US,NETRUN,ROOT,null
301025811818,FINALIZE,79235,US,NETRUN,ROOT,Graph 0: tiny_block_prefill
301025811818,FINALIZE,6087,US,BACKEND,ROOT,RPC (finalize) time
301025811818,FINALIZE,4722,US,BACKEND,ROOT,QNN accelerator (finalize) time
301025811818,FINALIZE,4587,US,BACKEND,ROOT,Accelerator (finalize) time
301025811818,FINALIZE,79197,US,BACKEND,ROOT,QNN (finalize) time
301025811818,FINALIZE,271,US,BACKEND,SUB-EVENT,Graph Preparation Initializing
301025811818,FINALIZE,50097,US,BACKEND,SUB-EVENT,Graph Optimizations
301025811818,FINALIZE,1367,US,BACKEND,SUB-EVENT,Post Graph Optimization
301025811818,FINALIZE,5673,US,BACKEND,SUB-EVENT,Graph Sequencing for Target
301025811818,FINALIZE,598,US,BACKEND,SUB-EVENT,VTCM Allocation
301025811818,FINALIZE,147,US,BACKEND,SUB-EVENT,Parallelization Optimization
301025811818,FINALIZE,495,US,BACKEND,SUB-EVENT,Finalizing Graph Sequence
301025811818,FINALIZE,26,US,BACKEND,SUB-EVENT,Completion
301025999616,DE-INIT,29437,US,NETRUN,ROOT,null
301025999616,DE-INIT,6407,US,BACKEND,ROOT,RPC (deinit) time
301025999616,DE-INIT,5160,US,BACKEND,ROOT,QNN Accelerator (deinit) time
301025999616,DE-INIT,5016,US,BACKEND,ROOT,Accelerator (deinit) time
301025999616,DE-INIT,29392,US,BACKEND,ROOT,QNN (deinit) time
301025825229,EXECUTE,13178,US,NETRUN,ROOT,Graph 0: tiny_block_prefill
301025825229,EXECUTE,4,COUNT,BACKEND,ROOT,Number of HVX threads used
301025825229,EXECUTE,12793,US,BACKEND,ROOT,RPC (execute) time
301025825229,EXECUTE,11857,US,BACKEND,ROOT,QNN accelerator (execute) time
301025825229,EXECUTE,0,COUNT,BACKEND,ROOT,Num times yield occured
301025825229,EXECUTE,2868,US,BACKEND,ROOT,Time for initial VTCM acquire
301025825229,EXECUTE,44945,US,BACKEND,ROOT,Time for HVX + HMX power on and acquire
301025825229,EXECUTE,1973733,CYCLES,BACKEND,ROOT,Accelerator (execute) time (cycles)
301025825229,EXECUTE,5819,CYCLES,BACKEND,SUB-EVENT,Input OpId_2 (cycles)
301025825229,EXECUTE,0,CYCLES,BACKEND,SUB-EVENT,hidden_states_nfc:OpId_17 (cycles)
301025825229,EXECUTE,34086,CYCLES,BACKEND,SUB-EVENT,rms_norm__Mul_2_output_0:OpId_22 (cycles)
301025825229,EXECUTE,0,CYCLES,BACKEND,SUB-EVENT,_MatMul_2_pre_reshape:OpId_25 (cycles)
301025825229,EXECUTE,0,CYCLES,BACKEND,SUB-EVENT,_MatMul_1_pre_reshape:OpId_26 (cycles)
301025825229,EXECUTE,0,CYCLES,BACKEND,SUB-EVENT,_MatMul_pre_reshape:OpId_27 (cycles)
301025825229,EXECUTE,0,CYCLES,BACKEND,SUB-EVENT,_MatMul_lhs_reshape:OpId_30 (cycles)
301025825229,EXECUTE,0,CYCLES,BACKEND,SUB-EVENT,_MatMul_lhs_cast_fp16:OpId_31 (cycles)
301025825229,EXECUTE,9415,CYCLES,BACKEND,SUB-EVENT,_MatMul_pack_lhs_q13:OpId_32 (cycles)
301025825229,EXECUTE,0,CYCLES,BACKEND,SUB-EVENT,_MatMul_rhs_cast_fp16:OpId_33 (cycles)
301025825229,EXECUTE,254,CYCLES,BACKEND,SUB-EVENT,_MatMul_pack_rhs_q13:OpId_34 (cycles)
301025825229,EXECUTE,1405595,CYCLES,BACKEND,SUB-EVENT,_MatMul:OpId_35 (cycles)
301025825229,EXECUTE,0,CYCLES,BACKEND,SUB-EVENT,_MatMul_output_reshape:OpId_36 (cycles)
301025825229,EXECUTE,2062,CYCLES,BACKEND,SUB-EVENT,_MatMul_post_reshape:OpId_37 (cycles)
301025825229,EXECUTE,2631,CYCLES,BACKEND,SUB-EVENT,_Transpose:OpId_39 (cycles)
301025825229,EXECUTE,0,CYCLES,BACKEND,SUB-EVENT,_MatMul_1:OpId_42 (cycles)
301025825229,EXECUTE,0,CYCLES,BACKEND,SUB-EVENT,_MatMul_1_post_reshape:OpId_44 (cycles)
301025825229,EXECUTE,7840,CYCLES,BACKEND,SUB-EVENT,_Transpose_1:OpId_46 (cycles)
301025825229,EXECUTE,0,CYCLES,BACKEND,SUB-EVENT,_MatMul_2:OpId_49 (cycles)
301025825229,EXECUTE,0,CYCLES,BACKEND,SUB-EVENT,_MatMul_2_post_reshape:OpId_51 (cycles)
301025825229,EXECUTE,16586,CYCLES,BACKEND,SUB-EVENT,_Transpose_2:OpId_53 (cycles)
301025825229,EXECUTE,0,CYCLES,BACKEND,SUB-EVENT,_Slice:OpId_55 (cycles)
301025825229,EXECUTE,644,CYCLES,BACKEND,SUB-EVENT,_Slice_1:OpId_61 (cycles)
301025825229,EXECUTE,7324,CYCLES,BACKEND,SUB-EVENT,_Mul_3:OpId_67 (cycles)
301025825229,EXECUTE,5488,CYCLES,BACKEND,SUB-EVENT,_Mul_4:OpId_70 (cycles)
301025825229,EXECUTE,818,CYCLES,BACKEND,SUB-EVENT,_Sub:OpId_72 (cycles)
301025825229,EXECUTE,4641,CYCLES,BACKEND,SUB-EVENT,_Mul_5:OpId_74 (cycles)
301025825229,EXECUTE,7247,CYCLES,BACKEND,SUB-EVENT,_Mul_6:OpId_76 (cycles)
301025825229,EXECUTE,649,CYCLES,BACKEND,SUB-EVENT,_Add_4:OpId_78 (cycles)
301025825229,EXECUTE,1140,CYCLES,BACKEND,SUB-EVENT,_Concat:OpId_80 (cycles)
301025825229,EXECUTE,0,CYCLES,BACKEND,SUB-EVENT,_Slice_2:OpId_83 (cycles)
301025825229,EXECUTE,1834,CYCLES,BACKEND,SUB-EVENT,_Slice_3:OpId_89 (cycles)
301025825229,EXECUTE,10743,CYCLES,BACKEND,SUB-EVENT,_Mul_7:OpId_94 (cycles)
301025825229,EXECUTE,8897,CYCLES,BACKEND,SUB-EVENT,_Mul_8:OpId_96 (cycles)
301025825229,EXECUTE,1459,CYCLES,BACKEND,SUB-EVENT,_Sub_1:OpId_98 (cycles)
301025825229,EXECUTE,8822,CYCLES,BACKEND,SUB-EVENT,_Mul_9:OpId_100 (cycles)
301025825229,EXECUTE,10704,CYCLES,BACKEND,SUB-EVENT,_Mul_10:OpId_102 (cycles)
301025825229,EXECUTE,1848,CYCLES,BACKEND,SUB-EVENT,_Add_5:OpId_104 (cycles)
301025825229,EXECUTE,7207,CYCLES,BACKEND,SUB-EVENT,_Concat_1:OpId_106 (cycles)
301025825229,EXECUTE,0,CYCLES,BACKEND,SUB-EVENT,_Unsqueeze_4:OpId_108 (cycles)
301025825229,EXECUTE,2308,CYCLES,BACKEND,SUB-EVENT,_Tile:OpId_110 (cycles)
301025825229,EXECUTE,0,CYCLES,BACKEND,SUB-EVENT,_Reshape_3:OpId_111 (cycles)
301025825229,EXECUTE,0,CYCLES,BACKEND,SUB-EVENT,_Unsqueeze_5:OpId_112 (cycles)
301025825229,EXECUTE,3040,CYCLES,BACKEND,SUB-EVENT,_Tile_1:OpId_114 (cycles)
301025825229,EXECUTE,0,CYCLES,BACKEND,SUB-EVENT,_Reshape_4:OpId_115 (cycles)
301025825229,EXECUTE,0,CYCLES,BACKEND,SUB-EVENT,_Transpose_3:OpId_117 (cycles)
301025825229,EXECUTE,66560,CYCLES,BACKEND,SUB-EVENT,_MatMul_3:OpId_118 (cycles)
301025825229,EXECUTE,17433,CYCLES,BACKEND,SUB-EVENT,_Mul_11:OpId_123 (cycles)
301025825229,EXECUTE,0,CYCLES,BACKEND,SUB-EVENT,_Unsqueeze_7_output_0_cast_to_bool:OpId_126 (cycles)
301025825229,EXECUTE,31658,CYCLES,BACKEND,SUB-EVENT,_Where:OpId_128 (cycles)
301025825229,EXECUTE,23800,CYCLES,BACKEND,SUB-EVENT,_Softmax:OpId_129 (cycles)
301025825229,EXECUTE,25361,CYCLES,BACKEND,SUB-EVENT,_MatMul_4:OpId_132 (cycles)
301025825229,EXECUTE,0,CYCLES,BACKEND,SUB-EVENT,_Transpose_4:OpId_137 (cycles)
301025825229,EXECUTE,0,CYCLES,BACKEND,SUB-EVENT,_Reshape_5:OpId_138 (cycles)
301025825229,EXECUTE,1569,CYCLES,BACKEND,SUB-EVENT,_MatMul_5:OpId_140 (cycles)
301025825229,EXECUTE,0,CYCLES,BACKEND,SUB-EVENT,_MatMul_5_post_reshape:OpId_143 (cycles)
301025825229,EXECUTE,0,CYCLES,BACKEND,SUB-EVENT,_MatMul_5_output_0_nfc:OpId_145 (cycles)
301025825229,EXECUTE,2212,CYCLES,BACKEND,SUB-EVENT,_Add_6:OpId_147 (cycles)
301025825229,EXECUTE,0,CYCLES,BACKEND,SUB-EVENT,_Add_6_output_0_ncf:OpId_150 (cycles)
301025825229,EXECUTE,5735,CYCLES,BACKEND,SUB-EVENT,rms_norm__Mul_14_output_0:OpId_155 (cycles)
301025825229,EXECUTE,0,CYCLES,BACKEND,SUB-EVENT,_MatMul_7_pre_reshape:OpId_158 (cycles)
301025825229,EXECUTE,0,CYCLES,BACKEND,SUB-EVENT,_MatMul_6_pre_reshape:OpId_159 (cycles)
301025825229,EXECUTE,19004,CYCLES,BACKEND,SUB-EVENT,_MatMul_6:OpId_161 (cycles)
301025825229,EXECUTE,0,CYCLES,BACKEND,SUB-EVENT,_MatMul_6_post_reshape:OpId_164 (cycles)
301025825229,EXECUTE,0,CYCLES,BACKEND,SUB-EVENT,_Sigmoid:OpId_165 (cycles)
301025825229,EXECUTE,117760,CYCLES,BACKEND,SUB-EVENT,_Mul_15:OpId_172 (cycles)
301025825229,EXECUTE,4268,CYCLES,BACKEND,SUB-EVENT,_MatMul_7:OpId_175 (cycles)
301025825229,EXECUTE,0,CYCLES,BACKEND,SUB-EVENT,_MatMul_7_post_reshape:OpId_178 (cycles)
301025825229,EXECUTE,49888,CYCLES,BACKEND,SUB-EVENT,_Mul_16:OpId_179 (cycles)
301025825229,EXECUTE,0,CYCLES,BACKEND,SUB-EVENT,_MatMul_8_pre_reshape:OpId_181 (cycles)
301025825229,EXECUTE,2264,CYCLES,BACKEND,SUB-EVENT,_MatMul_8:OpId_183 (cycles)
301025825229,EXECUTE,0,CYCLES,BACKEND,SUB-EVENT,_MatMul_8_post_reshape:OpId_186 (cycles)
301025825229,EXECUTE,0,CYCLES,BACKEND,SUB-EVENT,_MatMul_8_output_0_nfc:OpId_188 (cycles)
301025825229,EXECUTE,2716,CYCLES,BACKEND,SUB-EVENT,_Add_8:OpId_190 (cycles)
301025825229,EXECUTE,16092,CYCLES,BACKEND,SUB-EVENT,hidden_out_ncf:OpId_193 (cycles)
301025825229,EXECUTE,18312,CYCLES,BACKEND,SUB-EVENT,Output OpId_3 (cycles)
301025825229,EXECUTE,8334,US,BACKEND,ROOT,Accelerator (execute) time
301025825229,EXECUTE,4707,US,BACKEND,ROOT,Accelerator (execute excluding wait) time
301025825229,EXECUTE,13134,US,BACKEND,ROOT,QNN (execute) time
301025840265,EXECUTE,11416,US,NETRUN,ROOT,Graph 0: tiny_block_prefill
301025840265,EXECUTE,4,COUNT,BACKEND,ROOT,Number of HVX threads used
301025840265,EXECUTE,10732,US,BACKEND,ROOT,RPC (execute) time
301025840265,EXECUTE,8174,US,BACKEND,ROOT,QNN accelerator (execute) time
301025840265,EXECUTE,0,COUNT,BACKEND,ROOT,Num times yield occured
301025840265,EXECUTE,7282,US,BACKEND,ROOT,Time for initial VTCM acquire
301025840265,EXECUTE,4694,US,BACKEND,ROOT,Time for HVX + HMX power on and acquire
301025840265,EXECUTE,1828597,CYCLES,BACKEND,ROOT,Accelerator (execute) time (cycles)
301025840265,EXECUTE,1177,CYCLES,BACKEND,SUB-EVENT,Input OpId_2 (cycles)
301025840265,EXECUTE,0,CYCLES,BACKEND,SUB-EVENT,hidden_states_nfc:OpId_17 (cycles)
301025840265,EXECUTE,19574,CYCLES,BACKEND,SUB-EVENT,rms_norm__Mul_2_output_0:OpId_22 (cycles)
301025840265,EXECUTE,0,CYCLES,BACKEND,SUB-EVENT,_MatMul_2_pre_reshape:OpId_25 (cycles)
301025840265,EXECUTE,0,CYCLES,BACKEND,SUB-EVENT,_MatMul_1_pre_reshape:OpId_26 (cycles)
301025840265,EXECUTE,0,CYCLES,BACKEND,SUB-EVENT,_MatMul_pre_reshape:OpId_27 (cycles)
301025840265,EXECUTE,0,CYCLES,BACKEND,SUB-EVENT,_MatMul_lhs_reshape:OpId_30 (cycles)
301025840265,EXECUTE,0,CYCLES,BACKEND,SUB-EVENT,_MatMul_lhs_cast_fp16:OpId_31 (cycles)
301025840265,EXECUTE,6980,CYCLES,BACKEND,SUB-EVENT,_MatMul_pack_lhs_q13:OpId_32 (cycles)
301025840265,EXECUTE,0,CYCLES,BACKEND,SUB-EVENT,_MatMul_rhs_cast_fp16:OpId_33 (cycles)
301025840265,EXECUTE,278,CYCLES,BACKEND,SUB-EVENT,_MatMul_pack_rhs_q13:OpId_34 (cycles)
301025840265,EXECUTE,1401961,CYCLES,BACKEND,SUB-EVENT,_MatMul:OpId_35 (cycles)
301025840265,EXECUTE,0,CYCLES,BACKEND,SUB-EVENT,_MatMul_output_reshape:OpId_36 (cycles)
301025840265,EXECUTE,2107,CYCLES,BACKEND,SUB-EVENT,_MatMul_post_reshape:OpId_37 (cycles)
301025840265,EXECUTE,1916,CYCLES,BACKEND,SUB-EVENT,_Transpose:OpId_39 (cycles)
301025840265,EXECUTE,0,CYCLES,BACKEND,SUB-EVENT,_MatMul_1:OpId_42 (cycles)
301025840265,EXECUTE,0,CYCLES,BACKEND,SUB-EVENT,_MatMul_1_post_reshape:OpId_44 (cycles)
301025840265,EXECUTE,5768,CYCLES,BACKEND,SUB-EVENT,_Transpose_1:OpId_46 (cycles)
301025840265,EXECUTE,0,CYCLES,BACKEND,SUB-EVENT,_MatMul_2:OpId_49 (cycles)
301025840265,EXECUTE,0,CYCLES,BACKEND,SUB-EVENT,_MatMul_2_post_reshape:OpId_51 (cycles)
301025840265,EXECUTE,7500,CYCLES,BACKEND,SUB-EVENT,_Transpose_2:OpId_53 (cycles)
301025840265,EXECUTE,0,CYCLES,BACKEND,SUB-EVENT,_Slice:OpId_55 (cycles)
301025840265,EXECUTE,657,CYCLES,BACKEND,SUB-EVENT,_Slice_1:OpId_61 (cycles)
301025840265,EXECUTE,7171,CYCLES,BACKEND,SUB-EVENT,_Mul_3:OpId_67 (cycles)
301025840265,EXECUTE,6080,CYCLES,BACKEND,SUB-EVENT,_Mul_4:OpId_70 (cycles)
301025840265,EXECUTE,826,CYCLES,BACKEND,SUB-EVENT,_Sub:OpId_72 (cycles)
301025840265,EXECUTE,5322,CYCLES,BACKEND,SUB-EVENT,_Mul_5:OpId_74 (cycles)
301025840265,EXECUTE,7160,CYCLES,BACKEND,SUB-EVENT,_Mul_6:OpId_76 (cycles)
301025840265,EXECUTE,2453,CYCLES,BACKEND,SUB-EVENT,_Add_4:OpId_78 (cycles)
301025840265,EXECUTE,1291,CYCLES,BACKEND,SUB-EVENT,_Concat:OpId_80 (cycles)
301025840265,EXECUTE,0,CYCLES,BACKEND,SUB-EVENT,_Slice_2:OpId_83 (cycles)
301025840265,EXECUTE,907,CYCLES,BACKEND,SUB-EVENT,_Slice_3:OpId_89 (cycles)
301025840265,EXECUTE,8014,CYCLES,BACKEND,SUB-EVENT,_Mul_7:OpId_94 (cycles)
301025840265,EXECUTE,7068,CYCLES,BACKEND,SUB-EVENT,_Mul_8:OpId_96 (cycles)
301025840265,EXECUTE,833,CYCLES,BACKEND,SUB-EVENT,_Sub_1:OpId_98 (cycles)
301025840265,EXECUTE,7065,CYCLES,BACKEND,SUB-EVENT,_Mul_9:OpId_100 (cycles)
301025840265,EXECUTE,7919,CYCLES,BACKEND,SUB-EVENT,_Mul_10:OpId_102 (cycles)
301025840265,EXECUTE,1046,CYCLES,BACKEND,SUB-EVENT,_Add_5:OpId_104 (cycles)
301025840265,EXECUTE,3074,CYCLES,BACKEND,SUB-EVENT,_Concat_1:OpId_106 (cycles)
301025840265,EXECUTE,0,CYCLES,BACKEND,SUB-EVENT,_Unsqueeze_4:OpId_108 (cycles)
301025840265,EXECUTE,2148,CYCLES,BACKEND,SUB-EVENT,_Tile:OpId_110 (cycles)
301025840265,EXECUTE,0,CYCLES,BACKEND,SUB-EVENT,_Reshape_3:OpId_111 (cycles)
301025840265,EXECUTE,0,CYCLES,BACKEND,SUB-EVENT,_Unsqueeze_5:OpId_112 (cycles)
301025840265,EXECUTE,3198,CYCLES,BACKEND,SUB-EVENT,_Tile_1:OpId_114 (cycles)
301025840265,EXECUTE,0,CYCLES,BACKEND,SUB-EVENT,_Reshape_4:OpId_115 (cycles)
301025840265,EXECUTE,0,CYCLES,BACKEND,SUB-EVENT,_Transpose_3:OpId_117 (cycles)
301025840265,EXECUTE,93561,CYCLES,BACKEND,SUB-EVENT,_MatMul_3:OpId_118 (cycles)
301025840265,EXECUTE,38701,CYCLES,BACKEND,SUB-EVENT,_Mul_11:OpId_123 (cycles)
301025840265,EXECUTE,0,CYCLES,BACKEND,SUB-EVENT,_Unsqueeze_7_output_0_cast_to_bool:OpId_126 (cycles)
301025840265,EXECUTE,22650,CYCLES,BACKEND,SUB-EVENT,_Where:OpId_128 (cycles)
301025840265,EXECUTE,19029,CYCLES,BACKEND,SUB-EVENT,_Softmax:OpId_129 (cycles)
301025840265,EXECUTE,20772,CYCLES,BACKEND,SUB-EVENT,_MatMul_4:OpId_132 (cycles)
301025840265,EXECUTE,0,CYCLES,BACKEND,SUB-EVENT,_Transpose_4:OpId_137 (cycles)
301025840265,EXECUTE,0,CYCLES,BACKEND,SUB-EVENT,_Reshape_5:OpId_138 (cycles)
301025840265,EXECUTE,1111,CYCLES,BACKEND,SUB-EVENT,_MatMul_5:OpId_140 (cycles)
301025840265,EXECUTE,0,CYCLES,BACKEND,SUB-EVENT,_MatMul_5_post_reshape:OpId_143 (cycles)
301025840265,EXECUTE,0,CYCLES,BACKEND,SUB-EVENT,_MatMul_5_output_0_nfc:OpId_145 (cycles)
301025840265,EXECUTE,2042,CYCLES,BACKEND,SUB-EVENT,_Add_6:OpId_147 (cycles)
301025840265,EXECUTE,0,CYCLES,BACKEND,SUB-EVENT,_Add_6_output_0_ncf:OpId_150 (cycles)
301025840265,EXECUTE,5700,CYCLES,BACKEND,SUB-EVENT,rms_norm__Mul_14_output_0:OpId_155 (cycles)
301025840265,EXECUTE,0,CYCLES,BACKEND,SUB-EVENT,_MatMul_7_pre_reshape:OpId_158 (cycles)
301025840265,EXECUTE,0,CYCLES,BACKEND,SUB-EVENT,_MatMul_6_pre_reshape:OpId_159 (cycles)
301025840265,EXECUTE,2565,CYCLES,BACKEND,SUB-EVENT,_MatMul_6:OpId_161 (cycles)
301025840265,EXECUTE,0,CYCLES,BACKEND,SUB-EVENT,_MatMul_6_post_reshape:OpId_164 (cycles)
301025840265,EXECUTE,0,CYCLES,BACKEND,SUB-EVENT,_Sigmoid:OpId_165 (cycles)
301025840265,EXECUTE,43228,CYCLES,BACKEND,SUB-EVENT,_Mul_15:OpId_172 (cycles)
301025840265,EXECUTE,2860,CYCLES,BACKEND,SUB-EVENT,_MatMul_7:OpId_175 (cycles)
301025840265,EXECUTE,0,CYCLES,BACKEND,SUB-EVENT,_MatMul_7_post_reshape:OpId_178 (cycles)
301025840265,EXECUTE,34241,CYCLES,BACKEND,SUB-EVENT,_Mul_16:OpId_179 (cycles)
301025840265,EXECUTE,0,CYCLES,BACKEND,SUB-EVENT,_MatMul_8_pre_reshape:OpId_181 (cycles)
301025840265,EXECUTE,3437,CYCLES,BACKEND,SUB-EVENT,_MatMul_8:OpId_183 (cycles)
301025840265,EXECUTE,0,CYCLES,BACKEND,SUB-EVENT,_MatMul_8_post_reshape:OpId_186 (cycles)
301025840265,EXECUTE,0,CYCLES,BACKEND,SUB-EVENT,_MatMul_8_output_0_nfc:OpId_188 (cycles)
301025840265,EXECUTE,2712,CYCLES,BACKEND,SUB-EVENT,_Add_8:OpId_190 (cycles)
301025840265,EXECUTE,8702,CYCLES,BACKEND,SUB-EVENT,hidden_out_ncf:OpId_193 (cycles)
301025840265,EXECUTE,7793,CYCLES,BACKEND,SUB-EVENT,Output OpId_3 (cycles)
301025840265,EXECUTE,6356,US,BACKEND,ROOT,Accelerator (execute) time
301025840265,EXECUTE,4564,US,BACKEND,ROOT,Accelerator (execute excluding wait) time
301025840265,EXECUTE,11359,US,BACKEND,ROOT,QNN (execute) time
301025855182,EXECUTE,11060,US,NETRUN,ROOT,Graph 0: tiny_block_prefill
301025855182,EXECUTE,4,COUNT,BACKEND,ROOT,Number of HVX threads used
301025855182,EXECUTE,10429,US,BACKEND,ROOT,RPC (execute) time
301025855182,EXECUTE,8106,US,BACKEND,ROOT,QNN accelerator (execute) time
301025855182,EXECUTE,0,COUNT,BACKEND,ROOT,Num times yield occured
301025855182,EXECUTE,7364,US,BACKEND,ROOT,Time for initial VTCM acquire
301025855182,EXECUTE,4862,US,BACKEND,ROOT,Time for HVX + HMX power on and acquire
301025855182,EXECUTE,1779753,CYCLES,BACKEND,ROOT,Accelerator (execute) time (cycles)
301025855182,EXECUTE,1114,CYCLES,BACKEND,SUB-EVENT,Input OpId_2 (cycles)
301025855182,EXECUTE,0,CYCLES,BACKEND,SUB-EVENT,hidden_states_nfc:OpId_17 (cycles)
301025855182,EXECUTE,17304,CYCLES,BACKEND,SUB-EVENT,rms_norm__Mul_2_output_0:OpId_22 (cycles)
301025855182,EXECUTE,0,CYCLES,BACKEND,SUB-EVENT,_MatMul_2_pre_reshape:OpId_25 (cycles)
301025855182,EXECUTE,0,CYCLES,BACKEND,SUB-EVENT,_MatMul_1_pre_reshape:OpId_26 (cycles)
301025855182,EXECUTE,0,CYCLES,BACKEND,SUB-EVENT,_MatMul_pre_reshape:OpId_27 (cycles)
301025855182,EXECUTE,0,CYCLES,BACKEND,SUB-EVENT,_MatMul_lhs_reshape:OpId_30 (cycles)
301025855182,EXECUTE,0,CYCLES,BACKEND,SUB-EVENT,_MatMul_lhs_cast_fp16:OpId_31 (cycles)
301025855182,EXECUTE,6827,CYCLES,BACKEND,SUB-EVENT,_MatMul_pack_lhs_q13:OpId_32 (cycles)
301025855182,EXECUTE,0,CYCLES,BACKEND,SUB-EVENT,_MatMul_rhs_cast_fp16:OpId_33 (cycles)
301025855182,EXECUTE,220,CYCLES,BACKEND,SUB-EVENT,_MatMul_pack_rhs_q13:OpId_34 (cycles)
301025855182,EXECUTE,1405989,CYCLES,BACKEND,SUB-EVENT,_MatMul:OpId_35 (cycles)
301025855182,EXECUTE,0,CYCLES,BACKEND,SUB-EVENT,_MatMul_output_reshape:OpId_36 (cycles)
301025855182,EXECUTE,2248,CYCLES,BACKEND,SUB-EVENT,_MatMul_post_reshape:OpId_37 (cycles)
301025855182,EXECUTE,2017,CYCLES,BACKEND,SUB-EVENT,_Transpose:OpId_39 (cycles)
301025855182,EXECUTE,0,CYCLES,BACKEND,SUB-EVENT,_MatMul_1:OpId_42 (cycles)
301025855182,EXECUTE,0,CYCLES,BACKEND,SUB-EVENT,_MatMul_1_post_reshape:OpId_44 (cycles)
301025855182,EXECUTE,3840,CYCLES,BACKEND,SUB-EVENT,_Transpose_1:OpId_46 (cycles)
301025855182,EXECUTE,0,CYCLES,BACKEND,SUB-EVENT,_MatMul_2:OpId_49 (cycles)
301025855182,EXECUTE,0,CYCLES,BACKEND,SUB-EVENT,_MatMul_2_post_reshape:OpId_51 (cycles)
301025855182,EXECUTE,5757,CYCLES,BACKEND,SUB-EVENT,_Transpose_2:OpId_53 (cycles)
301025855182,EXECUTE,0,CYCLES,BACKEND,SUB-EVENT,_Slice:OpId_55 (cycles)
301025855182,EXECUTE,657,CYCLES,BACKEND,SUB-EVENT,_Slice_1:OpId_61 (cycles)
301025855182,EXECUTE,7269,CYCLES,BACKEND,SUB-EVENT,_Mul_3:OpId_67 (cycles)
301025855182,EXECUTE,6587,CYCLES,BACKEND,SUB-EVENT,_Mul_4:OpId_70 (cycles)
301025855182,EXECUTE,822,CYCLES,BACKEND,SUB-EVENT,_Sub:OpId_72 (cycles)
301025855182,EXECUTE,5575,CYCLES,BACKEND,SUB-EVENT,_Mul_5:OpId_74 (cycles)
301025855182,EXECUTE,7244,CYCLES,BACKEND,SUB-EVENT,_Mul_6:OpId_76 (cycles)
301025855182,EXECUTE,1574,CYCLES,BACKEND,SUB-EVENT,_Add_4:OpId_78 (cycles)
301025855182,EXECUTE,1187,CYCLES,BACKEND,SUB-EVENT,_Concat:OpId_80 (cycles)
301025855182,EXECUTE,0,CYCLES,BACKEND,SUB-EVENT,_Slice_2:OpId_83 (cycles)
301025855182,EXECUTE,1149,CYCLES,BACKEND,SUB-EVENT,_Slice_3:OpId_89 (cycles)
301025855182,EXECUTE,7636,CYCLES,BACKEND,SUB-EVENT,_Mul_7:OpId_94 (cycles)
301025855182,EXECUTE,6203,CYCLES,BACKEND,SUB-EVENT,_Mul_8:OpId_96 (cycles)
301025855182,EXECUTE,835,CYCLES,BACKEND,SUB-EVENT,_Sub_1:OpId_98 (cycles)
301025855182,EXECUTE,6217,CYCLES,BACKEND,SUB-EVENT,_Mul_9:OpId_100 (cycles)
301025855182,EXECUTE,7308,CYCLES,BACKEND,SUB-EVENT,_Mul_10:OpId_102 (cycles)
301025855182,EXECUTE,371,CYCLES,BACKEND,SUB-EVENT,_Add_5:OpId_104 (cycles)
301025855182,EXECUTE,3692,CYCLES,BACKEND,SUB-EVENT,_Concat_1:OpId_106 (cycles)
301025855182,EXECUTE,0,CYCLES,BACKEND,SUB-EVENT,_Unsqueeze_4:OpId_108 (cycles)
301025855182,EXECUTE,2160,CYCLES,BACKEND,SUB-EVENT,_Tile:OpId_110 (cycles)
301025855182,EXECUTE,0,CYCLES,BACKEND,SUB-EVENT,_Reshape_3:OpId_111 (cycles)
301025855182,EXECUTE,0,CYCLES,BACKEND,SUB-EVENT,_Unsqueeze_5:OpId_112 (cycles)
301025855182,EXECUTE,3015,CYCLES,BACKEND,SUB-EVENT,_Tile_1:OpId_114 (cycles)
301025855182,EXECUTE,0,CYCLES,BACKEND,SUB-EVENT,_Reshape_4:OpId_115 (cycles)
301025855182,EXECUTE,0,CYCLES,BACKEND,SUB-EVENT,_Transpose_3:OpId_117 (cycles)
301025855182,EXECUTE,66720,CYCLES,BACKEND,SUB-EVENT,_MatMul_3:OpId_118 (cycles)
301025855182,EXECUTE,35771,CYCLES,BACKEND,SUB-EVENT,_Mul_11:OpId_123 (cycles)
301025855182,EXECUTE,0,CYCLES,BACKEND,SUB-EVENT,_Unsqueeze_7_output_0_cast_to_bool:OpId_126 (cycles)
301025855182,EXECUTE,24106,CYCLES,BACKEND,SUB-EVENT,_Where:OpId_128 (cycles)
301025855182,EXECUTE,19523,CYCLES,BACKEND,SUB-EVENT,_Softmax:OpId_129 (cycles)
301025855182,EXECUTE,16044,CYCLES,BACKEND,SUB-EVENT,_MatMul_4:OpId_132 (cycles)
301025855182,EXECUTE,0,CYCLES,BACKEND,SUB-EVENT,_Transpose_4:OpId_137 (cycles)
301025855182,EXECUTE,0,CYCLES,BACKEND,SUB-EVENT,_Reshape_5:OpId_138 (cycles)
301025855182,EXECUTE,1116,CYCLES,BACKEND,SUB-EVENT,_MatMul_5:OpId_140 (cycles)
301025855182,EXECUTE,0,CYCLES,BACKEND,SUB-EVENT,_MatMul_5_post_reshape:OpId_143 (cycles)
301025855182,EXECUTE,0,CYCLES,BACKEND,SUB-EVENT,_MatMul_5_output_0_nfc:OpId_145 (cycles)
301025855182,EXECUTE,1084,CYCLES,BACKEND,SUB-EVENT,_Add_6:OpId_147 (cycles)
301025855182,EXECUTE,0,CYCLES,BACKEND,SUB-EVENT,_Add_6_output_0_ncf:OpId_150 (cycles)
301025855182,EXECUTE,5697,CYCLES,BACKEND,SUB-EVENT,rms_norm__Mul_14_output_0:OpId_155 (cycles)
301025855182,EXECUTE,0,CYCLES,BACKEND,SUB-EVENT,_MatMul_7_pre_reshape:OpId_158 (cycles)
301025855182,EXECUTE,0,CYCLES,BACKEND,SUB-EVENT,_MatMul_6_pre_reshape:OpId_159 (cycles)
301025855182,EXECUTE,2576,CYCLES,BACKEND,SUB-EVENT,_MatMul_6:OpId_161 (cycles)
301025855182,EXECUTE,0,CYCLES,BACKEND,SUB-EVENT,_MatMul_6_post_reshape:OpId_164 (cycles)
301025855182,EXECUTE,0,CYCLES,BACKEND,SUB-EVENT,_Sigmoid:OpId_165 (cycles)
301025855182,EXECUTE,41024,CYCLES,BACKEND,SUB-EVENT,_Mul_15:OpId_172 (cycles)
301025855182,EXECUTE,2882,CYCLES,BACKEND,SUB-EVENT,_MatMul_7:OpId_175 (cycles)
301025855182,EXECUTE,0,CYCLES,BACKEND,SUB-EVENT,_MatMul_7_post_reshape:OpId_178 (cycles)
301025855182,EXECUTE,29352,CYCLES,BACKEND,SUB-EVENT,_Mul_16:OpId_179 (cycles)
301025855182,EXECUTE,0,CYCLES,BACKEND,SUB-EVENT,_MatMul_8_pre_reshape:OpId_181 (cycles)
301025855182,EXECUTE,2288,CYCLES,BACKEND,SUB-EVENT,_MatMul_8:OpId_183 (cycles)
301025855182,EXECUTE,0,CYCLES,BACKEND,SUB-EVENT,_MatMul_8_post_reshape:OpId_186 (cycles)
301025855182,EXECUTE,0,CYCLES,BACKEND,SUB-EVENT,_MatMul_8_output_0_nfc:OpId_188 (cycles)
301025855182,EXECUTE,2700,CYCLES,BACKEND,SUB-EVENT,_Add_8:OpId_190 (cycles)
301025855182,EXECUTE,6824,CYCLES,BACKEND,SUB-EVENT,hidden_out_ncf:OpId_193 (cycles)
301025855182,EXECUTE,7229,CYCLES,BACKEND,SUB-EVENT,Output OpId_3 (cycles)
301025855182,EXECUTE,6320,US,BACKEND,ROOT,Accelerator (execute) time
301025855182,EXECUTE,4517,US,BACKEND,ROOT,Accelerator (execute excluding wait) time
301025855182,EXECUTE,10999,US,BACKEND,ROOT,QNN (execute) time
301025871124,EXECUTE,11074,US,NETRUN,ROOT,Graph 0: tiny_block_prefill
301025871124,EXECUTE,4,COUNT,BACKEND,ROOT,Number of HVX threads used
301025871124,EXECUTE,10560,US,BACKEND,ROOT,RPC (execute) time
301025871124,EXECUTE,8033,US,BACKEND,ROOT,QNN accelerator (execute) time
301025871124,EXECUTE,0,COUNT,BACKEND,ROOT,Num times yield occured
301025871124,EXECUTE,7145,US,BACKEND,ROOT,Time for initial VTCM acquire
301025871124,EXECUTE,4778,US,BACKEND,ROOT,Time for HVX + HMX power on and acquire
301025871124,EXECUTE,1742647,CYCLES,BACKEND,ROOT,Accelerator (execute) time (cycles)
301025871124,EXECUTE,1000,CYCLES,BACKEND,SUB-EVENT,Input OpId_2 (cycles)
301025871124,EXECUTE,0,CYCLES,BACKEND,SUB-EVENT,hidden_states_nfc:OpId_17 (cycles)
301025871124,EXECUTE,14612,CYCLES,BACKEND,SUB-EVENT,rms_norm__Mul_2_output_0:OpId_22 (cycles)
301025871124,EXECUTE,0,CYCLES,BACKEND,SUB-EVENT,_MatMul_2_pre_reshape:OpId_25 (cycles)
301025871124,EXECUTE,0,CYCLES,BACKEND,SUB-EVENT,_MatMul_1_pre_reshape:OpId_26 (cycles)
301025871124,EXECUTE,0,CYCLES,BACKEND,SUB-EVENT,_MatMul_pre_reshape:OpId_27 (cycles)
301025871124,EXECUTE,0,CYCLES,BACKEND,SUB-EVENT,_MatMul_lhs_reshape:OpId_30 (cycles)
301025871124,EXECUTE,0,CYCLES,BACKEND,SUB-EVENT,_MatMul_lhs_cast_fp16:OpId_31 (cycles)
301025871124,EXECUTE,6152,CYCLES,BACKEND,SUB-EVENT,_MatMul_pack_lhs_q13:OpId_32 (cycles)
301025871124,EXECUTE,0,CYCLES,BACKEND,SUB-EVENT,_MatMul_rhs_cast_fp16:OpId_33 (cycles)
301025871124,EXECUTE,305,CYCLES,BACKEND,SUB-EVENT,_MatMul_pack_rhs_q13:OpId_34 (cycles)
301025871124,EXECUTE,1400475,CYCLES,BACKEND,SUB-EVENT,_MatMul:OpId_35 (cycles)
301025871124,EXECUTE,0,CYCLES,BACKEND,SUB-EVENT,_MatMul_output_reshape:OpId_36 (cycles)
301025871124,EXECUTE,2300,CYCLES,BACKEND,SUB-EVENT,_MatMul_post_reshape:OpId_37 (cycles)
301025871124,EXECUTE,2060,CYCLES,BACKEND,SUB-EVENT,_Transpose:OpId_39 (cycles)
301025871124,EXECUTE,0,CYCLES,BACKEND,SUB-EVENT,_MatMul_1:OpId_42 (cycles)
301025871124,EXECUTE,0,CYCLES,BACKEND,SUB-EVENT,_MatMul_1_post_reshape:OpId_44 (cycles)
301025871124,EXECUTE,4897,CYCLES,BACKEND,SUB-EVENT,_Transpose_1:OpId_46 (cycles)
301025871124,EXECUTE,0,CYCLES,BACKEND,SUB-EVENT,_MatMul_2:OpId_49 (cycles)
301025871124,EXECUTE,0,CYCLES,BACKEND,SUB-EVENT,_MatMul_2_post_reshape:OpId_51 (cycles)
301025871124,EXECUTE,6693,CYCLES,BACKEND,SUB-EVENT,_Transpose_2:OpId_53 (cycles)
301025871124,EXECUTE,0,CYCLES,BACKEND,SUB-EVENT,_Slice:OpId_55 (cycles)
301025871124,EXECUTE,650,CYCLES,BACKEND,SUB-EVENT,_Slice_1:OpId_61 (cycles)
301025871124,EXECUTE,6642,CYCLES,BACKEND,SUB-EVENT,_Mul_3:OpId_67 (cycles)
301025871124,EXECUTE,5882,CYCLES,BACKEND,SUB-EVENT,_Mul_4:OpId_70 (cycles)
301025871124,EXECUTE,806,CYCLES,BACKEND,SUB-EVENT,_Sub:OpId_72 (cycles)
301025871124,EXECUTE,4746,CYCLES,BACKEND,SUB-EVENT,_Mul_5:OpId_74 (cycles)
301025871124,EXECUTE,6563,CYCLES,BACKEND,SUB-EVENT,_Mul_6:OpId_76 (cycles)
301025871124,EXECUTE,1619,CYCLES,BACKEND,SUB-EVENT,_Add_4:OpId_78 (cycles)
301025871124,EXECUTE,1170,CYCLES,BACKEND,SUB-EVENT,_Concat:OpId_80 (cycles)
301025871124,EXECUTE,0,CYCLES,BACKEND,SUB-EVENT,_Slice_2:OpId_83 (cycles)
301025871124,EXECUTE,1381,CYCLES,BACKEND,SUB-EVENT,_Slice_3:OpId_89 (cycles)
301025871124,EXECUTE,7349,CYCLES,BACKEND,SUB-EVENT,_Mul_7:OpId_94 (cycles)
301025871124,EXECUTE,5967,CYCLES,BACKEND,SUB-EVENT,_Mul_8:OpId_96 (cycles)
301025871124,EXECUTE,835,CYCLES,BACKEND,SUB-EVENT,_Sub_1:OpId_98 (cycles)
301025871124,EXECUTE,5935,CYCLES,BACKEND,SUB-EVENT,_Mul_9:OpId_100 (cycles)
301025871124,EXECUTE,7328,CYCLES,BACKEND,SUB-EVENT,_Mul_10:OpId_102 (cycles)
301025871124,EXECUTE,651,CYCLES,BACKEND,SUB-EVENT,_Add_5:OpId_104 (cycles)
301025871124,EXECUTE,2730,CYCLES,BACKEND,SUB-EVENT,_Concat_1:OpId_106 (cycles)
301025871124,EXECUTE,0,CYCLES,BACKEND,SUB-EVENT,_Unsqueeze_4:OpId_108 (cycles)
301025871124,EXECUTE,2202,CYCLES,BACKEND,SUB-EVENT,_Tile:OpId_110 (cycles)
301025871124,EXECUTE,0,CYCLES,BACKEND,SUB-EVENT,_Reshape_3:OpId_111 (cycles)
301025871124,EXECUTE,0,CYCLES,BACKEND,SUB-EVENT,_Unsqueeze_5:OpId_112 (cycles)
301025871124,EXECUTE,2098,CYCLES,BACKEND,SUB-EVENT,_Tile_1:OpId_114 (cycles)
301025871124,EXECUTE,0,CYCLES,BACKEND,SUB-EVENT,_Reshape_4:OpId_115 (cycles)
301025871124,EXECUTE,0,CYCLES,BACKEND,SUB-EVENT,_Transpose_3:OpId_117 (cycles)
301025871124,EXECUTE,61498,CYCLES,BACKEND,SUB-EVENT,_MatMul_3:OpId_118 (cycles)
301025871124,EXECUTE,20561,CYCLES,BACKEND,SUB-EVENT,_Mul_11:OpId_123 (cycles)
301025871124,EXECUTE,0,CYCLES,BACKEND,SUB-EVENT,_Unsqueeze_7_output_0_cast_to_bool:OpId_126 (cycles)
301025871124,EXECUTE,23682,CYCLES,BACKEND,SUB-EVENT,_Where:OpId_128 (cycles)
301025871124,EXECUTE,21274,CYCLES,BACKEND,SUB-EVENT,_Softmax:OpId_129 (cycles)
301025871124,EXECUTE,14149,CYCLES,BACKEND,SUB-EVENT,_MatMul_4:OpId_132 (cycles)
301025871124,EXECUTE,0,CYCLES,BACKEND,SUB-EVENT,_Transpose_4:OpId_137 (cycles)
301025871124,EXECUTE,0,CYCLES,BACKEND,SUB-EVENT,_Reshape_5:OpId_138 (cycles)
301025871124,EXECUTE,1172,CYCLES,BACKEND,SUB-EVENT,_MatMul_5:OpId_140 (cycles)
301025871124,EXECUTE,0,CYCLES,BACKEND,SUB-EVENT,_MatMul_5_post_reshape:OpId_143 (cycles)
301025871124,EXECUTE,0,CYCLES,BACKEND,SUB-EVENT,_MatMul_5_output_0_nfc:OpId_145 (cycles)
301025871124,EXECUTE,2008,CYCLES,BACKEND,SUB-EVENT,_Add_6:OpId_147 (cycles)
301025871124,EXECUTE,0,CYCLES,BACKEND,SUB-EVENT,_Add_6_output_0_ncf:OpId_150 (cycles)
301025871124,EXECUTE,5710,CYCLES,BACKEND,SUB-EVENT,rms_norm__Mul_14_output_0:OpId_155 (cycles)
301025871124,EXECUTE,0,CYCLES,BACKEND,SUB-EVENT,_MatMul_7_pre_reshape:OpId_158 (cycles)
301025871124,EXECUTE,0,CYCLES,BACKEND,SUB-EVENT,_MatMul_6_pre_reshape:OpId_159 (cycles)
301025871124,EXECUTE,2580,CYCLES,BACKEND,SUB-EVENT,_MatMul_6:OpId_161 (cycles)
301025871124,EXECUTE,0,CYCLES,BACKEND,SUB-EVENT,_MatMul_6_post_reshape:OpId_164 (cycles)
301025871124,EXECUTE,0,CYCLES,BACKEND,SUB-EVENT,_Sigmoid:OpId_165 (cycles)
301025871124,EXECUTE,38733,CYCLES,BACKEND,SUB-EVENT,_Mul_15:OpId_172 (cycles)
301025871124,EXECUTE,2946,CYCLES,BACKEND,SUB-EVENT,_MatMul_7:OpId_175 (cycles)
301025871124,EXECUTE,0,CYCLES,BACKEND,SUB-EVENT,_MatMul_7_post_reshape:OpId_178 (cycles)
301025871124,EXECUTE,26587,CYCLES,BACKEND,SUB-EVENT,_Mul_16:OpId_179 (cycles)
301025871124,EXECUTE,0,CYCLES,BACKEND,SUB-EVENT,_MatMul_8_pre_reshape:OpId_181 (cycles)
301025871124,EXECUTE,2200,CYCLES,BACKEND,SUB-EVENT,_MatMul_8:OpId_183 (cycles)
301025871124,EXECUTE,0,CYCLES,BACKEND,SUB-EVENT,_MatMul_8_post_reshape:OpId_186 (cycles)
301025871124,EXECUTE,0,CYCLES,BACKEND,SUB-EVENT,_MatMul_8_output_0_nfc:OpId_188 (cycles)
301025871124,EXECUTE,2741,CYCLES,BACKEND,SUB-EVENT,_Add_8:OpId_190 (cycles)
301025871124,EXECUTE,6395,CYCLES,BACKEND,SUB-EVENT,hidden_out_ncf:OpId_193 (cycles)
301025871124,EXECUTE,7363,CYCLES,BACKEND,SUB-EVENT,Output OpId_3 (cycles)
301025871124,EXECUTE,6282,US,BACKEND,ROOT,Accelerator (execute) time
301025871124,EXECUTE,4493,US,BACKEND,ROOT,Accelerator (execute excluding wait) time
301025871124,EXECUTE,11020,US,BACKEND,ROOT,QNN (execute) time
301025886753,EXECUTE,10853,US,NETRUN,ROOT,Graph 0: tiny_block_prefill
301025886753,EXECUTE,4,COUNT,BACKEND,ROOT,Number of HVX threads used
301025886753,EXECUTE,10318,US,BACKEND,ROOT,RPC (execute) time
301025886753,EXECUTE,8114,US,BACKEND,ROOT,QNN accelerator (execute) time
301025886753,EXECUTE,0,COUNT,BACKEND,ROOT,Num times yield occured
301025886753,EXECUTE,7046,US,BACKEND,ROOT,Time for initial VTCM acquire
301025886753,EXECUTE,4704,US,BACKEND,ROOT,Time for HVX + HMX power on and acquire
301025886753,EXECUTE,1751638,CYCLES,BACKEND,ROOT,Accelerator (execute) time (cycles)
301025886753,EXECUTE,921,CYCLES,BACKEND,SUB-EVENT,Input OpId_2 (cycles)
301025886753,EXECUTE,0,CYCLES,BACKEND,SUB-EVENT,hidden_states_nfc:OpId_17 (cycles)
301025886753,EXECUTE,15697,CYCLES,BACKEND,SUB-EVENT,rms_norm__Mul_2_output_0:OpId_22 (cycles)
301025886753,EXECUTE,0,CYCLES,BACKEND,SUB-EVENT,_MatMul_2_pre_reshape:OpId_25 (cycles)
301025886753,EXECUTE,0,CYCLES,BACKEND,SUB-EVENT,_MatMul_1_pre_reshape:OpId_26 (cycles)
301025886753,EXECUTE,0,CYCLES,BACKEND,SUB-EVENT,_MatMul_pre_reshape:OpId_27 (cycles)
301025886753,EXECUTE,0,CYCLES,BACKEND,SUB-EVENT,_MatMul_lhs_reshape:OpId_30 (cycles)
301025886753,EXECUTE,0,CYCLES,BACKEND,SUB-EVENT,_MatMul_lhs_cast_fp16:OpId_31 (cycles)
301025886753,EXECUTE,6280,CYCLES,BACKEND,SUB-EVENT,_MatMul_pack_lhs_q13:OpId_32 (cycles)
301025886753,EXECUTE,0,CYCLES,BACKEND,SUB-EVENT,_MatMul_rhs_cast_fp16:OpId_33 (cycles)
301025886753,EXECUTE,296,CYCLES,BACKEND,SUB-EVENT,_MatMul_pack_rhs_q13:OpId_34 (cycles)
301025886753,EXECUTE,1401686,CYCLES,BACKEND,SUB-EVENT,_MatMul:OpId_35 (cycles)
301025886753,EXECUTE,0,CYCLES,BACKEND,SUB-EVENT,_MatMul_output_reshape:OpId_36 (cycles)
301025886753,EXECUTE,2332,CYCLES,BACKEND,SUB-EVENT,_MatMul_post_reshape:OpId_37 (cycles)
301025886753,EXECUTE,2037,CYCLES,BACKEND,SUB-EVENT,_Transpose:OpId_39 (cycles)
301025886753,EXECUTE,0,CYCLES,BACKEND,SUB-EVENT,_MatMul_1:OpId_42 (cycles)
301025886753,EXECUTE,0,CYCLES,BACKEND,SUB-EVENT,_MatMul_1_post_reshape:OpId_44 (cycles)
301025886753,EXECUTE,3983,CYCLES,BACKEND,SUB-EVENT,_Transpose_1:OpId_46 (cycles)
301025886753,EXECUTE,0,CYCLES,BACKEND,SUB-EVENT,_MatMul_2:OpId_49 (cycles)
301025886753,EXECUTE,0,CYCLES,BACKEND,SUB-EVENT,_MatMul_2_post_reshape:OpId_51 (cycles)
301025886753,EXECUTE,6085,CYCLES,BACKEND,SUB-EVENT,_Transpose_2:OpId_53 (cycles)
301025886753,EXECUTE,0,CYCLES,BACKEND,SUB-EVENT,_Slice:OpId_55 (cycles)
301025886753,EXECUTE,657,CYCLES,BACKEND,SUB-EVENT,_Slice_1:OpId_61 (cycles)
301025886753,EXECUTE,7033,CYCLES,BACKEND,SUB-EVENT,_Mul_3:OpId_67 (cycles)
301025886753,EXECUTE,6213,CYCLES,BACKEND,SUB-EVENT,_Mul_4:OpId_70 (cycles)
301025886753,EXECUTE,822,CYCLES,BACKEND,SUB-EVENT,_Sub:OpId_72 (cycles)
301025886753,EXECUTE,4837,CYCLES,BACKEND,SUB-EVENT,_Mul_5:OpId_74 (cycles)
301025886753,EXECUTE,6896,CYCLES,BACKEND,SUB-EVENT,_Mul_6:OpId_76 (cycles)
301025886753,EXECUTE,1602,CYCLES,BACKEND,SUB-EVENT,_Add_4:OpId_78 (cycles)
301025886753,EXECUTE,1326,CYCLES,BACKEND,SUB-EVENT,_Concat:OpId_80 (cycles)
301025886753,EXECUTE,0,CYCLES,BACKEND,SUB-EVENT,_Slice_2:OpId_83 (cycles)
301025886753,EXECUTE,1386,CYCLES,BACKEND,SUB-EVENT,_Slice_3:OpId_89 (cycles)
301025886753,EXECUTE,8280,CYCLES,BACKEND,SUB-EVENT,_Mul_7:OpId_94 (cycles)
301025886753,EXECUTE,6904,CYCLES,BACKEND,SUB-EVENT,_Mul_8:OpId_96 (cycles)
301025886753,EXECUTE,835,CYCLES,BACKEND,SUB-EVENT,_Sub_1:OpId_98 (cycles)
301025886753,EXECUTE,6870,CYCLES,BACKEND,SUB-EVENT,_Mul_9:OpId_100 (cycles)
301025886753,EXECUTE,8257,CYCLES,BACKEND,SUB-EVENT,_Mul_10:OpId_102 (cycles)
301025886753,EXECUTE,367,CYCLES,BACKEND,SUB-EVENT,_Add_5:OpId_104 (cycles)
301025886753,EXECUTE,3053,CYCLES,BACKEND,SUB-EVENT,_Concat_1:OpId_106 (cycles)
301025886753,EXECUTE,0,CYCLES,BACKEND,SUB-EVENT,_Unsqueeze_4:OpId_108 (cycles)
301025886753,EXECUTE,1795,CYCLES,BACKEND,SUB-EVENT,_Tile:OpId_110 (cycles)
301025886753,EXECUTE,0,CYCLES,BACKEND,SUB-EVENT,_Reshape_3:OpId_111 (cycles)
301025886753,EXECUTE,0,CYCLES,BACKEND,SUB-EVENT,_Unsqueeze_5:OpId_112 (cycles)
301025886753,EXECUTE,2301,CYCLES,BACKEND,SUB-EVENT,_Tile_1:OpId_114 (cycles)
301025886753,EXECUTE,0,CYCLES,BACKEND,SUB-EVENT,_Reshape_4:OpId_115 (cycles)
301025886753,EXECUTE,0,CYCLES,BACKEND,SUB-EVENT,_Transpose_3:OpId_117 (cycles)
301025886753,EXECUTE,52939,CYCLES,BACKEND,SUB-EVENT,_MatMul_3:OpId_118 (cycles)
301025886753,EXECUTE,33526,CYCLES,BACKEND,SUB-EVENT,_Mul_11:OpId_123 (cycles)
301025886753,EXECUTE,0,CYCLES,BACKEND,SUB-EVENT,_Unsqueeze_7_output_0_cast_to_bool:OpId_126 (cycles)
301025886753,EXECUTE,22856,CYCLES,BACKEND,SUB-EVENT,_Where:OpId_128 (cycles)
301025886753,EXECUTE,19224,CYCLES,BACKEND,SUB-EVENT,_Softmax:OpId_129 (cycles)
301025886753,EXECUTE,16265,CYCLES,BACKEND,SUB-EVENT,_MatMul_4:OpId_132 (cycles)
301025886753,EXECUTE,0,CYCLES,BACKEND,SUB-EVENT,_Transpose_4:OpId_137 (cycles)
301025886753,EXECUTE,0,CYCLES,BACKEND,SUB-EVENT,_Reshape_5:OpId_138 (cycles)
301025886753,EXECUTE,1084,CYCLES,BACKEND,SUB-EVENT,_MatMul_5:OpId_140 (cycles)
301025886753,EXECUTE,0,CYCLES,BACKEND,SUB-EVENT,_MatMul_5_post_reshape:OpId_143 (cycles)
301025886753,EXECUTE,0,CYCLES,BACKEND,SUB-EVENT,_MatMul_5_output_0_nfc:OpId_145 (cycles)
301025886753,EXECUTE,2229,CYCLES,BACKEND,SUB-EVENT,_Add_6:OpId_147 (cycles)
301025886753,EXECUTE,0,CYCLES,BACKEND,SUB-EVENT,_Add_6_output_0_ncf:OpId_150 (cycles)
301025886753,EXECUTE,5700,CYCLES,BACKEND,SUB-EVENT,rms_norm__Mul_14_output_0:OpId_155 (cycles)
301025886753,EXECUTE,0,CYCLES,BACKEND,SUB-EVENT,_MatMul_7_pre_reshape:OpId_158 (cycles)
301025886753,EXECUTE,0,CYCLES,BACKEND,SUB-EVENT,_MatMul_6_pre_reshape:OpId_159 (cycles)
301025886753,EXECUTE,2551,CYCLES,BACKEND,SUB-EVENT,_MatMul_6:OpId_161 (cycles)
301025886753,EXECUTE,0,CYCLES,BACKEND,SUB-EVENT,_MatMul_6_post_reshape:OpId_164 (cycles)
301025886753,EXECUTE,0,CYCLES,BACKEND,SUB-EVENT,_Sigmoid:OpId_165 (cycles)
301025886753,EXECUTE,38389,CYCLES,BACKEND,SUB-EVENT,_Mul_15:OpId_172 (cycles)
301025886753,EXECUTE,2882,CYCLES,BACKEND,SUB-EVENT,_MatMul_7:OpId_175 (cycles)
301025886753,EXECUTE,0,CYCLES,BACKEND,SUB-EVENT,_MatMul_7_post_reshape:OpId_178 (cycles)
301025886753,EXECUTE,29185,CYCLES,BACKEND,SUB-EVENT,_Mul_16:OpId_179 (cycles)
301025886753,EXECUTE,0,CYCLES,BACKEND,SUB-EVENT,_MatMul_8_pre_reshape:OpId_181 (cycles)
301025886753,EXECUTE,2267,CYCLES,BACKEND,SUB-EVENT,_MatMul_8:OpId_183 (cycles)
301025886753,EXECUTE,0,CYCLES,BACKEND,SUB-EVENT,_MatMul_8_post_reshape:OpId_186 (cycles)
301025886753,EXECUTE,0,CYCLES,BACKEND,SUB-EVENT,_MatMul_8_output_0_nfc:OpId_188 (cycles)
301025886753,EXECUTE,2688,CYCLES,BACKEND,SUB-EVENT,_Add_8:OpId_190 (cycles)
301025886753,EXECUTE,4293,CYCLES,BACKEND,SUB-EVENT,hidden_out_ncf:OpId_193 (cycles)
301025886753,EXECUTE,6809,CYCLES,BACKEND,SUB-EVENT,Output OpId_3 (cycles)
301025886753,EXECUTE,6281,US,BACKEND,ROOT,Accelerator (execute) time
301025886753,EXECUTE,4456,US,BACKEND,ROOT,Accelerator (execute excluding wait) time
301025886753,EXECUTE,10805,US,BACKEND,ROOT,QNN (execute) time
301025902412,EXECUTE,10922,US,NETRUN,ROOT,Graph 0: tiny_block_prefill
301025902412,EXECUTE,4,COUNT,BACKEND,ROOT,Number of HVX threads used
301025902412,EXECUTE,10449,US,BACKEND,ROOT,RPC (execute) time
301025902412,EXECUTE,8219,US,BACKEND,ROOT,QNN accelerator (execute) time
301025902412,EXECUTE,0,COUNT,BACKEND,ROOT,Num times yield occured
301025902412,EXECUTE,7515,US,BACKEND,ROOT,Time for initial VTCM acquire
301025902412,EXECUTE,4807,US,BACKEND,ROOT,Time for HVX + HMX power on and acquire
301025902412,EXECUTE,1756284,CYCLES,BACKEND,ROOT,Accelerator (execute) time (cycles)
301025902412,EXECUTE,1092,CYCLES,BACKEND,SUB-EVENT,Input OpId_2 (cycles)
301025902412,EXECUTE,0,CYCLES,BACKEND,SUB-EVENT,hidden_states_nfc:OpId_17 (cycles)
301025902412,EXECUTE,16362,CYCLES,BACKEND,SUB-EVENT,rms_norm__Mul_2_output_0:OpId_22 (cycles)
301025902412,EXECUTE,0,CYCLES,BACKEND,SUB-EVENT,_MatMul_2_pre_reshape:OpId_25 (cycles)
301025902412,EXECUTE,0,CYCLES,BACKEND,SUB-EVENT,_MatMul_1_pre_reshape:OpId_26 (cycles)
301025902412,EXECUTE,0,CYCLES,BACKEND,SUB-EVENT,_MatMul_pre_reshape:OpId_27 (cycles)
301025902412,EXECUTE,0,CYCLES,BACKEND,SUB-EVENT,_MatMul_lhs_reshape:OpId_30 (cycles)
301025902412,EXECUTE,0,CYCLES,BACKEND,SUB-EVENT,_MatMul_lhs_cast_fp16:OpId_31 (cycles)
301025902412,EXECUTE,8114,CYCLES,BACKEND,SUB-EVENT,_MatMul_pack_lhs_q13:OpId_32 (cycles)
301025902412,EXECUTE,0,CYCLES,BACKEND,SUB-EVENT,_MatMul_rhs_cast_fp16:OpId_33 (cycles)
301025902412,EXECUTE,657,CYCLES,BACKEND,SUB-EVENT,_MatMul_pack_rhs_q13:OpId_34 (cycles)
301025902412,EXECUTE,1404340,CYCLES,BACKEND,SUB-EVENT,_MatMul:OpId_35 (cycles)
301025902412,EXECUTE,0,CYCLES,BACKEND,SUB-EVENT,_MatMul_output_reshape:OpId_36 (cycles)
301025902412,EXECUTE,2050,CYCLES,BACKEND,SUB-EVENT,_MatMul_post_reshape:OpId_37 (cycles)
301025902412,EXECUTE,2451,CYCLES,BACKEND,SUB-EVENT,_Transpose:OpId_39 (cycles)
301025902412,EXECUTE,0,CYCLES,BACKEND,SUB-EVENT,_MatMul_1:OpId_42 (cycles)
301025902412,EXECUTE,0,CYCLES,BACKEND,SUB-EVENT,_MatMul_1_post_reshape:OpId_44 (cycles)
301025902412,EXECUTE,4867,CYCLES,BACKEND,SUB-EVENT,_Transpose_1:OpId_46 (cycles)
301025902412,EXECUTE,0,CYCLES,BACKEND,SUB-EVENT,_MatMul_2:OpId_49 (cycles)
301025902412,EXECUTE,0,CYCLES,BACKEND,SUB-EVENT,_MatMul_2_post_reshape:OpId_51 (cycles)
301025902412,EXECUTE,7237,CYCLES,BACKEND,SUB-EVENT,_Transpose_2:OpId_53 (cycles)
301025902412,EXECUTE,0,CYCLES,BACKEND,SUB-EVENT,_Slice:OpId_55 (cycles)
301025902412,EXECUTE,652,CYCLES,BACKEND,SUB-EVENT,_Slice_1:OpId_61 (cycles)
301025902412,EXECUTE,6652,CYCLES,BACKEND,SUB-EVENT,_Mul_3:OpId_67 (cycles)
301025902412,EXECUTE,5276,CYCLES,BACKEND,SUB-EVENT,_Mul_4:OpId_70 (cycles)
301025902412,EXECUTE,808,CYCLES,BACKEND,SUB-EVENT,_Sub:OpId_72 (cycles)
301025902412,EXECUTE,4763,CYCLES,BACKEND,SUB-EVENT,_Mul_5:OpId_74 (cycles)
301025902412,EXECUTE,6115,CYCLES,BACKEND,SUB-EVENT,_Mul_6:OpId_76 (cycles)
301025902412,EXECUTE,1561,CYCLES,BACKEND,SUB-EVENT,_Add_4:OpId_78 (cycles)
301025902412,EXECUTE,1181,CYCLES,BACKEND,SUB-EVENT,_Concat:OpId_80 (cycles)
301025902412,EXECUTE,0,CYCLES,BACKEND,SUB-EVENT,_Slice_2:OpId_83 (cycles)
301025902412,EXECUTE,1149,CYCLES,BACKEND,SUB-EVENT,_Slice_3:OpId_89 (cycles)
301025902412,EXECUTE,8339,CYCLES,BACKEND,SUB-EVENT,_Mul_7:OpId_94 (cycles)
301025902412,EXECUTE,7230,CYCLES,BACKEND,SUB-EVENT,_Mul_8:OpId_96 (cycles)
301025902412,EXECUTE,835,CYCLES,BACKEND,SUB-EVENT,_Sub_1:OpId_98 (cycles)
301025902412,EXECUTE,7148,CYCLES,BACKEND,SUB-EVENT,_Mul_9:OpId_100 (cycles)
301025902412,EXECUTE,8275,CYCLES,BACKEND,SUB-EVENT,_Mul_10:OpId_102 (cycles)
301025902412,EXECUTE,836,CYCLES,BACKEND,SUB-EVENT,_Add_5:OpId_104 (cycles)
301025902412,EXECUTE,2414,CYCLES,BACKEND,SUB-EVENT,_Concat_1:OpId_106 (cycles)
301025902412,EXECUTE,0,CYCLES,BACKEND,SUB-EVENT,_Unsqueeze_4:OpId_108 (cycles)
301025902412,EXECUTE,1852,CYCLES,BACKEND,SUB-EVENT,_Tile:OpId_110 (cycles)
301025902412,EXECUTE,0,CYCLES,BACKEND,SUB-EVENT,_Reshape_3:OpId_111 (cycles)
301025902412,EXECUTE,0,CYCLES,BACKEND,SUB-EVENT,_Unsqueeze_5:OpId_112 (cycles)
301025902412,EXECUTE,2693,CYCLES,BACKEND,SUB-EVENT,_Tile_1:OpId_114 (cycles)
301025902412,EXECUTE,0,CYCLES,BACKEND,SUB-EVENT,_Reshape_4:OpId_115 (cycles)
301025902412,EXECUTE,0,CYCLES,BACKEND,SUB-EVENT,_Transpose_3:OpId_117 (cycles)
301025902412,EXECUTE,56868,CYCLES,BACKEND,SUB-EVENT,_MatMul_3:OpId_118 (cycles)
301025902412,EXECUTE,22141,CYCLES,BACKEND,SUB-EVENT,_Mul_11:OpId_123 (cycles)
301025902412,EXECUTE,0,CYCLES,BACKEND,SUB-EVENT,_Unsqueeze_7_output_0_cast_to_bool:OpId_126 (cycles)
301025902412,EXECUTE,23775,CYCLES,BACKEND,SUB-EVENT,_Where:OpId_128 (cycles)
301025902412,EXECUTE,19655,CYCLES,BACKEND,SUB-EVENT,_Softmax:OpId_129 (cycles)
301025902412,EXECUTE,14957,CYCLES,BACKEND,SUB-EVENT,_MatMul_4:OpId_132 (cycles)
301025902412,EXECUTE,0,CYCLES,BACKEND,SUB-EVENT,_Transpose_4:OpId_137 (cycles)
301025902412,EXECUTE,0,CYCLES,BACKEND,SUB-EVENT,_Reshape_5:OpId_138 (cycles)
301025902412,EXECUTE,1158,CYCLES,BACKEND,SUB-EVENT,_MatMul_5:OpId_140 (cycles)
301025902412,EXECUTE,0,CYCLES,BACKEND,SUB-EVENT,_MatMul_5_post_reshape:OpId_143 (cycles)
301025902412,EXECUTE,0,CYCLES,BACKEND,SUB-EVENT,_MatMul_5_output_0_nfc:OpId_145 (cycles)
301025902412,EXECUTE,2238,CYCLES,BACKEND,SUB-EVENT,_Add_6:OpId_147 (cycles)
301025902412,EXECUTE,0,CYCLES,BACKEND,SUB-EVENT,_Add_6_output_0_ncf:OpId_150 (cycles)
301025902412,EXECUTE,5679,CYCLES,BACKEND,SUB-EVENT,rms_norm__Mul_14_output_0:OpId_155 (cycles)
301025902412,EXECUTE,0,CYCLES,BACKEND,SUB-EVENT,_MatMul_7_pre_reshape:OpId_158 (cycles)
301025902412,EXECUTE,0,CYCLES,BACKEND,SUB-EVENT,_MatMul_6_pre_reshape:OpId_159 (cycles)
301025902412,EXECUTE,2589,CYCLES,BACKEND,SUB-EVENT,_MatMul_6:OpId_161 (cycles)
301025902412,EXECUTE,0,CYCLES,BACKEND,SUB-EVENT,_MatMul_6_post_reshape:OpId_164 (cycles)
301025902412,EXECUTE,0,CYCLES,BACKEND,SUB-EVENT,_Sigmoid:OpId_165 (cycles)
301025902412,EXECUTE,40592,CYCLES,BACKEND,SUB-EVENT,_Mul_15:OpId_172 (cycles)
301025902412,EXECUTE,2893,CYCLES,BACKEND,SUB-EVENT,_MatMul_7:OpId_175 (cycles)
301025902412,EXECUTE,0,CYCLES,BACKEND,SUB-EVENT,_MatMul_7_post_reshape:OpId_178 (cycles)
301025902412,EXECUTE,26639,CYCLES,BACKEND,SUB-EVENT,_Mul_16:OpId_179 (cycles)
301025902412,EXECUTE,0,CYCLES,BACKEND,SUB-EVENT,_MatMul_8_pre_reshape:OpId_181 (cycles)
301025902412,EXECUTE,2239,CYCLES,BACKEND,SUB-EVENT,_MatMul_8:OpId_183 (cycles)
301025902412,EXECUTE,0,CYCLES,BACKEND,SUB-EVENT,_MatMul_8_post_reshape:OpId_186 (cycles)
301025902412,EXECUTE,0,CYCLES,BACKEND,SUB-EVENT,_MatMul_8_output_0_nfc:OpId_188 (cycles)
301025902412,EXECUTE,2682,CYCLES,BACKEND,SUB-EVENT,_Add_8:OpId_190 (cycles)
301025902412,EXECUTE,10487,CYCLES,BACKEND,SUB-EVENT,hidden_out_ncf:OpId_193 (cycles)
301025902412,EXECUTE,6743,CYCLES,BACKEND,SUB-EVENT,Output OpId_3 (cycles)
301025902412,EXECUTE,6382,US,BACKEND,ROOT,Accelerator (execute) time
301025902412,EXECUTE,4511,US,BACKEND,ROOT,Accelerator (execute excluding wait) time
301025902412,EXECUTE,10876,US,BACKEND,ROOT,QNN (execute) time
301025918043,EXECUTE,10800,US,NETRUN,ROOT,Graph 0: tiny_block_prefill
301025918043,EXECUTE,4,COUNT,BACKEND,ROOT,Number of HVX threads used
301025918043,EXECUTE,10324,US,BACKEND,ROOT,RPC (execute) time
301025918043,EXECUTE,8120,US,BACKEND,ROOT,QNN accelerator (execute) time
301025918043,EXECUTE,0,COUNT,BACKEND,ROOT,Num times yield occured
301025918043,EXECUTE,7213,US,BACKEND,ROOT,Time for initial VTCM acquire
301025918043,EXECUTE,4861,US,BACKEND,ROOT,Time for HVX + HMX power on and acquire
301025918043,EXECUTE,1741204,CYCLES,BACKEND,ROOT,Accelerator (execute) time (cycles)
301025918043,EXECUTE,915,CYCLES,BACKEND,SUB-EVENT,Input OpId_2 (cycles)
301025918043,EXECUTE,0,CYCLES,BACKEND,SUB-EVENT,hidden_states_nfc:OpId_17 (cycles)
301025918043,EXECUTE,14442,CYCLES,BACKEND,SUB-EVENT,rms_norm__Mul_2_output_0:OpId_22 (cycles)
301025918043,EXECUTE,0,CYCLES,BACKEND,SUB-EVENT,_MatMul_2_pre_reshape:OpId_25 (cycles)
301025918043,EXECUTE,0,CYCLES,BACKEND,SUB-EVENT,_MatMul_1_pre_reshape:OpId_26 (cycles)
301025918043,EXECUTE,0,CYCLES,BACKEND,SUB-EVENT,_MatMul_pre_reshape:OpId_27 (cycles)
301025918043,EXECUTE,0,CYCLES,BACKEND,SUB-EVENT,_MatMul_lhs_reshape:OpId_30 (cycles)
301025918043,EXECUTE,0,CYCLES,BACKEND,SUB-EVENT,_MatMul_lhs_cast_fp16:OpId_31 (cycles)
301025918043,EXECUTE,6283,CYCLES,BACKEND,SUB-EVENT,_MatMul_pack_lhs_q13:OpId_32 (cycles)
301025918043,EXECUTE,0,CYCLES,BACKEND,SUB-EVENT,_MatMul_rhs_cast_fp16:OpId_33 (cycles)
301025918043,EXECUTE,608,CYCLES,BACKEND,SUB-EVENT,_MatMul_pack_rhs_q13:OpId_34 (cycles)
301025918043,EXECUTE,1401145,CYCLES,BACKEND,SUB-EVENT,_MatMul:OpId_35 (cycles)
301025918043,EXECUTE,0,CYCLES,BACKEND,SUB-EVENT,_MatMul_output_reshape:OpId_36 (cycles)
301025918043,EXECUTE,2076,CYCLES,BACKEND,SUB-EVENT,_MatMul_post_reshape:OpId_37 (cycles)
301025918043,EXECUTE,1896,CYCLES,BACKEND,SUB-EVENT,_Transpose:OpId_39 (cycles)
301025918043,EXECUTE,0,CYCLES,BACKEND,SUB-EVENT,_MatMul_1:OpId_42 (cycles)
301025918043,EXECUTE,0,CYCLES,BACKEND,SUB-EVENT,_MatMul_1_post_reshape:OpId_44 (cycles)
301025918043,EXECUTE,4808,CYCLES,BACKEND,SUB-EVENT,_Transpose_1:OpId_46 (cycles)
301025918043,EXECUTE,0,CYCLES,BACKEND,SUB-EVENT,_MatMul_2:OpId_49 (cycles)
301025918043,EXECUTE,0,CYCLES,BACKEND,SUB-EVENT,_MatMul_2_post_reshape:OpId_51 (cycles)
301025918043,EXECUTE,5769,CYCLES,BACKEND,SUB-EVENT,_Transpose_2:OpId_53 (cycles)
301025918043,EXECUTE,0,CYCLES,BACKEND,SUB-EVENT,_Slice:OpId_55 (cycles)
301025918043,EXECUTE,633,CYCLES,BACKEND,SUB-EVENT,_Slice_1:OpId_61 (cycles)
301025918043,EXECUTE,6653,CYCLES,BACKEND,SUB-EVENT,_Mul_3:OpId_67 (cycles)
301025918043,EXECUTE,5872,CYCLES,BACKEND,SUB-EVENT,_Mul_4:OpId_70 (cycles)
301025918043,EXECUTE,838,CYCLES,BACKEND,SUB-EVENT,_Sub:OpId_72 (cycles)
301025918043,EXECUTE,4989,CYCLES,BACKEND,SUB-EVENT,_Mul_5:OpId_74 (cycles)
301025918043,EXECUTE,6548,CYCLES,BACKEND,SUB-EVENT,_Mul_6:OpId_76 (cycles)
301025918043,EXECUTE,2554,CYCLES,BACKEND,SUB-EVENT,_Add_4:OpId_78 (cycles)
301025918043,EXECUTE,1171,CYCLES,BACKEND,SUB-EVENT,_Concat:OpId_80 (cycles)
301025918043,EXECUTE,0,CYCLES,BACKEND,SUB-EVENT,_Slice_2:OpId_83 (cycles)
301025918043,EXECUTE,1033,CYCLES,BACKEND,SUB-EVENT,_Slice_3:OpId_89 (cycles)
301025918043,EXECUTE,7261,CYCLES,BACKEND,SUB-EVENT,_Mul_7:OpId_94 (cycles)
301025918043,EXECUTE,6233,CYCLES,BACKEND,SUB-EVENT,_Mul_8:OpId_96 (cycles)
301025918043,EXECUTE,838,CYCLES,BACKEND,SUB-EVENT,_Sub_1:OpId_98 (cycles)
301025918043,EXECUTE,6185,CYCLES,BACKEND,SUB-EVENT,_Mul_9:OpId_100 (cycles)
301025918043,EXECUTE,7217,CYCLES,BACKEND,SUB-EVENT,_Mul_10:OpId_102 (cycles)
301025918043,EXECUTE,396,CYCLES,BACKEND,SUB-EVENT,_Add_5:OpId_104 (cycles)
301025918043,EXECUTE,2388,CYCLES,BACKEND,SUB-EVENT,_Concat_1:OpId_106 (cycles)
301025918043,EXECUTE,0,CYCLES,BACKEND,SUB-EVENT,_Unsqueeze_4:OpId_108 (cycles)
301025918043,EXECUTE,2022,CYCLES,BACKEND,SUB-EVENT,_Tile:OpId_110 (cycles)
301025918043,EXECUTE,0,CYCLES,BACKEND,SUB-EVENT,_Reshape_3:OpId_111 (cycles)
301025918043,EXECUTE,0,CYCLES,BACKEND,SUB-EVENT,_Unsqueeze_5:OpId_112 (cycles)
301025918043,EXECUTE,2122,CYCLES,BACKEND,SUB-EVENT,_Tile_1:OpId_114 (cycles)
301025918043,EXECUTE,0,CYCLES,BACKEND,SUB-EVENT,_Reshape_4:OpId_115 (cycles)
301025918043,EXECUTE,0,CYCLES,BACKEND,SUB-EVENT,_Transpose_3:OpId_117 (cycles)
301025918043,EXECUTE,51347,CYCLES,BACKEND,SUB-EVENT,_MatMul_3:OpId_118 (cycles)
301025918043,EXECUTE,25169,CYCLES,BACKEND,SUB-EVENT,_Mul_11:OpId_123 (cycles)
301025918043,EXECUTE,0,CYCLES,BACKEND,SUB-EVENT,_Unsqueeze_7_output_0_cast_to_bool:OpId_126 (cycles)
301025918043,EXECUTE,22952,CYCLES,BACKEND,SUB-EVENT,_Where:OpId_128 (cycles)
301025918043,EXECUTE,19518,CYCLES,BACKEND,SUB-EVENT,_Softmax:OpId_129 (cycles)
301025918043,EXECUTE,14237,CYCLES,BACKEND,SUB-EVENT,_MatMul_4:OpId_132 (cycles)
301025918043,EXECUTE,0,CYCLES,BACKEND,SUB-EVENT,_Transpose_4:OpId_137 (cycles)
301025918043,EXECUTE,0,CYCLES,BACKEND,SUB-EVENT,_Reshape_5:OpId_138 (cycles)
301025918043,EXECUTE,1073,CYCLES,BACKEND,SUB-EVENT,_MatMul_5:OpId_140 (cycles)
301025918043,EXECUTE,0,CYCLES,BACKEND,SUB-EVENT,_MatMul_5_post_reshape:OpId_143 (cycles)
301025918043,EXECUTE,0,CYCLES,BACKEND,SUB-EVENT,_MatMul_5_output_0_nfc:OpId_145 (cycles)
301025918043,EXECUTE,2315,CYCLES,BACKEND,SUB-EVENT,_Add_6:OpId_147 (cycles)
301025918043,EXECUTE,0,CYCLES,BACKEND,SUB-EVENT,_Add_6_output_0_ncf:OpId_150 (cycles)
301025918043,EXECUTE,5685,CYCLES,BACKEND,SUB-EVENT,rms_norm__Mul_14_output_0:OpId_155 (cycles)
301025918043,EXECUTE,0,CYCLES,BACKEND,SUB-EVENT,_MatMul_7_pre_reshape:OpId_158 (cycles)
301025918043,EXECUTE,0,CYCLES,BACKEND,SUB-EVENT,_MatMul_6_pre_reshape:OpId_159 (cycles)
301025918043,EXECUTE,2538,CYCLES,BACKEND,SUB-EVENT,_MatMul_6:OpId_161 (cycles)
301025918043,EXECUTE,0,CYCLES,BACKEND,SUB-EVENT,_MatMul_6_post_reshape:OpId_164 (cycles)
301025918043,EXECUTE,0,CYCLES,BACKEND,SUB-EVENT,_Sigmoid:OpId_165 (cycles)
301025918043,EXECUTE,41614,CYCLES,BACKEND,SUB-EVENT,_Mul_15:OpId_172 (cycles)
301025918043,EXECUTE,2805,CYCLES,BACKEND,SUB-EVENT,_MatMul_7:OpId_175 (cycles)
301025918043,EXECUTE,0,CYCLES,BACKEND,SUB-EVENT,_MatMul_7_post_reshape:OpId_178 (cycles)
301025918043,EXECUTE,28772,CYCLES,BACKEND,SUB-EVENT,_Mul_16:OpId_179 (cycles)
301025918043,EXECUTE,0,CYCLES,BACKEND,SUB-EVENT,_MatMul_8_pre_reshape:OpId_181 (cycles)
301025918043,EXECUTE,2197,CYCLES,BACKEND,SUB-EVENT,_MatMul_8:OpId_183 (cycles)
301025918043,EXECUTE,0,CYCLES,BACKEND,SUB-EVENT,_MatMul_8_post_reshape:OpId_186 (cycles)
301025918043,EXECUTE,0,CYCLES,BACKEND,SUB-EVENT,_MatMul_8_output_0_nfc:OpId_188 (cycles)
301025918043,EXECUTE,2695,CYCLES,BACKEND,SUB-EVENT,_Add_8:OpId_190 (cycles)
301025918043,EXECUTE,8648,CYCLES,BACKEND,SUB-EVENT,hidden_out_ncf:OpId_193 (cycles)
301025918043,EXECUTE,6744,CYCLES,BACKEND,SUB-EVENT,Output OpId_3 (cycles)
301025918043,EXECUTE,6283,US,BACKEND,ROOT,Accelerator (execute) time
301025918043,EXECUTE,4473,US,BACKEND,ROOT,Accelerator (execute excluding wait) time
301025918043,EXECUTE,10753,US,BACKEND,ROOT,QNN (execute) time
301025933410,EXECUTE,10811,US,NETRUN,ROOT,Graph 0: tiny_block_prefill
301025933410,EXECUTE,4,COUNT,BACKEND,ROOT,Number of HVX threads used
301025933410,EXECUTE,10335,US,BACKEND,ROOT,RPC (execute) time
301025933410,EXECUTE,8127,US,BACKEND,ROOT,QNN accelerator (execute) time
301025933410,EXECUTE,0,COUNT,BACKEND,ROOT,Num times yield occured
301025933410,EXECUTE,7008,US,BACKEND,ROOT,Time for initial VTCM acquire
301025933410,EXECUTE,4713,US,BACKEND,ROOT,Time for HVX + HMX power on and acquire
301025933410,EXECUTE,1752130,CYCLES,BACKEND,ROOT,Accelerator (execute) time (cycles)
301025933410,EXECUTE,1019,CYCLES,BACKEND,SUB-EVENT,Input OpId_2 (cycles)
301025933410,EXECUTE,0,CYCLES,BACKEND,SUB-EVENT,hidden_states_nfc:OpId_17 (cycles)
301025933410,EXECUTE,14697,CYCLES,BACKEND,SUB-EVENT,rms_norm__Mul_2_output_0:OpId_22 (cycles)
301025933410,EXECUTE,0,CYCLES,BACKEND,SUB-EVENT,_MatMul_2_pre_reshape:OpId_25 (cycles)
301025933410,EXECUTE,0,CYCLES,BACKEND,SUB-EVENT,_MatMul_1_pre_reshape:OpId_26 (cycles)
301025933410,EXECUTE,0,CYCLES,BACKEND,SUB-EVENT,_MatMul_pre_reshape:OpId_27 (cycles)
301025933410,EXECUTE,0,CYCLES,BACKEND,SUB-EVENT,_MatMul_lhs_reshape:OpId_30 (cycles)
301025933410,EXECUTE,0,CYCLES,BACKEND,SUB-EVENT,_MatMul_lhs_cast_fp16:OpId_31 (cycles)
301025933410,EXECUTE,7390,CYCLES,BACKEND,SUB-EVENT,_MatMul_pack_lhs_q13:OpId_32 (cycles)
301025933410,EXECUTE,0,CYCLES,BACKEND,SUB-EVENT,_MatMul_rhs_cast_fp16:OpId_33 (cycles)
301025933410,EXECUTE,289,CYCLES,BACKEND,SUB-EVENT,_MatMul_pack_rhs_q13:OpId_34 (cycles)
301025933410,EXECUTE,1400480,CYCLES,BACKEND,SUB-EVENT,_MatMul:OpId_35 (cycles)
301025933410,EXECUTE,0,CYCLES,BACKEND,SUB-EVENT,_MatMul_output_reshape:OpId_36 (cycles)
301025933410,EXECUTE,2068,CYCLES,BACKEND,SUB-EVENT,_MatMul_post_reshape:OpId_37 (cycles)
301025933410,EXECUTE,2115,CYCLES,BACKEND,SUB-EVENT,_Transpose:OpId_39 (cycles)
301025933410,EXECUTE,0,CYCLES,BACKEND,SUB-EVENT,_MatMul_1:OpId_42 (cycles)
301025933410,EXECUTE,0,CYCLES,BACKEND,SUB-EVENT,_MatMul_1_post_reshape:OpId_44 (cycles)
301025933410,EXECUTE,3685,CYCLES,BACKEND,SUB-EVENT,_Transpose_1:OpId_46 (cycles)
301025933410,EXECUTE,0,CYCLES,BACKEND,SUB-EVENT,_MatMul_2:OpId_49 (cycles)
301025933410,EXECUTE,0,CYCLES,BACKEND,SUB-EVENT,_MatMul_2_post_reshape:OpId_51 (cycles)
301025933410,EXECUTE,6264,CYCLES,BACKEND,SUB-EVENT,_Transpose_2:OpId_53 (cycles)
301025933410,EXECUTE,0,CYCLES,BACKEND,SUB-EVENT,_Slice:OpId_55 (cycles)
301025933410,EXECUTE,624,CYCLES,BACKEND,SUB-EVENT,_Slice_1:OpId_61 (cycles)
301025933410,EXECUTE,6922,CYCLES,BACKEND,SUB-EVENT,_Mul_3:OpId_67 (cycles)
301025933410,EXECUTE,5156,CYCLES,BACKEND,SUB-EVENT,_Mul_4:OpId_70 (cycles)
301025933410,EXECUTE,815,CYCLES,BACKEND,SUB-EVENT,_Sub:OpId_72 (cycles)
301025933410,EXECUTE,4955,CYCLES,BACKEND,SUB-EVENT,_Mul_5:OpId_74 (cycles)
301025933410,EXECUTE,6040,CYCLES,BACKEND,SUB-EVENT,_Mul_6:OpId_76 (cycles)
301025933410,EXECUTE,1490,CYCLES,BACKEND,SUB-EVENT,_Add_4:OpId_78 (cycles)
301025933410,EXECUTE,1704,CYCLES,BACKEND,SUB-EVENT,_Concat:OpId_80 (cycles)
301025933410,EXECUTE,0,CYCLES,BACKEND,SUB-EVENT,_Slice_2:OpId_83 (cycles)
301025933410,EXECUTE,1165,CYCLES,BACKEND,SUB-EVENT,_Slice_3:OpId_89 (cycles)
301025933410,EXECUTE,8312,CYCLES,BACKEND,SUB-EVENT,_Mul_7:OpId_94 (cycles)
301025933410,EXECUTE,7144,CYCLES,BACKEND,SUB-EVENT,_Mul_8:OpId_96 (cycles)
301025933410,EXECUTE,825,CYCLES,BACKEND,SUB-EVENT,_Sub_1:OpId_98 (cycles)
301025933410,EXECUTE,7109,CYCLES,BACKEND,SUB-EVENT,_Mul_9:OpId_100 (cycles)
301025933410,EXECUTE,8241,CYCLES,BACKEND,SUB-EVENT,_Mul_10:OpId_102 (cycles)
301025933410,EXECUTE,862,CYCLES,BACKEND,SUB-EVENT,_Add_5:OpId_104 (cycles)
301025933410,EXECUTE,2421,CYCLES,BACKEND,SUB-EVENT,_Concat_1:OpId_106 (cycles)
301025933410,EXECUTE,0,CYCLES,BACKEND,SUB-EVENT,_Unsqueeze_4:OpId_108 (cycles)
301025933410,EXECUTE,2090,CYCLES,BACKEND,SUB-EVENT,_Tile:OpId_110 (cycles)
301025933410,EXECUTE,0,CYCLES,BACKEND,SUB-EVENT,_Reshape_3:OpId_111 (cycles)
301025933410,EXECUTE,0,CYCLES,BACKEND,SUB-EVENT,_Unsqueeze_5:OpId_112 (cycles)
301025933410,EXECUTE,1617,CYCLES,BACKEND,SUB-EVENT,_Tile_1:OpId_114 (cycles)
301025933410,EXECUTE,0,CYCLES,BACKEND,SUB-EVENT,_Reshape_4:OpId_115 (cycles)
301025933410,EXECUTE,0,CYCLES,BACKEND,SUB-EVENT,_Transpose_3:OpId_117 (cycles)
301025933410,EXECUTE,53120,CYCLES,BACKEND,SUB-EVENT,_MatMul_3:OpId_118 (cycles)
301025933410,EXECUTE,30476,CYCLES,BACKEND,SUB-EVENT,_Mul_11:OpId_123 (cycles)
301025933410,EXECUTE,0,CYCLES,BACKEND,SUB-EVENT,_Unsqueeze_7_output_0_cast_to_bool:OpId_126 (cycles)
301025933410,EXECUTE,22078,CYCLES,BACKEND,SUB-EVENT,_Where:OpId_128 (cycles)
301025933410,EXECUTE,17387,CYCLES,BACKEND,SUB-EVENT,_Softmax:OpId_129 (cycles)
301025933410,EXECUTE,16833,CYCLES,BACKEND,SUB-EVENT,_MatMul_4:OpId_132 (cycles)
301025933410,EXECUTE,0,CYCLES,BACKEND,SUB-EVENT,_Transpose_4:OpId_137 (cycles)
301025933410,EXECUTE,0,CYCLES,BACKEND,SUB-EVENT,_Reshape_5:OpId_138 (cycles)
301025933410,EXECUTE,1329,CYCLES,BACKEND,SUB-EVENT,_MatMul_5:OpId_140 (cycles)
301025933410,EXECUTE,0,CYCLES,BACKEND,SUB-EVENT,_MatMul_5_post_reshape:OpId_143 (cycles)
301025933410,EXECUTE,0,CYCLES,BACKEND,SUB-EVENT,_MatMul_5_output_0_nfc:OpId_145 (cycles)
301025933410,EXECUTE,2031,CYCLES,BACKEND,SUB-EVENT,_Add_6:OpId_147 (cycles)
301025933410,EXECUTE,0,CYCLES,BACKEND,SUB-EVENT,_Add_6_output_0_ncf:OpId_150 (cycles)
301025933410,EXECUTE,5663,CYCLES,BACKEND,SUB-EVENT,rms_norm__Mul_14_output_0:OpId_155 (cycles)
301025933410,EXECUTE,0,CYCLES,BACKEND,SUB-EVENT,_MatMul_7_pre_reshape:OpId_158 (cycles)
301025933410,EXECUTE,0,CYCLES,BACKEND,SUB-EVENT,_MatMul_6_pre_reshape:OpId_159 (cycles)
301025933410,EXECUTE,4944,CYCLES,BACKEND,SUB-EVENT,_MatMul_6:OpId_161 (cycles)
301025933410,EXECUTE,0,CYCLES,BACKEND,SUB-EVENT,_MatMul_6_post_reshape:OpId_164 (cycles)
301025933410,EXECUTE,0,CYCLES,BACKEND,SUB-EVENT,_Sigmoid:OpId_165 (cycles)
301025933410,EXECUTE,41329,CYCLES,BACKEND,SUB-EVENT,_Mul_15:OpId_172 (cycles)
301025933410,EXECUTE,2874,CYCLES,BACKEND,SUB-EVENT,_MatMul_7:OpId_175 (cycles)
301025933410,EXECUTE,0,CYCLES,BACKEND,SUB-EVENT,_MatMul_7_post_reshape:OpId_178 (cycles)
301025933410,EXECUTE,30568,CYCLES,BACKEND,SUB-EVENT,_Mul_16:OpId_179 (cycles)
301025933410,EXECUTE,0,CYCLES,BACKEND,SUB-EVENT,_MatMul_8_pre_reshape:OpId_181 (cycles)
301025933410,EXECUTE,2203,CYCLES,BACKEND,SUB-EVENT,_MatMul_8:OpId_183 (cycles)
301025933410,EXECUTE,0,CYCLES,BACKEND,SUB-EVENT,_MatMul_8_post_reshape:OpId_186 (cycles)
301025933410,EXECUTE,0,CYCLES,BACKEND,SUB-EVENT,_MatMul_8_output_0_nfc:OpId_188 (cycles)
301025933410,EXECUTE,2741,CYCLES,BACKEND,SUB-EVENT,_Add_8:OpId_190 (cycles)
301025933410,EXECUTE,6318,CYCLES,BACKEND,SUB-EVENT,hidden_out_ncf:OpId_193 (cycles)
301025933410,EXECUTE,6737,CYCLES,BACKEND,SUB-EVENT,Output OpId_3 (cycles)
301025933410,EXECUTE,6281,US,BACKEND,ROOT,Accelerator (execute) time
301025933410,EXECUTE,4482,US,BACKEND,ROOT,Accelerator (execute excluding wait) time
301025933410,EXECUTE,10762,US,BACKEND,ROOT,QNN (execute) time
301025949010,EXECUTE,10952,US,NETRUN,ROOT,Graph 0: tiny_block_prefill
301025949010,EXECUTE,4,COUNT,BACKEND,ROOT,Number of HVX threads used
301025949010,EXECUTE,10302,US,BACKEND,ROOT,RPC (execute) time
301025949010,EXECUTE,8106,US,BACKEND,ROOT,QNN accelerator (execute) time
301025949010,EXECUTE,0,COUNT,BACKEND,ROOT,Num times yield occured
301025949010,EXECUTE,7019,US,BACKEND,ROOT,Time for initial VTCM acquire
301025949010,EXECUTE,4548,US,BACKEND,ROOT,Time for HVX + HMX power on and acquire
301025949010,EXECUTE,1759237,CYCLES,BACKEND,ROOT,Accelerator (execute) time (cycles)
301025949010,EXECUTE,3547,CYCLES,BACKEND,SUB-EVENT,Input OpId_2 (cycles)
301025949010,EXECUTE,0,CYCLES,BACKEND,SUB-EVENT,hidden_states_nfc:OpId_17 (cycles)
301025949010,EXECUTE,24433,CYCLES,BACKEND,SUB-EVENT,rms_norm__Mul_2_output_0:OpId_22 (cycles)
301025949010,EXECUTE,0,CYCLES,BACKEND,SUB-EVENT,_MatMul_2_pre_reshape:OpId_25 (cycles)
301025949010,EXECUTE,0,CYCLES,BACKEND,SUB-EVENT,_MatMul_1_pre_reshape:OpId_26 (cycles)
301025949010,EXECUTE,0,CYCLES,BACKEND,SUB-EVENT,_MatMul_pre_reshape:OpId_27 (cycles)
301025949010,EXECUTE,0,CYCLES,BACKEND,SUB-EVENT,_MatMul_lhs_reshape:OpId_30 (cycles)
301025949010,EXECUTE,0,CYCLES,BACKEND,SUB-EVENT,_MatMul_lhs_cast_fp16:OpId_31 (cycles)
301025949010,EXECUTE,6375,CYCLES,BACKEND,SUB-EVENT,_MatMul_pack_lhs_q13:OpId_32 (cycles)
301025949010,EXECUTE,0,CYCLES,BACKEND,SUB-EVENT,_MatMul_rhs_cast_fp16:OpId_33 (cycles)
301025949010,EXECUTE,311,CYCLES,BACKEND,SUB-EVENT,_MatMul_pack_rhs_q13:OpId_34 (cycles)
301025949010,EXECUTE,1400294,CYCLES,BACKEND,SUB-EVENT,_MatMul:OpId_35 (cycles)
301025949010,EXECUTE,0,CYCLES,BACKEND,SUB-EVENT,_MatMul_output_reshape:OpId_36 (cycles)
301025949010,EXECUTE,2401,CYCLES,BACKEND,SUB-EVENT,_MatMul_post_reshape:OpId_37 (cycles)
301025949010,EXECUTE,1896,CYCLES,BACKEND,SUB-EVENT,_Transpose:OpId_39 (cycles)
301025949010,EXECUTE,0,CYCLES,BACKEND,SUB-EVENT,_MatMul_1:OpId_42 (cycles)
301025949010,EXECUTE,0,CYCLES,BACKEND,SUB-EVENT,_MatMul_1_post_reshape:OpId_44 (cycles)
301025949010,EXECUTE,4520,CYCLES,BACKEND,SUB-EVENT,_Transpose_1:OpId_46 (cycles)
301025949010,EXECUTE,0,CYCLES,BACKEND,SUB-EVENT,_MatMul_2:OpId_49 (cycles)
301025949010,EXECUTE,0,CYCLES,BACKEND,SUB-EVENT,_MatMul_2_post_reshape:OpId_51 (cycles)
301025949010,EXECUTE,6882,CYCLES,BACKEND,SUB-EVENT,_Transpose_2:OpId_53 (cycles)
301025949010,EXECUTE,0,CYCLES,BACKEND,SUB-EVENT,_Slice:OpId_55 (cycles)
301025949010,EXECUTE,625,CYCLES,BACKEND,SUB-EVENT,_Slice_1:OpId_61 (cycles)
301025949010,EXECUTE,7657,CYCLES,BACKEND,SUB-EVENT,_Mul_3:OpId_67 (cycles)
301025949010,EXECUTE,5912,CYCLES,BACKEND,SUB-EVENT,_Mul_4:OpId_70 (cycles)
301025949010,EXECUTE,832,CYCLES,BACKEND,SUB-EVENT,_Sub:OpId_72 (cycles)
301025949010,EXECUTE,5627,CYCLES,BACKEND,SUB-EVENT,_Mul_5:OpId_74 (cycles)
301025949010,EXECUTE,6592,CYCLES,BACKEND,SUB-EVENT,_Mul_6:OpId_76 (cycles)
301025949010,EXECUTE,1268,CYCLES,BACKEND,SUB-EVENT,_Add_4:OpId_78 (cycles)
301025949010,EXECUTE,1290,CYCLES,BACKEND,SUB-EVENT,_Concat:OpId_80 (cycles)
301025949010,EXECUTE,0,CYCLES,BACKEND,SUB-EVENT,_Slice_2:OpId_83 (cycles)
301025949010,EXECUTE,1424,CYCLES,BACKEND,SUB-EVENT,_Slice_3:OpId_89 (cycles)
301025949010,EXECUTE,7500,CYCLES,BACKEND,SUB-EVENT,_Mul_7:OpId_94 (cycles)
301025949010,EXECUTE,6072,CYCLES,BACKEND,SUB-EVENT,_Mul_8:OpId_96 (cycles)
301025949010,EXECUTE,832,CYCLES,BACKEND,SUB-EVENT,_Sub_1:OpId_98 (cycles)
301025949010,EXECUTE,6038,CYCLES,BACKEND,SUB-EVENT,_Mul_9:OpId_100 (cycles)
301025949010,EXECUTE,7486,CYCLES,BACKEND,SUB-EVENT,_Mul_10:OpId_102 (cycles)
301025949010,EXECUTE,392,CYCLES,BACKEND,SUB-EVENT,_Add_5:OpId_104 (cycles)
301025949010,EXECUTE,2354,CYCLES,BACKEND,SUB-EVENT,_Concat_1:OpId_106 (cycles)
301025949010,EXECUTE,0,CYCLES,BACKEND,SUB-EVENT,_Unsqueeze_4:OpId_108 (cycles)
301025949010,EXECUTE,2015,CYCLES,BACKEND,SUB-EVENT,_Tile:OpId_110 (cycles)
301025949010,EXECUTE,0,CYCLES,BACKEND,SUB-EVENT,_Reshape_3:OpId_111 (cycles)
301025949010,EXECUTE,0,CYCLES,BACKEND,SUB-EVENT,_Unsqueeze_5:OpId_112 (cycles)
301025949010,EXECUTE,2733,CYCLES,BACKEND,SUB-EVENT,_Tile_1:OpId_114 (cycles)
301025949010,EXECUTE,0,CYCLES,BACKEND,SUB-EVENT,_Reshape_4:OpId_115 (cycles)
301025949010,EXECUTE,0,CYCLES,BACKEND,SUB-EVENT,_Transpose_3:OpId_117 (cycles)
301025949010,EXECUTE,34166,CYCLES,BACKEND,SUB-EVENT,_MatMul_3:OpId_118 (cycles)
301025949010,EXECUTE,16890,CYCLES,BACKEND,SUB-EVENT,_Mul_11:OpId_123 (cycles)
301025949010,EXECUTE,0,CYCLES,BACKEND,SUB-EVENT,_Unsqueeze_7_output_0_cast_to_bool:OpId_126 (cycles)
301025949010,EXECUTE,22095,CYCLES,BACKEND,SUB-EVENT,_Where:OpId_128 (cycles)
301025949010,EXECUTE,17910,CYCLES,BACKEND,SUB-EVENT,_Softmax:OpId_129 (cycles)
301025949010,EXECUTE,17762,CYCLES,BACKEND,SUB-EVENT,_MatMul_4:OpId_132 (cycles)
301025949010,EXECUTE,0,CYCLES,BACKEND,SUB-EVENT,_Transpose_4:OpId_137 (cycles)
301025949010,EXECUTE,0,CYCLES,BACKEND,SUB-EVENT,_Reshape_5:OpId_138 (cycles)
301025949010,EXECUTE,1156,CYCLES,BACKEND,SUB-EVENT,_MatMul_5:OpId_140 (cycles)
301025949010,EXECUTE,0,CYCLES,BACKEND,SUB-EVENT,_MatMul_5_post_reshape:OpId_143 (cycles)
301025949010,EXECUTE,0,CYCLES,BACKEND,SUB-EVENT,_MatMul_5_output_0_nfc:OpId_145 (cycles)
301025949010,EXECUTE,1114,CYCLES,BACKEND,SUB-EVENT,_Add_6:OpId_147 (cycles)
301025949010,EXECUTE,0,CYCLES,BACKEND,SUB-EVENT,_Add_6_output_0_ncf:OpId_150 (cycles)
301025949010,EXECUTE,5685,CYCLES,BACKEND,SUB-EVENT,rms_norm__Mul_14_output_0:OpId_155 (cycles)
301025949010,EXECUTE,0,CYCLES,BACKEND,SUB-EVENT,_MatMul_7_pre_reshape:OpId_158 (cycles)
301025949010,EXECUTE,0,CYCLES,BACKEND,SUB-EVENT,_MatMul_6_pre_reshape:OpId_159 (cycles)
301025949010,EXECUTE,14948,CYCLES,BACKEND,SUB-EVENT,_MatMul_6:OpId_161 (cycles)
301025949010,EXECUTE,0,CYCLES,BACKEND,SUB-EVENT,_MatMul_6_post_reshape:OpId_164 (cycles)
301025949010,EXECUTE,0,CYCLES,BACKEND,SUB-EVENT,_Sigmoid:OpId_165 (cycles)
301025949010,EXECUTE,45713,CYCLES,BACKEND,SUB-EVENT,_Mul_15:OpId_172 (cycles)
301025949010,EXECUTE,2916,CYCLES,BACKEND,SUB-EVENT,_MatMul_7:OpId_175 (cycles)
301025949010,EXECUTE,0,CYCLES,BACKEND,SUB-EVENT,_MatMul_7_post_reshape:OpId_178 (cycles)
301025949010,EXECUTE,31664,CYCLES,BACKEND,SUB-EVENT,_Mul_16:OpId_179 (cycles)
301025949010,EXECUTE,0,CYCLES,BACKEND,SUB-EVENT,_MatMul_8_pre_reshape:OpId_181 (cycles)
301025949010,EXECUTE,5277,CYCLES,BACKEND,SUB-EVENT,_MatMul_8:OpId_183 (cycles)
301025949010,EXECUTE,0,CYCLES,BACKEND,SUB-EVENT,_MatMul_8_post_reshape:OpId_186 (cycles)
301025949010,EXECUTE,0,CYCLES,BACKEND,SUB-EVENT,_MatMul_8_output_0_nfc:OpId_188 (cycles)
301025949010,EXECUTE,2684,CYCLES,BACKEND,SUB-EVENT,_Add_8:OpId_190 (cycles)
301025949010,EXECUTE,6813,CYCLES,BACKEND,SUB-EVENT,hidden_out_ncf:OpId_193 (cycles)
301025949010,EXECUTE,15136,CYCLES,BACKEND,SUB-EVENT,Output OpId_3 (cycles)
301025949010,EXECUTE,6268,US,BACKEND,ROOT,Accelerator (execute) time
301025949010,EXECUTE,4485,US,BACKEND,ROOT,Accelerator (execute excluding wait) time
301025949010,EXECUTE,10903,US,BACKEND,ROOT,QNN (execute) time
301025964734,EXECUTE,10866,US,NETRUN,ROOT,Graph 0: tiny_block_prefill
301025964734,EXECUTE,4,COUNT,BACKEND,ROOT,Number of HVX threads used
301025964734,EXECUTE,10337,US,BACKEND,ROOT,RPC (execute) time
301025964734,EXECUTE,8132,US,BACKEND,ROOT,QNN accelerator (execute) time
301025964734,EXECUTE,0,COUNT,BACKEND,ROOT,Num times yield occured
301025964734,EXECUTE,7025,US,BACKEND,ROOT,Time for initial VTCM acquire
301025964734,EXECUTE,4732,US,BACKEND,ROOT,Time for HVX + HMX power on and acquire
301025964734,EXECUTE,1751673,CYCLES,BACKEND,ROOT,Accelerator (execute) time (cycles)
301025964734,EXECUTE,1167,CYCLES,BACKEND,SUB-EVENT,Input OpId_2 (cycles)
301025964734,EXECUTE,0,CYCLES,BACKEND,SUB-EVENT,hidden_states_nfc:OpId_17 (cycles)
301025964734,EXECUTE,15920,CYCLES,BACKEND,SUB-EVENT,rms_norm__Mul_2_output_0:OpId_22 (cycles)
301025964734,EXECUTE,0,CYCLES,BACKEND,SUB-EVENT,_MatMul_2_pre_reshape:OpId_25 (cycles)
301025964734,EXECUTE,0,CYCLES,BACKEND,SUB-EVENT,_MatMul_1_pre_reshape:OpId_26 (cycles)
301025964734,EXECUTE,0,CYCLES,BACKEND,SUB-EVENT,_MatMul_pre_reshape:OpId_27 (cycles)
301025964734,EXECUTE,0,CYCLES,BACKEND,SUB-EVENT,_MatMul_lhs_reshape:OpId_30 (cycles)
301025964734,EXECUTE,0,CYCLES,BACKEND,SUB-EVENT,_MatMul_lhs_cast_fp16:OpId_31 (cycles)
301025964734,EXECUTE,7308,CYCLES,BACKEND,SUB-EVENT,_MatMul_pack_lhs_q13:OpId_32 (cycles)
301025964734,EXECUTE,0,CYCLES,BACKEND,SUB-EVENT,_MatMul_rhs_cast_fp16:OpId_33 (cycles)
301025964734,EXECUTE,281,CYCLES,BACKEND,SUB-EVENT,_MatMul_pack_rhs_q13:OpId_34 (cycles)
301025964734,EXECUTE,1406756,CYCLES,BACKEND,SUB-EVENT,_MatMul:OpId_35 (cycles)
301025964734,EXECUTE,0,CYCLES,BACKEND,SUB-EVENT,_MatMul_output_reshape:OpId_36 (cycles)
301025964734,EXECUTE,2090,CYCLES,BACKEND,SUB-EVENT,_MatMul_post_reshape:OpId_37 (cycles)
301025964734,EXECUTE,2358,CYCLES,BACKEND,SUB-EVENT,_Transpose:OpId_39 (cycles)
301025964734,EXECUTE,0,CYCLES,BACKEND,SUB-EVENT,_MatMul_1:OpId_42 (cycles)
301025964734,EXECUTE,0,CYCLES,BACKEND,SUB-EVENT,_MatMul_1_post_reshape:OpId_44 (cycles)
301025964734,EXECUTE,4391,CYCLES,BACKEND,SUB-EVENT,_Transpose_1:OpId_46 (cycles)
301025964734,EXECUTE,0,CYCLES,BACKEND,SUB-EVENT,_MatMul_2:OpId_49 (cycles)
301025964734,EXECUTE,0,CYCLES,BACKEND,SUB-EVENT,_MatMul_2_post_reshape:OpId_51 (cycles)
301025964734,EXECUTE,8271,CYCLES,BACKEND,SUB-EVENT,_Transpose_2:OpId_53 (cycles)
301025964734,EXECUTE,0,CYCLES,BACKEND,SUB-EVENT,_Slice:OpId_55 (cycles)
301025964734,EXECUTE,650,CYCLES,BACKEND,SUB-EVENT,_Slice_1:OpId_61 (cycles)
301025964734,EXECUTE,7027,CYCLES,BACKEND,SUB-EVENT,_Mul_3:OpId_67 (cycles)
301025964734,EXECUTE,5310,CYCLES,BACKEND,SUB-EVENT,_Mul_4:OpId_70 (cycles)
301025964734,EXECUTE,822,CYCLES,BACKEND,SUB-EVENT,_Sub:OpId_72 (cycles)
301025964734,EXECUTE,4745,CYCLES,BACKEND,SUB-EVENT,_Mul_5:OpId_74 (cycles)
301025964734,EXECUTE,6274,CYCLES,BACKEND,SUB-EVENT,_Mul_6:OpId_76 (cycles)
301025964734,EXECUTE,1460,CYCLES,BACKEND,SUB-EVENT,_Add_4:OpId_78 (cycles)
301025964734,EXECUTE,1320,CYCLES,BACKEND,SUB-EVENT,_Concat:OpId_80 (cycles)
301025964734,EXECUTE,0,CYCLES,BACKEND,SUB-EVENT,_Slice_2:OpId_83 (cycles)
301025964734,EXECUTE,1136,CYCLES,BACKEND,SUB-EVENT,_Slice_3:OpId_89 (cycles)
301025964734,EXECUTE,7942,CYCLES,BACKEND,SUB-EVENT,_Mul_7:OpId_94 (cycles)
301025964734,EXECUTE,6749,CYCLES,BACKEND,SUB-EVENT,_Mul_8:OpId_96 (cycles)
301025964734,EXECUTE,826,CYCLES,BACKEND,SUB-EVENT,_Sub_1:OpId_98 (cycles)
301025964734,EXECUTE,6717,CYCLES,BACKEND,SUB-EVENT,_Mul_9:OpId_100 (cycles)
301025964734,EXECUTE,7876,CYCLES,BACKEND,SUB-EVENT,_Mul_10:OpId_102 (cycles)
301025964734,EXECUTE,911,CYCLES,BACKEND,SUB-EVENT,_Add_5:OpId_104 (cycles)
301025964734,EXECUTE,2508,CYCLES,BACKEND,SUB-EVENT,_Concat_1:OpId_106 (cycles)
301025964734,EXECUTE,0,CYCLES,BACKEND,SUB-EVENT,_Unsqueeze_4:OpId_108 (cycles)
301025964734,EXECUTE,1853,CYCLES,BACKEND,SUB-EVENT,_Tile:OpId_110 (cycles)
301025964734,EXECUTE,0,CYCLES,BACKEND,SUB-EVENT,_Reshape_3:OpId_111 (cycles)
301025964734,EXECUTE,0,CYCLES,BACKEND,SUB-EVENT,_Unsqueeze_5:OpId_112 (cycles)
301025964734,EXECUTE,2859,CYCLES,BACKEND,SUB-EVENT,_Tile_1:OpId_114 (cycles)
301025964734,EXECUTE,0,CYCLES,BACKEND,SUB-EVENT,_Reshape_4:OpId_115 (cycles)
301025964734,EXECUTE,0,CYCLES,BACKEND,SUB-EVENT,_Transpose_3:OpId_117 (cycles)
301025964734,EXECUTE,50244,CYCLES,BACKEND,SUB-EVENT,_MatMul_3:OpId_118 (cycles)
301025964734,EXECUTE,22364,CYCLES,BACKEND,SUB-EVENT,_Mul_11:OpId_123 (cycles)
301025964734,EXECUTE,0,CYCLES,BACKEND,SUB-EVENT,_Unsqueeze_7_output_0_cast_to_bool:OpId_126 (cycles)
301025964734,EXECUTE,21474,CYCLES,BACKEND,SUB-EVENT,_Where:OpId_128 (cycles)
301025964734,EXECUTE,20088,CYCLES,BACKEND,SUB-EVENT,_Softmax:OpId_129 (cycles)
301025964734,EXECUTE,17346,CYCLES,BACKEND,SUB-EVENT,_MatMul_4:OpId_132 (cycles)
301025964734,EXECUTE,0,CYCLES,BACKEND,SUB-EVENT,_Transpose_4:OpId_137 (cycles)
301025964734,EXECUTE,0,CYCLES,BACKEND,SUB-EVENT,_Reshape_5:OpId_138 (cycles)
301025964734,EXECUTE,1091,CYCLES,BACKEND,SUB-EVENT,_MatMul_5:OpId_140 (cycles)
301025964734,EXECUTE,0,CYCLES,BACKEND,SUB-EVENT,_MatMul_5_post_reshape:OpId_143 (cycles)
301025964734,EXECUTE,0,CYCLES,BACKEND,SUB-EVENT,_MatMul_5_output_0_nfc:OpId_145 (cycles)
301025964734,EXECUTE,1086,CYCLES,BACKEND,SUB-EVENT,_Add_6:OpId_147 (cycles)
301025964734,EXECUTE,0,CYCLES,BACKEND,SUB-EVENT,_Add_6_output_0_ncf:OpId_150 (cycles)
301025964734,EXECUTE,5678,CYCLES,BACKEND,SUB-EVENT,rms_norm__Mul_14_output_0:OpId_155 (cycles)
301025964734,EXECUTE,0,CYCLES,BACKEND,SUB-EVENT,_MatMul_7_pre_reshape:OpId_158 (cycles)
301025964734,EXECUTE,0,CYCLES,BACKEND,SUB-EVENT,_MatMul_6_pre_reshape:OpId_159 (cycles)
301025964734,EXECUTE,2572,CYCLES,BACKEND,SUB-EVENT,_MatMul_6:OpId_161 (cycles)
301025964734,EXECUTE,0,CYCLES,BACKEND,SUB-EVENT,_MatMul_6_post_reshape:OpId_164 (cycles)
301025964734,EXECUTE,0,CYCLES,BACKEND,SUB-EVENT,_Sigmoid:OpId_165 (cycles)
301025964734,EXECUTE,41562,CYCLES,BACKEND,SUB-EVENT,_Mul_15:OpId_172 (cycles)
301025964734,EXECUTE,2887,CYCLES,BACKEND,SUB-EVENT,_MatMul_7:OpId_175 (cycles)
301025964734,EXECUTE,0,CYCLES,BACKEND,SUB-EVENT,_MatMul_7_post_reshape:OpId_178 (cycles)
301025964734,EXECUTE,28100,CYCLES,BACKEND,SUB-EVENT,_Mul_16:OpId_179 (cycles)
301025964734,EXECUTE,0,CYCLES,BACKEND,SUB-EVENT,_MatMul_8_pre_reshape:OpId_181 (cycles)
301025964734,EXECUTE,2213,CYCLES,BACKEND,SUB-EVENT,_MatMul_8:OpId_183 (cycles)
301025964734,EXECUTE,0,CYCLES,BACKEND,SUB-EVENT,_MatMul_8_post_reshape:OpId_186 (cycles)
301025964734,EXECUTE,0,CYCLES,BACKEND,SUB-EVENT,_MatMul_8_output_0_nfc:OpId_188 (cycles)
301025964734,EXECUTE,2663,CYCLES,BACKEND,SUB-EVENT,_Add_8:OpId_190 (cycles)
301025964734,EXECUTE,8770,CYCLES,BACKEND,SUB-EVENT,hidden_out_ncf:OpId_193 (cycles)
301025964734,EXECUTE,8008,CYCLES,BACKEND,SUB-EVENT,Output OpId_3 (cycles)
301025964734,EXECUTE,6308,US,BACKEND,ROOT,Accelerator (execute) time
301025964734,EXECUTE,4526,US,BACKEND,ROOT,Accelerator (execute excluding wait) time
301025964734,EXECUTE,10815,US,BACKEND,ROOT,QNN (execute) time
301025968846,EXECUTE IPS,65.155067,INF/SEC,NETRUN,ROOT,null
