input log file location, tiny_llm_block_custom_matmul/device_output/prefill_gate_proj_lhs_prepack_multithread/qnn-profiling-data_0.log
qnn-profile-viewer version, v2.47.0.260601114230
qnn-net-run version, v2.47.0.260601114230
Backend version, v2.47.0.260601114230
Msg Timestamp, Message, Time, Unit of Measurement, Timing Source, Event Level, Event Identifier
301502210892,INIT,166324,US,NETRUN,ROOT,null
301502293898,COMPOSE GRAPHS,82048,US,NETRUN,ROOT,null
301502375446,FINALIZE,80553,US,NETRUN,ROOT,Graph 0: tiny_block_prefill
301502375446,FINALIZE,6317,US,BACKEND,ROOT,RPC (finalize) time
301502375446,FINALIZE,4999,US,BACKEND,ROOT,QNN accelerator (finalize) time
301502375446,FINALIZE,4878,US,BACKEND,ROOT,Accelerator (finalize) time
301502375446,FINALIZE,80515,US,BACKEND,ROOT,QNN (finalize) time
301502375446,FINALIZE,252,US,BACKEND,SUB-EVENT,Graph Preparation Initializing
301502375446,FINALIZE,50489,US,BACKEND,SUB-EVENT,Graph Optimizations
301502375446,FINALIZE,1380,US,BACKEND,SUB-EVENT,Post Graph Optimization
301502375446,FINALIZE,6233,US,BACKEND,SUB-EVENT,Graph Sequencing for Target
301502375446,FINALIZE,674,US,BACKEND,SUB-EVENT,VTCM Allocation
301502375446,FINALIZE,160,US,BACKEND,SUB-EVENT,Parallelization Optimization
301502375446,FINALIZE,548,US,BACKEND,SUB-EVENT,Finalizing Graph Sequence
301502375446,FINALIZE,27,US,BACKEND,SUB-EVENT,Completion
301502571050,DE-INIT,30074,US,NETRUN,ROOT,null
301502571050,DE-INIT,6449,US,BACKEND,ROOT,RPC (deinit) time
301502571050,DE-INIT,5194,US,BACKEND,ROOT,QNN Accelerator (deinit) time
301502571050,DE-INIT,5047,US,BACKEND,ROOT,Accelerator (deinit) time
301502571050,DE-INIT,30029,US,BACKEND,ROOT,QNN (deinit) time
301502391774,EXECUTE,15654,US,NETRUN,ROOT,Graph 0: tiny_block_prefill
301502391774,EXECUTE,4,COUNT,BACKEND,ROOT,Number of HVX threads used
301502391774,EXECUTE,15229,US,BACKEND,ROOT,RPC (execute) time
301502391774,EXECUTE,13067,US,BACKEND,ROOT,QNN accelerator (execute) time
301502391774,EXECUTE,0,COUNT,BACKEND,ROOT,Num times yield occured
301502391774,EXECUTE,2878,US,BACKEND,ROOT,Time for initial VTCM acquire
301502391774,EXECUTE,44693,US,BACKEND,ROOT,Time for HVX + HMX power on and acquire
301502391774,EXECUTE,7756153,CYCLES,BACKEND,ROOT,Accelerator (execute) time (cycles)
301502391774,EXECUTE,7760,CYCLES,BACKEND,SUB-EVENT,Input OpId_2 (cycles)
301502391774,EXECUTE,0,CYCLES,BACKEND,SUB-EVENT,hidden_states_nfc:OpId_17 (cycles)
301502391774,EXECUTE,26027,CYCLES,BACKEND,SUB-EVENT,rms_norm__Mul_2_output_0:OpId_22 (cycles)
301502391774,EXECUTE,0,CYCLES,BACKEND,SUB-EVENT,_MatMul_2_pre_reshape:OpId_25 (cycles)
301502391774,EXECUTE,0,CYCLES,BACKEND,SUB-EVENT,_MatMul_1_pre_reshape:OpId_26 (cycles)
301502391774,EXECUTE,0,CYCLES,BACKEND,SUB-EVENT,_MatMul_pre_reshape:OpId_27 (cycles)
301502391774,EXECUTE,0,CYCLES,BACKEND,SUB-EVENT,_MatMul:OpId_30 (cycles)
301502391774,EXECUTE,0,CYCLES,BACKEND,SUB-EVENT,_MatMul_post_reshape:OpId_32 (cycles)
301502391774,EXECUTE,11028,CYCLES,BACKEND,SUB-EVENT,_Transpose:OpId_34 (cycles)
301502391774,EXECUTE,0,CYCLES,BACKEND,SUB-EVENT,_MatMul_1:OpId_37 (cycles)
301502391774,EXECUTE,0,CYCLES,BACKEND,SUB-EVENT,_MatMul_1_post_reshape:OpId_39 (cycles)
301502391774,EXECUTE,11550,CYCLES,BACKEND,SUB-EVENT,_Transpose_1:OpId_41 (cycles)
301502391774,EXECUTE,0,CYCLES,BACKEND,SUB-EVENT,_MatMul_2:OpId_44 (cycles)
301502391774,EXECUTE,0,CYCLES,BACKEND,SUB-EVENT,_MatMul_2_post_reshape:OpId_46 (cycles)
301502391774,EXECUTE,15208,CYCLES,BACKEND,SUB-EVENT,_Transpose_2:OpId_48 (cycles)
301502391774,EXECUTE,0,CYCLES,BACKEND,SUB-EVENT,_Slice:OpId_50 (cycles)
301502391774,EXECUTE,666,CYCLES,BACKEND,SUB-EVENT,_Slice_1:OpId_56 (cycles)
301502391774,EXECUTE,7297,CYCLES,BACKEND,SUB-EVENT,_Mul_3:OpId_62 (cycles)
301502391774,EXECUTE,6752,CYCLES,BACKEND,SUB-EVENT,_Mul_4:OpId_65 (cycles)
301502391774,EXECUTE,843,CYCLES,BACKEND,SUB-EVENT,_Sub:OpId_67 (cycles)
301502391774,EXECUTE,5903,CYCLES,BACKEND,SUB-EVENT,_Mul_5:OpId_69 (cycles)
301502391774,EXECUTE,7382,CYCLES,BACKEND,SUB-EVENT,_Mul_6:OpId_71 (cycles)
301502391774,EXECUTE,835,CYCLES,BACKEND,SUB-EVENT,_Add_4:OpId_73 (cycles)
301502391774,EXECUTE,1912,CYCLES,BACKEND,SUB-EVENT,_Concat:OpId_75 (cycles)
301502391774,EXECUTE,0,CYCLES,BACKEND,SUB-EVENT,_Slice_2:OpId_78 (cycles)
301502391774,EXECUTE,1837,CYCLES,BACKEND,SUB-EVENT,_Slice_3:OpId_84 (cycles)
301502391774,EXECUTE,10184,CYCLES,BACKEND,SUB-EVENT,_Mul_7:OpId_89 (cycles)
301502391774,EXECUTE,6227,CYCLES,BACKEND,SUB-EVENT,_Mul_8:OpId_91 (cycles)
301502391774,EXECUTE,1556,CYCLES,BACKEND,SUB-EVENT,_Sub_1:OpId_93 (cycles)
301502391774,EXECUTE,6157,CYCLES,BACKEND,SUB-EVENT,_Mul_9:OpId_95 (cycles)
301502391774,EXECUTE,9886,CYCLES,BACKEND,SUB-EVENT,_Mul_10:OpId_97 (cycles)
301502391774,EXECUTE,1368,CYCLES,BACKEND,SUB-EVENT,_Add_5:OpId_99 (cycles)
301502391774,EXECUTE,7227,CYCLES,BACKEND,SUB-EVENT,_Concat_1:OpId_101 (cycles)
301502391774,EXECUTE,0,CYCLES,BACKEND,SUB-EVENT,_Unsqueeze_4:OpId_103 (cycles)
301502391774,EXECUTE,1913,CYCLES,BACKEND,SUB-EVENT,_Tile:OpId_105 (cycles)
301502391774,EXECUTE,0,CYCLES,BACKEND,SUB-EVENT,_Reshape_3:OpId_106 (cycles)
301502391774,EXECUTE,0,CYCLES,BACKEND,SUB-EVENT,_Unsqueeze_5:OpId_107 (cycles)
301502391774,EXECUTE,2666,CYCLES,BACKEND,SUB-EVENT,_Tile_1:OpId_109 (cycles)
301502391774,EXECUTE,0,CYCLES,BACKEND,SUB-EVENT,_Reshape_4:OpId_110 (cycles)
301502391774,EXECUTE,0,CYCLES,BACKEND,SUB-EVENT,_Transpose_3:OpId_112 (cycles)
301502391774,EXECUTE,69686,CYCLES,BACKEND,SUB-EVENT,_MatMul_3:OpId_113 (cycles)
301502391774,EXECUTE,17466,CYCLES,BACKEND,SUB-EVENT,_Mul_11:OpId_118 (cycles)
301502391774,EXECUTE,0,CYCLES,BACKEND,SUB-EVENT,_Unsqueeze_7_output_0_cast_to_bool:OpId_121 (cycles)
301502391774,EXECUTE,20617,CYCLES,BACKEND,SUB-EVENT,_Where:OpId_123 (cycles)
301502391774,EXECUTE,23570,CYCLES,BACKEND,SUB-EVENT,_Softmax:OpId_124 (cycles)
301502391774,EXECUTE,21512,CYCLES,BACKEND,SUB-EVENT,_MatMul_4:OpId_127 (cycles)
301502391774,EXECUTE,0,CYCLES,BACKEND,SUB-EVENT,_Transpose_4:OpId_132 (cycles)
301502391774,EXECUTE,0,CYCLES,BACKEND,SUB-EVENT,_Reshape_5:OpId_133 (cycles)
301502391774,EXECUTE,1334,CYCLES,BACKEND,SUB-EVENT,_MatMul_5:OpId_135 (cycles)
301502391774,EXECUTE,0,CYCLES,BACKEND,SUB-EVENT,_MatMul_5_post_reshape:OpId_138 (cycles)
301502391774,EXECUTE,0,CYCLES,BACKEND,SUB-EVENT,_MatMul_5_output_0_nfc:OpId_140 (cycles)
301502391774,EXECUTE,1899,CYCLES,BACKEND,SUB-EVENT,_Add_6:OpId_142 (cycles)
301502391774,EXECUTE,0,CYCLES,BACKEND,SUB-EVENT,_Add_6_output_0_ncf:OpId_145 (cycles)
301502391774,EXECUTE,8942,CYCLES,BACKEND,SUB-EVENT,rms_norm__Mul_14_output_0:OpId_150 (cycles)
301502391774,EXECUTE,0,CYCLES,BACKEND,SUB-EVENT,_MatMul_7_pre_reshape:OpId_153 (cycles)
301502391774,EXECUTE,0,CYCLES,BACKEND,SUB-EVENT,_MatMul_6_pre_reshape:OpId_154 (cycles)
301502391774,EXECUTE,0,CYCLES,BACKEND,SUB-EVENT,_MatMul_6_lhs_reshape:OpId_156 (cycles)
301502391774,EXECUTE,0,CYCLES,BACKEND,SUB-EVENT,_MatMul_6_lhs_cast_fp16:OpId_157 (cycles)
301502391774,EXECUTE,8863,CYCLES,BACKEND,SUB-EVENT,_MatMul_6_pack_lhs_q13:OpId_158 (cycles)
301502391774,EXECUTE,22152,CYCLES,BACKEND,SUB-EVENT,_MatMul_6_weight_transpose:OpId_160 (cycles)
301502391774,EXECUTE,0,CYCLES,BACKEND,SUB-EVENT,_MatMul_6_rhs_cast_fp16:OpId_161 (cycles)
301502391774,EXECUTE,7204258,CYCLES,BACKEND,SUB-EVENT,_MatMul_6:OpId_162 (cycles)
301502391774,EXECUTE,0,CYCLES,BACKEND,SUB-EVENT,_MatMul_6_output_reshape:OpId_163 (cycles)
301502391774,EXECUTE,0,CYCLES,BACKEND,SUB-EVENT,_MatMul_6_post_reshape:OpId_164 (cycles)
301502391774,EXECUTE,20065,CYCLES,BACKEND,SUB-EVENT,_Sigmoid:OpId_165 (cycles)
301502391774,EXECUTE,57481,CYCLES,BACKEND,SUB-EVENT,_Mul_15:OpId_172 (cycles)
301502391774,EXECUTE,18395,CYCLES,BACKEND,SUB-EVENT,_MatMul_7:OpId_175 (cycles)
301502391774,EXECUTE,0,CYCLES,BACKEND,SUB-EVENT,_MatMul_7_post_reshape:OpId_178 (cycles)
301502391774,EXECUTE,62485,CYCLES,BACKEND,SUB-EVENT,_Mul_16:OpId_179 (cycles)
301502391774,EXECUTE,0,CYCLES,BACKEND,SUB-EVENT,_MatMul_8_pre_reshape:OpId_181 (cycles)
301502391774,EXECUTE,14679,CYCLES,BACKEND,SUB-EVENT,_MatMul_8:OpId_183 (cycles)
301502391774,EXECUTE,0,CYCLES,BACKEND,SUB-EVENT,_MatMul_8_post_reshape:OpId_186 (cycles)
301502391774,EXECUTE,0,CYCLES,BACKEND,SUB-EVENT,_MatMul_8_output_0_nfc:OpId_188 (cycles)
301502391774,EXECUTE,2739,CYCLES,BACKEND,SUB-EVENT,_Add_8:OpId_190 (cycles)
301502391774,EXECUTE,11770,CYCLES,BACKEND,SUB-EVENT,hidden_out_ncf:OpId_193 (cycles)
301502391774,EXECUTE,16056,CYCLES,BACKEND,SUB-EVENT,Output OpId_3 (cycles)
301502391774,EXECUTE,9492,US,BACKEND,ROOT,Accelerator (execute) time
301502391774,EXECUTE,5880,US,BACKEND,ROOT,Accelerator (execute excluding wait) time
301502391774,EXECUTE,15613,US,BACKEND,ROOT,QNN (execute) time
301502406604,EXECUTE,11646,US,NETRUN,ROOT,Graph 0: tiny_block_prefill
301502406604,EXECUTE,4,COUNT,BACKEND,ROOT,Number of HVX threads used
301502406604,EXECUTE,11092,US,BACKEND,ROOT,RPC (execute) time
301502406604,EXECUTE,8656,US,BACKEND,ROOT,QNN accelerator (execute) time
301502406604,EXECUTE,0,COUNT,BACKEND,ROOT,Num times yield occured
301502406604,EXECUTE,7308,US,BACKEND,ROOT,Time for initial VTCM acquire
301502406604,EXECUTE,4940,US,BACKEND,ROOT,Time for HVX + HMX power on and acquire
301502406604,EXECUTE,6567241,CYCLES,BACKEND,ROOT,Accelerator (execute) time (cycles)
301502406604,EXECUTE,739,CYCLES,BACKEND,SUB-EVENT,Input OpId_2 (cycles)
301502406604,EXECUTE,0,CYCLES,BACKEND,SUB-EVENT,hidden_states_nfc:OpId_17 (cycles)
301502406604,EXECUTE,15061,CYCLES,BACKEND,SUB-EVENT,rms_norm__Mul_2_output_0:OpId_22 (cycles)
301502406604,EXECUTE,0,CYCLES,BACKEND,SUB-EVENT,_MatMul_2_pre_reshape:OpId_25 (cycles)
301502406604,EXECUTE,0,CYCLES,BACKEND,SUB-EVENT,_MatMul_1_pre_reshape:OpId_26 (cycles)
301502406604,EXECUTE,0,CYCLES,BACKEND,SUB-EVENT,_MatMul_pre_reshape:OpId_27 (cycles)
301502406604,EXECUTE,0,CYCLES,BACKEND,SUB-EVENT,_MatMul:OpId_30 (cycles)
301502406604,EXECUTE,0,CYCLES,BACKEND,SUB-EVENT,_MatMul_post_reshape:OpId_32 (cycles)
301502406604,EXECUTE,12190,CYCLES,BACKEND,SUB-EVENT,_Transpose:OpId_34 (cycles)
301502406604,EXECUTE,0,CYCLES,BACKEND,SUB-EVENT,_MatMul_1:OpId_37 (cycles)
301502406604,EXECUTE,0,CYCLES,BACKEND,SUB-EVENT,_MatMul_1_post_reshape:OpId_39 (cycles)
301502406604,EXECUTE,5382,CYCLES,BACKEND,SUB-EVENT,_Transpose_1:OpId_41 (cycles)
301502406604,EXECUTE,0,CYCLES,BACKEND,SUB-EVENT,_MatMul_2:OpId_44 (cycles)
301502406604,EXECUTE,0,CYCLES,BACKEND,SUB-EVENT,_MatMul_2_post_reshape:OpId_46 (cycles)
301502406604,EXECUTE,8774,CYCLES,BACKEND,SUB-EVENT,_Transpose_2:OpId_48 (cycles)
301502406604,EXECUTE,0,CYCLES,BACKEND,SUB-EVENT,_Slice:OpId_50 (cycles)
301502406604,EXECUTE,656,CYCLES,BACKEND,SUB-EVENT,_Slice_1:OpId_56 (cycles)
301502406604,EXECUTE,7183,CYCLES,BACKEND,SUB-EVENT,_Mul_3:OpId_62 (cycles)
301502406604,EXECUTE,6227,CYCLES,BACKEND,SUB-EVENT,_Mul_4:OpId_65 (cycles)
301502406604,EXECUTE,825,CYCLES,BACKEND,SUB-EVENT,_Sub:OpId_67 (cycles)
301502406604,EXECUTE,5765,CYCLES,BACKEND,SUB-EVENT,_Mul_5:OpId_69 (cycles)
301502406604,EXECUTE,6784,CYCLES,BACKEND,SUB-EVENT,_Mul_6:OpId_71 (cycles)
301502406604,EXECUTE,1617,CYCLES,BACKEND,SUB-EVENT,_Add_4:OpId_73 (cycles)
301502406604,EXECUTE,1750,CYCLES,BACKEND,SUB-EVENT,_Concat:OpId_75 (cycles)
301502406604,EXECUTE,0,CYCLES,BACKEND,SUB-EVENT,_Slice_2:OpId_78 (cycles)
301502406604,EXECUTE,1185,CYCLES,BACKEND,SUB-EVENT,_Slice_3:OpId_84 (cycles)
301502406604,EXECUTE,6397,CYCLES,BACKEND,SUB-EVENT,_Mul_7:OpId_89 (cycles)
301502406604,EXECUTE,4073,CYCLES,BACKEND,SUB-EVENT,_Mul_8:OpId_91 (cycles)
301502406604,EXECUTE,834,CYCLES,BACKEND,SUB-EVENT,_Sub_1:OpId_93 (cycles)
301502406604,EXECUTE,3599,CYCLES,BACKEND,SUB-EVENT,_Mul_9:OpId_95 (cycles)
301502406604,EXECUTE,6057,CYCLES,BACKEND,SUB-EVENT,_Mul_10:OpId_97 (cycles)
301502406604,EXECUTE,864,CYCLES,BACKEND,SUB-EVENT,_Add_5:OpId_99 (cycles)
301502406604,EXECUTE,3258,CYCLES,BACKEND,SUB-EVENT,_Concat_1:OpId_101 (cycles)
301502406604,EXECUTE,0,CYCLES,BACKEND,SUB-EVENT,_Unsqueeze_4:OpId_103 (cycles)
301502406604,EXECUTE,1693,CYCLES,BACKEND,SUB-EVENT,_Tile:OpId_105 (cycles)
301502406604,EXECUTE,0,CYCLES,BACKEND,SUB-EVENT,_Reshape_3:OpId_106 (cycles)
301502406604,EXECUTE,0,CYCLES,BACKEND,SUB-EVENT,_Unsqueeze_5:OpId_107 (cycles)
301502406604,EXECUTE,2267,CYCLES,BACKEND,SUB-EVENT,_Tile_1:OpId_109 (cycles)
301502406604,EXECUTE,0,CYCLES,BACKEND,SUB-EVENT,_Reshape_4:OpId_110 (cycles)
301502406604,EXECUTE,0,CYCLES,BACKEND,SUB-EVENT,_Transpose_3:OpId_112 (cycles)
301502406604,EXECUTE,64287,CYCLES,BACKEND,SUB-EVENT,_MatMul_3:OpId_113 (cycles)
301502406604,EXECUTE,34215,CYCLES,BACKEND,SUB-EVENT,_Mul_11:OpId_118 (cycles)
301502406604,EXECUTE,0,CYCLES,BACKEND,SUB-EVENT,_Unsqueeze_7_output_0_cast_to_bool:OpId_121 (cycles)
301502406604,EXECUTE,14951,CYCLES,BACKEND,SUB-EVENT,_Where:OpId_123 (cycles)
301502406604,EXECUTE,18037,CYCLES,BACKEND,SUB-EVENT,_Softmax:OpId_124 (cycles)
301502406604,EXECUTE,19008,CYCLES,BACKEND,SUB-EVENT,_MatMul_4:OpId_127 (cycles)
301502406604,EXECUTE,0,CYCLES,BACKEND,SUB-EVENT,_Transpose_4:OpId_132 (cycles)
301502406604,EXECUTE,0,CYCLES,BACKEND,SUB-EVENT,_Reshape_5:OpId_133 (cycles)
301502406604,EXECUTE,1380,CYCLES,BACKEND,SUB-EVENT,_MatMul_5:OpId_135 (cycles)
301502406604,EXECUTE,0,CYCLES,BACKEND,SUB-EVENT,_MatMul_5_post_reshape:OpId_138 (cycles)
301502406604,EXECUTE,0,CYCLES,BACKEND,SUB-EVENT,_MatMul_5_output_0_nfc:OpId_140 (cycles)
301502406604,EXECUTE,3252,CYCLES,BACKEND,SUB-EVENT,_Add_6:OpId_142 (cycles)
301502406604,EXECUTE,0,CYCLES,BACKEND,SUB-EVENT,_Add_6_output_0_ncf:OpId_145 (cycles)
301502406604,EXECUTE,7939,CYCLES,BACKEND,SUB-EVENT,rms_norm__Mul_14_output_0:OpId_150 (cycles)
301502406604,EXECUTE,0,CYCLES,BACKEND,SUB-EVENT,_MatMul_7_pre_reshape:OpId_153 (cycles)
301502406604,EXECUTE,0,CYCLES,BACKEND,SUB-EVENT,_MatMul_6_pre_reshape:OpId_154 (cycles)
301502406604,EXECUTE,0,CYCLES,BACKEND,SUB-EVENT,_MatMul_6_lhs_reshape:OpId_156 (cycles)
301502406604,EXECUTE,0,CYCLES,BACKEND,SUB-EVENT,_MatMul_6_lhs_cast_fp16:OpId_157 (cycles)
301502406604,EXECUTE,5830,CYCLES,BACKEND,SUB-EVENT,_MatMul_6_pack_lhs_q13:OpId_158 (cycles)
301502406604,EXECUTE,17984,CYCLES,BACKEND,SUB-EVENT,_MatMul_6_weight_transpose:OpId_160 (cycles)
301502406604,EXECUTE,0,CYCLES,BACKEND,SUB-EVENT,_MatMul_6_rhs_cast_fp16:OpId_161 (cycles)
301502406604,EXECUTE,6161316,CYCLES,BACKEND,SUB-EVENT,_MatMul_6:OpId_162 (cycles)
301502406604,EXECUTE,0,CYCLES,BACKEND,SUB-EVENT,_MatMul_6_output_reshape:OpId_163 (cycles)
301502406604,EXECUTE,0,CYCLES,BACKEND,SUB-EVENT,_MatMul_6_post_reshape:OpId_164 (cycles)
301502406604,EXECUTE,11900,CYCLES,BACKEND,SUB-EVENT,_Sigmoid:OpId_165 (cycles)
301502406604,EXECUTE,49816,CYCLES,BACKEND,SUB-EVENT,_Mul_15:OpId_172 (cycles)
301502406604,EXECUTE,3090,CYCLES,BACKEND,SUB-EVENT,_MatMul_7:OpId_175 (cycles)
301502406604,EXECUTE,0,CYCLES,BACKEND,SUB-EVENT,_MatMul_7_post_reshape:OpId_178 (cycles)
301502406604,EXECUTE,30627,CYCLES,BACKEND,SUB-EVENT,_Mul_16:OpId_179 (cycles)
301502406604,EXECUTE,0,CYCLES,BACKEND,SUB-EVENT,_MatMul_8_pre_reshape:OpId_181 (cycles)
301502406604,EXECUTE,4511,CYCLES,BACKEND,SUB-EVENT,_MatMul_8:OpId_183 (cycles)
301502406604,EXECUTE,0,CYCLES,BACKEND,SUB-EVENT,_MatMul_8_post_reshape:OpId_186 (cycles)
301502406604,EXECUTE,0,CYCLES,BACKEND,SUB-EVENT,_MatMul_8_output_0_nfc:OpId_188 (cycles)
301502406604,EXECUTE,2776,CYCLES,BACKEND,SUB-EVENT,_Add_8:OpId_190 (cycles)
301502406604,EXECUTE,5718,CYCLES,BACKEND,SUB-EVENT,hidden_out_ncf:OpId_193 (cycles)
301502406604,EXECUTE,7424,CYCLES,BACKEND,SUB-EVENT,Output OpId_3 (cycles)
301502406604,EXECUTE,6811,US,BACKEND,ROOT,Accelerator (execute) time
301502406604,EXECUTE,4983,US,BACKEND,ROOT,Accelerator (execute excluding wait) time
301502406604,EXECUTE,11593,US,BACKEND,ROOT,QNN (execute) time
301502421965,EXECUTE,10592,US,NETRUN,ROOT,Graph 0: tiny_block_prefill
301502421965,EXECUTE,4,COUNT,BACKEND,ROOT,Number of HVX threads used
301502421965,EXECUTE,10118,US,BACKEND,ROOT,RPC (execute) time
301502421965,EXECUTE,9051,US,BACKEND,ROOT,QNN accelerator (execute) time
301502421965,EXECUTE,0,COUNT,BACKEND,ROOT,Num times yield occured
301502421965,EXECUTE,7201,US,BACKEND,ROOT,Time for initial VTCM acquire
301502421965,EXECUTE,4758,US,BACKEND,ROOT,Time for HVX + HMX power on and acquire
301502421965,EXECUTE,7066161,CYCLES,BACKEND,ROOT,Accelerator (execute) time (cycles)
301502421965,EXECUTE,777,CYCLES,BACKEND,SUB-EVENT,Input OpId_2 (cycles)
301502421965,EXECUTE,0,CYCLES,BACKEND,SUB-EVENT,hidden_states_nfc:OpId_17 (cycles)
301502421965,EXECUTE,16212,CYCLES,BACKEND,SUB-EVENT,rms_norm__Mul_2_output_0:OpId_22 (cycles)
301502421965,EXECUTE,0,CYCLES,BACKEND,SUB-EVENT,_MatMul_2_pre_reshape:OpId_25 (cycles)
301502421965,EXECUTE,0,CYCLES,BACKEND,SUB-EVENT,_MatMul_1_pre_reshape:OpId_26 (cycles)
301502421965,EXECUTE,0,CYCLES,BACKEND,SUB-EVENT,_MatMul_pre_reshape:OpId_27 (cycles)
301502421965,EXECUTE,0,CYCLES,BACKEND,SUB-EVENT,_MatMul:OpId_30 (cycles)
301502421965,EXECUTE,0,CYCLES,BACKEND,SUB-EVENT,_MatMul_post_reshape:OpId_32 (cycles)
301502421965,EXECUTE,11657,CYCLES,BACKEND,SUB-EVENT,_Transpose:OpId_34 (cycles)
301502421965,EXECUTE,0,CYCLES,BACKEND,SUB-EVENT,_MatMul_1:OpId_37 (cycles)
301502421965,EXECUTE,0,CYCLES,BACKEND,SUB-EVENT,_MatMul_1_post_reshape:OpId_39 (cycles)
301502421965,EXECUTE,3852,CYCLES,BACKEND,SUB-EVENT,_Transpose_1:OpId_41 (cycles)
301502421965,EXECUTE,0,CYCLES,BACKEND,SUB-EVENT,_MatMul_2:OpId_44 (cycles)
301502421965,EXECUTE,0,CYCLES,BACKEND,SUB-EVENT,_MatMul_2_post_reshape:OpId_46 (cycles)
301502421965,EXECUTE,6885,CYCLES,BACKEND,SUB-EVENT,_Transpose_2:OpId_48 (cycles)
301502421965,EXECUTE,0,CYCLES,BACKEND,SUB-EVENT,_Slice:OpId_50 (cycles)
301502421965,EXECUTE,657,CYCLES,BACKEND,SUB-EVENT,_Slice_1:OpId_56 (cycles)
301502421965,EXECUTE,7282,CYCLES,BACKEND,SUB-EVENT,_Mul_3:OpId_62 (cycles)
301502421965,EXECUTE,5954,CYCLES,BACKEND,SUB-EVENT,_Mul_4:OpId_65 (cycles)
301502421965,EXECUTE,816,CYCLES,BACKEND,SUB-EVENT,_Sub:OpId_67 (cycles)
301502421965,EXECUTE,6317,CYCLES,BACKEND,SUB-EVENT,_Mul_5:OpId_69 (cycles)
301502421965,EXECUTE,6525,CYCLES,BACKEND,SUB-EVENT,_Mul_6:OpId_71 (cycles)
301502421965,EXECUTE,1113,CYCLES,BACKEND,SUB-EVENT,_Add_4:OpId_73 (cycles)
301502421965,EXECUTE,2063,CYCLES,BACKEND,SUB-EVENT,_Concat:OpId_75 (cycles)
301502421965,EXECUTE,0,CYCLES,BACKEND,SUB-EVENT,_Slice_2:OpId_78 (cycles)
301502421965,EXECUTE,1485,CYCLES,BACKEND,SUB-EVENT,_Slice_3:OpId_84 (cycles)
301502421965,EXECUTE,7246,CYCLES,BACKEND,SUB-EVENT,_Mul_7:OpId_89 (cycles)
301502421965,EXECUTE,5030,CYCLES,BACKEND,SUB-EVENT,_Mul_8:OpId_91 (cycles)
301502421965,EXECUTE,838,CYCLES,BACKEND,SUB-EVENT,_Sub_1:OpId_93 (cycles)
301502421965,EXECUTE,5082,CYCLES,BACKEND,SUB-EVENT,_Mul_9:OpId_95 (cycles)
301502421965,EXECUTE,7080,CYCLES,BACKEND,SUB-EVENT,_Mul_10:OpId_97 (cycles)
301502421965,EXECUTE,619,CYCLES,BACKEND,SUB-EVENT,_Add_5:OpId_99 (cycles)
301502421965,EXECUTE,2001,CYCLES,BACKEND,SUB-EVENT,_Concat_1:OpId_101 (cycles)
301502421965,EXECUTE,0,CYCLES,BACKEND,SUB-EVENT,_Unsqueeze_4:OpId_103 (cycles)
301502421965,EXECUTE,1807,CYCLES,BACKEND,SUB-EVENT,_Tile:OpId_105 (cycles)
301502421965,EXECUTE,0,CYCLES,BACKEND,SUB-EVENT,_Reshape_3:OpId_106 (cycles)
301502421965,EXECUTE,0,CYCLES,BACKEND,SUB-EVENT,_Unsqueeze_5:OpId_107 (cycles)
301502421965,EXECUTE,2061,CYCLES,BACKEND,SUB-EVENT,_Tile_1:OpId_109 (cycles)
301502421965,EXECUTE,0,CYCLES,BACKEND,SUB-EVENT,_Reshape_4:OpId_110 (cycles)
301502421965,EXECUTE,0,CYCLES,BACKEND,SUB-EVENT,_Transpose_3:OpId_112 (cycles)
301502421965,EXECUTE,62120,CYCLES,BACKEND,SUB-EVENT,_MatMul_3:OpId_113 (cycles)
301502421965,EXECUTE,20361,CYCLES,BACKEND,SUB-EVENT,_Mul_11:OpId_118 (cycles)
301502421965,EXECUTE,0,CYCLES,BACKEND,SUB-EVENT,_Unsqueeze_7_output_0_cast_to_bool:OpId_121 (cycles)
301502421965,EXECUTE,12755,CYCLES,BACKEND,SUB-EVENT,_Where:OpId_123 (cycles)
301502421965,EXECUTE,19964,CYCLES,BACKEND,SUB-EVENT,_Softmax:OpId_124 (cycles)
301502421965,EXECUTE,14062,CYCLES,BACKEND,SUB-EVENT,_MatMul_4:OpId_127 (cycles)
301502421965,EXECUTE,0,CYCLES,BACKEND,SUB-EVENT,_Transpose_4:OpId_132 (cycles)
301502421965,EXECUTE,0,CYCLES,BACKEND,SUB-EVENT,_Reshape_5:OpId_133 (cycles)
301502421965,EXECUTE,1068,CYCLES,BACKEND,SUB-EVENT,_MatMul_5:OpId_135 (cycles)
301502421965,EXECUTE,0,CYCLES,BACKEND,SUB-EVENT,_MatMul_5_post_reshape:OpId_138 (cycles)
301502421965,EXECUTE,0,CYCLES,BACKEND,SUB-EVENT,_MatMul_5_output_0_nfc:OpId_140 (cycles)
301502421965,EXECUTE,3183,CYCLES,BACKEND,SUB-EVENT,_Add_6:OpId_142 (cycles)
301502421965,EXECUTE,0,CYCLES,BACKEND,SUB-EVENT,_Add_6_output_0_ncf:OpId_145 (cycles)
301502421965,EXECUTE,8079,CYCLES,BACKEND,SUB-EVENT,rms_norm__Mul_14_output_0:OpId_150 (cycles)
301502421965,EXECUTE,0,CYCLES,BACKEND,SUB-EVENT,_MatMul_7_pre_reshape:OpId_153 (cycles)
301502421965,EXECUTE,0,CYCLES,BACKEND,SUB-EVENT,_MatMul_6_pre_reshape:OpId_154 (cycles)
301502421965,EXECUTE,0,CYCLES,BACKEND,SUB-EVENT,_MatMul_6_lhs_reshape:OpId_156 (cycles)
301502421965,EXECUTE,0,CYCLES,BACKEND,SUB-EVENT,_MatMul_6_lhs_cast_fp16:OpId_157 (cycles)
301502421965,EXECUTE,6561,CYCLES,BACKEND,SUB-EVENT,_MatMul_6_pack_lhs_q13:OpId_158 (cycles)
301502421965,EXECUTE,24962,CYCLES,BACKEND,SUB-EVENT,_MatMul_6_weight_transpose:OpId_160 (cycles)
301502421965,EXECUTE,0,CYCLES,BACKEND,SUB-EVENT,_MatMul_6_rhs_cast_fp16:OpId_161 (cycles)
301502421965,EXECUTE,6665513,CYCLES,BACKEND,SUB-EVENT,_MatMul_6:OpId_162 (cycles)
301502421965,EXECUTE,0,CYCLES,BACKEND,SUB-EVENT,_MatMul_6_output_reshape:OpId_163 (cycles)
301502421965,EXECUTE,0,CYCLES,BACKEND,SUB-EVENT,_MatMul_6_post_reshape:OpId_164 (cycles)
301502421965,EXECUTE,16074,CYCLES,BACKEND,SUB-EVENT,_Sigmoid:OpId_165 (cycles)
301502421965,EXECUTE,51588,CYCLES,BACKEND,SUB-EVENT,_Mul_15:OpId_172 (cycles)
301502421965,EXECUTE,2881,CYCLES,BACKEND,SUB-EVENT,_MatMul_7:OpId_175 (cycles)
301502421965,EXECUTE,0,CYCLES,BACKEND,SUB-EVENT,_MatMul_7_post_reshape:OpId_178 (cycles)
301502421965,EXECUTE,29869,CYCLES,BACKEND,SUB-EVENT,_Mul_16:OpId_179 (cycles)
301502421965,EXECUTE,0,CYCLES,BACKEND,SUB-EVENT,_MatMul_8_pre_reshape:OpId_181 (cycles)
301502421965,EXECUTE,4984,CYCLES,BACKEND,SUB-EVENT,_MatMul_8:OpId_183 (cycles)
301502421965,EXECUTE,0,CYCLES,BACKEND,SUB-EVENT,_MatMul_8_post_reshape:OpId_186 (cycles)
301502421965,EXECUTE,0,CYCLES,BACKEND,SUB-EVENT,_MatMul_8_output_0_nfc:OpId_188 (cycles)
301502421965,EXECUTE,2825,CYCLES,BACKEND,SUB-EVENT,_Add_8:OpId_190 (cycles)
301502421965,EXECUTE,8272,CYCLES,BACKEND,SUB-EVENT,hidden_out_ncf:OpId_193 (cycles)
301502421965,EXECUTE,7681,CYCLES,BACKEND,SUB-EVENT,Output OpId_3 (cycles)
301502421965,EXECUTE,7185,US,BACKEND,ROOT,Accelerator (execute) time
301502421965,EXECUTE,5367,US,BACKEND,ROOT,Accelerator (execute excluding wait) time
301502421965,EXECUTE,10542,US,BACKEND,ROOT,QNN (execute) time
301502438091,EXECUTE,11730,US,NETRUN,ROOT,Graph 0: tiny_block_prefill
301502438091,EXECUTE,4,COUNT,BACKEND,ROOT,Number of HVX threads used
301502438091,EXECUTE,11265,US,BACKEND,ROOT,RPC (execute) time
301502438091,EXECUTE,9032,US,BACKEND,ROOT,QNN accelerator (execute) time
301502438091,EXECUTE,0,COUNT,BACKEND,ROOT,Num times yield occured
301502438091,EXECUTE,7441,US,BACKEND,ROOT,Time for initial VTCM acquire
301502438091,EXECUTE,4702,US,BACKEND,ROOT,Time for HVX + HMX power on and acquire
301502438091,EXECUTE,6995091,CYCLES,BACKEND,ROOT,Accelerator (execute) time (cycles)
301502438091,EXECUTE,784,CYCLES,BACKEND,SUB-EVENT,Input OpId_2 (cycles)
301502438091,EXECUTE,0,CYCLES,BACKEND,SUB-EVENT,hidden_states_nfc:OpId_17 (cycles)
301502438091,EXECUTE,12065,CYCLES,BACKEND,SUB-EVENT,rms_norm__Mul_2_output_0:OpId_22 (cycles)
301502438091,EXECUTE,0,CYCLES,BACKEND,SUB-EVENT,_MatMul_2_pre_reshape:OpId_25 (cycles)
301502438091,EXECUTE,0,CYCLES,BACKEND,SUB-EVENT,_MatMul_1_pre_reshape:OpId_26 (cycles)
301502438091,EXECUTE,0,CYCLES,BACKEND,SUB-EVENT,_MatMul_pre_reshape:OpId_27 (cycles)
301502438091,EXECUTE,0,CYCLES,BACKEND,SUB-EVENT,_MatMul:OpId_30 (cycles)
301502438091,EXECUTE,0,CYCLES,BACKEND,SUB-EVENT,_MatMul_post_reshape:OpId_32 (cycles)
301502438091,EXECUTE,11912,CYCLES,BACKEND,SUB-EVENT,_Transpose:OpId_34 (cycles)
301502438091,EXECUTE,0,CYCLES,BACKEND,SUB-EVENT,_MatMul_1:OpId_37 (cycles)
301502438091,EXECUTE,0,CYCLES,BACKEND,SUB-EVENT,_MatMul_1_post_reshape:OpId_39 (cycles)
301502438091,EXECUTE,6165,CYCLES,BACKEND,SUB-EVENT,_Transpose_1:OpId_41 (cycles)
301502438091,EXECUTE,0,CYCLES,BACKEND,SUB-EVENT,_MatMul_2:OpId_44 (cycles)
301502438091,EXECUTE,0,CYCLES,BACKEND,SUB-EVENT,_MatMul_2_post_reshape:OpId_46 (cycles)
301502438091,EXECUTE,6442,CYCLES,BACKEND,SUB-EVENT,_Transpose_2:OpId_48 (cycles)
301502438091,EXECUTE,0,CYCLES,BACKEND,SUB-EVENT,_Slice:OpId_50 (cycles)
301502438091,EXECUTE,664,CYCLES,BACKEND,SUB-EVENT,_Slice_1:OpId_56 (cycles)
301502438091,EXECUTE,6652,CYCLES,BACKEND,SUB-EVENT,_Mul_3:OpId_62 (cycles)
301502438091,EXECUTE,5856,CYCLES,BACKEND,SUB-EVENT,_Mul_4:OpId_65 (cycles)
301502438091,EXECUTE,812,CYCLES,BACKEND,SUB-EVENT,_Sub:OpId_67 (cycles)
301502438091,EXECUTE,5737,CYCLES,BACKEND,SUB-EVENT,_Mul_5:OpId_69 (cycles)
301502438091,EXECUTE,6488,CYCLES,BACKEND,SUB-EVENT,_Mul_6:OpId_71 (cycles)
301502438091,EXECUTE,1170,CYCLES,BACKEND,SUB-EVENT,_Add_4:OpId_73 (cycles)
301502438091,EXECUTE,1682,CYCLES,BACKEND,SUB-EVENT,_Concat:OpId_75 (cycles)
301502438091,EXECUTE,0,CYCLES,BACKEND,SUB-EVENT,_Slice_2:OpId_78 (cycles)
301502438091,EXECUTE,1290,CYCLES,BACKEND,SUB-EVENT,_Slice_3:OpId_84 (cycles)
301502438091,EXECUTE,6768,CYCLES,BACKEND,SUB-EVENT,_Mul_7:OpId_89 (cycles)
301502438091,EXECUTE,4685,CYCLES,BACKEND,SUB-EVENT,_Mul_8:OpId_91 (cycles)
301502438091,EXECUTE,833,CYCLES,BACKEND,SUB-EVENT,_Sub_1:OpId_93 (cycles)
301502438091,EXECUTE,4630,CYCLES,BACKEND,SUB-EVENT,_Mul_9:OpId_95 (cycles)
301502438091,EXECUTE,6734,CYCLES,BACKEND,SUB-EVENT,_Mul_10:OpId_97 (cycles)
301502438091,EXECUTE,600,CYCLES,BACKEND,SUB-EVENT,_Add_5:OpId_99 (cycles)
301502438091,EXECUTE,2188,CYCLES,BACKEND,SUB-EVENT,_Concat_1:OpId_101 (cycles)
301502438091,EXECUTE,0,CYCLES,BACKEND,SUB-EVENT,_Unsqueeze_4:OpId_103 (cycles)
301502438091,EXECUTE,1710,CYCLES,BACKEND,SUB-EVENT,_Tile:OpId_105 (cycles)
301502438091,EXECUTE,0,CYCLES,BACKEND,SUB-EVENT,_Reshape_3:OpId_106 (cycles)
301502438091,EXECUTE,0,CYCLES,BACKEND,SUB-EVENT,_Unsqueeze_5:OpId_107 (cycles)
301502438091,EXECUTE,1964,CYCLES,BACKEND,SUB-EVENT,_Tile_1:OpId_109 (cycles)
301502438091,EXECUTE,0,CYCLES,BACKEND,SUB-EVENT,_Reshape_4:OpId_110 (cycles)
301502438091,EXECUTE,0,CYCLES,BACKEND,SUB-EVENT,_Transpose_3:OpId_112 (cycles)
301502438091,EXECUTE,59876,CYCLES,BACKEND,SUB-EVENT,_MatMul_3:OpId_113 (cycles)
301502438091,EXECUTE,22479,CYCLES,BACKEND,SUB-EVENT,_Mul_11:OpId_118 (cycles)
301502438091,EXECUTE,0,CYCLES,BACKEND,SUB-EVENT,_Unsqueeze_7_output_0_cast_to_bool:OpId_121 (cycles)
301502438091,EXECUTE,13483,CYCLES,BACKEND,SUB-EVENT,_Where:OpId_123 (cycles)
301502438091,EXECUTE,16935,CYCLES,BACKEND,SUB-EVENT,_Softmax:OpId_124 (cycles)
301502438091,EXECUTE,14129,CYCLES,BACKEND,SUB-EVENT,_MatMul_4:OpId_127 (cycles)
301502438091,EXECUTE,0,CYCLES,BACKEND,SUB-EVENT,_Transpose_4:OpId_132 (cycles)
301502438091,EXECUTE,0,CYCLES,BACKEND,SUB-EVENT,_Reshape_5:OpId_133 (cycles)
301502438091,EXECUTE,1099,CYCLES,BACKEND,SUB-EVENT,_MatMul_5:OpId_135 (cycles)
301502438091,EXECUTE,0,CYCLES,BACKEND,SUB-EVENT,_MatMul_5_post_reshape:OpId_138 (cycles)
301502438091,EXECUTE,0,CYCLES,BACKEND,SUB-EVENT,_MatMul_5_output_0_nfc:OpId_140 (cycles)
301502438091,EXECUTE,4378,CYCLES,BACKEND,SUB-EVENT,_Add_6:OpId_142 (cycles)
301502438091,EXECUTE,0,CYCLES,BACKEND,SUB-EVENT,_Add_6_output_0_ncf:OpId_145 (cycles)
301502438091,EXECUTE,8224,CYCLES,BACKEND,SUB-EVENT,rms_norm__Mul_14_output_0:OpId_150 (cycles)
301502438091,EXECUTE,0,CYCLES,BACKEND,SUB-EVENT,_MatMul_7_pre_reshape:OpId_153 (cycles)
301502438091,EXECUTE,0,CYCLES,BACKEND,SUB-EVENT,_MatMul_6_pre_reshape:OpId_154 (cycles)
301502438091,EXECUTE,0,CYCLES,BACKEND,SUB-EVENT,_MatMul_6_lhs_reshape:OpId_156 (cycles)
301502438091,EXECUTE,0,CYCLES,BACKEND,SUB-EVENT,_MatMul_6_lhs_cast_fp16:OpId_157 (cycles)
301502438091,EXECUTE,6336,CYCLES,BACKEND,SUB-EVENT,_MatMul_6_pack_lhs_q13:OpId_158 (cycles)
301502438091,EXECUTE,16934,CYCLES,BACKEND,SUB-EVENT,_MatMul_6_weight_transpose:OpId_160 (cycles)
301502438091,EXECUTE,0,CYCLES,BACKEND,SUB-EVENT,_MatMul_6_rhs_cast_fp16:OpId_161 (cycles)
301502438091,EXECUTE,6617337,CYCLES,BACKEND,SUB-EVENT,_MatMul_6:OpId_162 (cycles)
301502438091,EXECUTE,0,CYCLES,BACKEND,SUB-EVENT,_MatMul_6_output_reshape:OpId_163 (cycles)
301502438091,EXECUTE,0,CYCLES,BACKEND,SUB-EVENT,_MatMul_6_post_reshape:OpId_164 (cycles)
301502438091,EXECUTE,11940,CYCLES,BACKEND,SUB-EVENT,_Sigmoid:OpId_165 (cycles)
301502438091,EXECUTE,51126,CYCLES,BACKEND,SUB-EVENT,_Mul_15:OpId_172 (cycles)
301502438091,EXECUTE,2862,CYCLES,BACKEND,SUB-EVENT,_MatMul_7:OpId_175 (cycles)
301502438091,EXECUTE,0,CYCLES,BACKEND,SUB-EVENT,_MatMul_7_post_reshape:OpId_178 (cycles)
301502438091,EXECUTE,27706,CYCLES,BACKEND,SUB-EVENT,_Mul_16:OpId_179 (cycles)
301502438091,EXECUTE,0,CYCLES,BACKEND,SUB-EVENT,_MatMul_8_pre_reshape:OpId_181 (cycles)
301502438091,EXECUTE,4134,CYCLES,BACKEND,SUB-EVENT,_MatMul_8:OpId_183 (cycles)
301502438091,EXECUTE,0,CYCLES,BACKEND,SUB-EVENT,_MatMul_8_post_reshape:OpId_186 (cycles)
301502438091,EXECUTE,0,CYCLES,BACKEND,SUB-EVENT,_MatMul_8_output_0_nfc:OpId_188 (cycles)
301502438091,EXECUTE,2783,CYCLES,BACKEND,SUB-EVENT,_Add_8:OpId_190 (cycles)
301502438091,EXECUTE,8498,CYCLES,BACKEND,SUB-EVENT,hidden_out_ncf:OpId_193 (cycles)
301502438091,EXECUTE,7001,CYCLES,BACKEND,SUB-EVENT,Output OpId_3 (cycles)
301502438091,EXECUTE,7176,US,BACKEND,ROOT,Accelerator (execute) time
301502438091,EXECUTE,5327,US,BACKEND,ROOT,Accelerator (execute excluding wait) time
301502438091,EXECUTE,11684,US,BACKEND,ROOT,QNN (execute) time
301502454136,EXECUTE,11465,US,NETRUN,ROOT,Graph 0: tiny_block_prefill
301502454136,EXECUTE,4,COUNT,BACKEND,ROOT,Number of HVX threads used
301502454136,EXECUTE,10993,US,BACKEND,ROOT,RPC (execute) time
301502454136,EXECUTE,8800,US,BACKEND,ROOT,QNN accelerator (execute) time
301502454136,EXECUTE,0,COUNT,BACKEND,ROOT,Num times yield occured
301502454136,EXECUTE,7300,US,BACKEND,ROOT,Time for initial VTCM acquire
301502454136,EXECUTE,4731,US,BACKEND,ROOT,Time for HVX + HMX power on and acquire
301502454136,EXECUTE,6807256,CYCLES,BACKEND,ROOT,Accelerator (execute) time (cycles)
301502454136,EXECUTE,746,CYCLES,BACKEND,SUB-EVENT,Input OpId_2 (cycles)
301502454136,EXECUTE,0,CYCLES,BACKEND,SUB-EVENT,hidden_states_nfc:OpId_17 (cycles)
301502454136,EXECUTE,13485,CYCLES,BACKEND,SUB-EVENT,rms_norm__Mul_2_output_0:OpId_22 (cycles)
301502454136,EXECUTE,0,CYCLES,BACKEND,SUB-EVENT,_MatMul_2_pre_reshape:OpId_25 (cycles)
301502454136,EXECUTE,0,CYCLES,BACKEND,SUB-EVENT,_MatMul_1_pre_reshape:OpId_26 (cycles)
301502454136,EXECUTE,0,CYCLES,BACKEND,SUB-EVENT,_MatMul_pre_reshape:OpId_27 (cycles)
301502454136,EXECUTE,0,CYCLES,BACKEND,SUB-EVENT,_MatMul:OpId_30 (cycles)
301502454136,EXECUTE,0,CYCLES,BACKEND,SUB-EVENT,_MatMul_post_reshape:OpId_32 (cycles)
301502454136,EXECUTE,11445,CYCLES,BACKEND,SUB-EVENT,_Transpose:OpId_34 (cycles)
301502454136,EXECUTE,0,CYCLES,BACKEND,SUB-EVENT,_MatMul_1:OpId_37 (cycles)
301502454136,EXECUTE,0,CYCLES,BACKEND,SUB-EVENT,_MatMul_1_post_reshape:OpId_39 (cycles)
301502454136,EXECUTE,4901,CYCLES,BACKEND,SUB-EVENT,_Transpose_1:OpId_41 (cycles)
301502454136,EXECUTE,0,CYCLES,BACKEND,SUB-EVENT,_MatMul_2:OpId_44 (cycles)
301502454136,EXECUTE,0,CYCLES,BACKEND,SUB-EVENT,_MatMul_2_post_reshape:OpId_46 (cycles)
301502454136,EXECUTE,6344,CYCLES,BACKEND,SUB-EVENT,_Transpose_2:OpId_48 (cycles)
301502454136,EXECUTE,0,CYCLES,BACKEND,SUB-EVENT,_Slice:OpId_50 (cycles)
301502454136,EXECUTE,659,CYCLES,BACKEND,SUB-EVENT,_Slice_1:OpId_56 (cycles)
301502454136,EXECUTE,7061,CYCLES,BACKEND,SUB-EVENT,_Mul_3:OpId_62 (cycles)
301502454136,EXECUTE,5863,CYCLES,BACKEND,SUB-EVENT,_Mul_4:OpId_65 (cycles)
301502454136,EXECUTE,832,CYCLES,BACKEND,SUB-EVENT,_Sub:OpId_67 (cycles)
301502454136,EXECUTE,5845,CYCLES,BACKEND,SUB-EVENT,_Mul_5:OpId_69 (cycles)
301502454136,EXECUTE,6540,CYCLES,BACKEND,SUB-EVENT,_Mul_6:OpId_71 (cycles)
301502454136,EXECUTE,1151,CYCLES,BACKEND,SUB-EVENT,_Add_4:OpId_73 (cycles)
301502454136,EXECUTE,1154,CYCLES,BACKEND,SUB-EVENT,_Concat:OpId_75 (cycles)
301502454136,EXECUTE,0,CYCLES,BACKEND,SUB-EVENT,_Slice_2:OpId_78 (cycles)
301502454136,EXECUTE,1497,CYCLES,BACKEND,SUB-EVENT,_Slice_3:OpId_84 (cycles)
301502454136,EXECUTE,7842,CYCLES,BACKEND,SUB-EVENT,_Mul_7:OpId_89 (cycles)
301502454136,EXECUTE,6009,CYCLES,BACKEND,SUB-EVENT,_Mul_8:OpId_91 (cycles)
301502454136,EXECUTE,1088,CYCLES,BACKEND,SUB-EVENT,_Sub_1:OpId_93 (cycles)
301502454136,EXECUTE,5766,CYCLES,BACKEND,SUB-EVENT,_Mul_9:OpId_95 (cycles)
301502454136,EXECUTE,7772,CYCLES,BACKEND,SUB-EVENT,_Mul_10:OpId_97 (cycles)
301502454136,EXECUTE,615,CYCLES,BACKEND,SUB-EVENT,_Add_5:OpId_99 (cycles)
301502454136,EXECUTE,1512,CYCLES,BACKEND,SUB-EVENT,_Concat_1:OpId_101 (cycles)
301502454136,EXECUTE,0,CYCLES,BACKEND,SUB-EVENT,_Unsqueeze_4:OpId_103 (cycles)
301502454136,EXECUTE,2163,CYCLES,BACKEND,SUB-EVENT,_Tile:OpId_105 (cycles)
301502454136,EXECUTE,0,CYCLES,BACKEND,SUB-EVENT,_Reshape_3:OpId_106 (cycles)
301502454136,EXECUTE,0,CYCLES,BACKEND,SUB-EVENT,_Unsqueeze_5:OpId_107 (cycles)
301502454136,EXECUTE,1819,CYCLES,BACKEND,SUB-EVENT,_Tile_1:OpId_109 (cycles)
301502454136,EXECUTE,0,CYCLES,BACKEND,SUB-EVENT,_Reshape_4:OpId_110 (cycles)
301502454136,EXECUTE,0,CYCLES,BACKEND,SUB-EVENT,_Transpose_3:OpId_112 (cycles)
301502454136,EXECUTE,64232,CYCLES,BACKEND,SUB-EVENT,_MatMul_3:OpId_113 (cycles)
301502454136,EXECUTE,19734,CYCLES,BACKEND,SUB-EVENT,_Mul_11:OpId_118 (cycles)
301502454136,EXECUTE,0,CYCLES,BACKEND,SUB-EVENT,_Unsqueeze_7_output_0_cast_to_bool:OpId_121 (cycles)
301502454136,EXECUTE,13140,CYCLES,BACKEND,SUB-EVENT,_Where:OpId_123 (cycles)
301502454136,EXECUTE,16966,CYCLES,BACKEND,SUB-EVENT,_Softmax:OpId_124 (cycles)
301502454136,EXECUTE,14145,CYCLES,BACKEND,SUB-EVENT,_MatMul_4:OpId_127 (cycles)
301502454136,EXECUTE,0,CYCLES,BACKEND,SUB-EVENT,_Transpose_4:OpId_132 (cycles)
301502454136,EXECUTE,0,CYCLES,BACKEND,SUB-EVENT,_Reshape_5:OpId_133 (cycles)
301502454136,EXECUTE,1111,CYCLES,BACKEND,SUB-EVENT,_MatMul_5:OpId_135 (cycles)
301502454136,EXECUTE,0,CYCLES,BACKEND,SUB-EVENT,_MatMul_5_post_reshape:OpId_138 (cycles)
301502454136,EXECUTE,0,CYCLES,BACKEND,SUB-EVENT,_MatMul_5_output_0_nfc:OpId_140 (cycles)
301502454136,EXECUTE,3677,CYCLES,BACKEND,SUB-EVENT,_Add_6:OpId_142 (cycles)
301502454136,EXECUTE,0,CYCLES,BACKEND,SUB-EVENT,_Add_6_output_0_ncf:OpId_145 (cycles)
301502454136,EXECUTE,8282,CYCLES,BACKEND,SUB-EVENT,rms_norm__Mul_14_output_0:OpId_150 (cycles)
301502454136,EXECUTE,0,CYCLES,BACKEND,SUB-EVENT,_MatMul_7_pre_reshape:OpId_153 (cycles)
301502454136,EXECUTE,0,CYCLES,BACKEND,SUB-EVENT,_MatMul_6_pre_reshape:OpId_154 (cycles)
301502454136,EXECUTE,0,CYCLES,BACKEND,SUB-EVENT,_MatMul_6_lhs_reshape:OpId_156 (cycles)
301502454136,EXECUTE,0,CYCLES,BACKEND,SUB-EVENT,_MatMul_6_lhs_cast_fp16:OpId_157 (cycles)
301502454136,EXECUTE,5442,CYCLES,BACKEND,SUB-EVENT,_MatMul_6_pack_lhs_q13:OpId_158 (cycles)
301502454136,EXECUTE,17778,CYCLES,BACKEND,SUB-EVENT,_MatMul_6_weight_transpose:OpId_160 (cycles)
301502454136,EXECUTE,0,CYCLES,BACKEND,SUB-EVENT,_MatMul_6_rhs_cast_fp16:OpId_161 (cycles)
301502454136,EXECUTE,6419658,CYCLES,BACKEND,SUB-EVENT,_MatMul_6:OpId_162 (cycles)
301502454136,EXECUTE,0,CYCLES,BACKEND,SUB-EVENT,_MatMul_6_output_reshape:OpId_163 (cycles)
301502454136,EXECUTE,0,CYCLES,BACKEND,SUB-EVENT,_MatMul_6_post_reshape:OpId_164 (cycles)
301502454136,EXECUTE,13323,CYCLES,BACKEND,SUB-EVENT,_Sigmoid:OpId_165 (cycles)
301502454136,EXECUTE,52906,CYCLES,BACKEND,SUB-EVENT,_Mul_15:OpId_172 (cycles)
301502454136,EXECUTE,2839,CYCLES,BACKEND,SUB-EVENT,_MatMul_7:OpId_175 (cycles)
301502454136,EXECUTE,0,CYCLES,BACKEND,SUB-EVENT,_MatMul_7_post_reshape:OpId_178 (cycles)
301502454136,EXECUTE,28742,CYCLES,BACKEND,SUB-EVENT,_Mul_16:OpId_179 (cycles)
301502454136,EXECUTE,0,CYCLES,BACKEND,SUB-EVENT,_MatMul_8_pre_reshape:OpId_181 (cycles)
301502454136,EXECUTE,4854,CYCLES,BACKEND,SUB-EVENT,_MatMul_8:OpId_183 (cycles)
301502454136,EXECUTE,0,CYCLES,BACKEND,SUB-EVENT,_MatMul_8_post_reshape:OpId_186 (cycles)
301502454136,EXECUTE,0,CYCLES,BACKEND,SUB-EVENT,_MatMul_8_output_0_nfc:OpId_188 (cycles)
301502454136,EXECUTE,2828,CYCLES,BACKEND,SUB-EVENT,_Add_8:OpId_190 (cycles)
301502454136,EXECUTE,8243,CYCLES,BACKEND,SUB-EVENT,hidden_out_ncf:OpId_193 (cycles)
301502454136,EXECUTE,7247,CYCLES,BACKEND,SUB-EVENT,Output OpId_3 (cycles)
301502454136,EXECUTE,6934,US,BACKEND,ROOT,Accelerator (execute) time
301502454136,EXECUTE,5129,US,BACKEND,ROOT,Accelerator (execute excluding wait) time
301502454136,EXECUTE,11420,US,BACKEND,ROOT,QNN (execute) time
301502470778,EXECUTE,11860,US,NETRUN,ROOT,Graph 0: tiny_block_prefill
301502470778,EXECUTE,4,COUNT,BACKEND,ROOT,Number of HVX threads used
301502470778,EXECUTE,11384,US,BACKEND,ROOT,RPC (execute) time
301502470778,EXECUTE,9152,US,BACKEND,ROOT,QNN accelerator (execute) time
301502470778,EXECUTE,0,COUNT,BACKEND,ROOT,Num times yield occured
301502470778,EXECUTE,7555,US,BACKEND,ROOT,Time for initial VTCM acquire
301502470778,EXECUTE,4794,US,BACKEND,ROOT,Time for HVX + HMX power on and acquire
301502470778,EXECUTE,7143865,CYCLES,BACKEND,ROOT,Accelerator (execute) time (cycles)
301502470778,EXECUTE,912,CYCLES,BACKEND,SUB-EVENT,Input OpId_2 (cycles)
301502470778,EXECUTE,0,CYCLES,BACKEND,SUB-EVENT,hidden_states_nfc:OpId_17 (cycles)
301502470778,EXECUTE,13332,CYCLES,BACKEND,SUB-EVENT,rms_norm__Mul_2_output_0:OpId_22 (cycles)
301502470778,EXECUTE,0,CYCLES,BACKEND,SUB-EVENT,_MatMul_2_pre_reshape:OpId_25 (cycles)
301502470778,EXECUTE,0,CYCLES,BACKEND,SUB-EVENT,_MatMul_1_pre_reshape:OpId_26 (cycles)
301502470778,EXECUTE,0,CYCLES,BACKEND,SUB-EVENT,_MatMul_pre_reshape:OpId_27 (cycles)
301502470778,EXECUTE,0,CYCLES,BACKEND,SUB-EVENT,_MatMul:OpId_30 (cycles)
301502470778,EXECUTE,0,CYCLES,BACKEND,SUB-EVENT,_MatMul_post_reshape:OpId_32 (cycles)
301502470778,EXECUTE,11913,CYCLES,BACKEND,SUB-EVENT,_Transpose:OpId_34 (cycles)
301502470778,EXECUTE,0,CYCLES,BACKEND,SUB-EVENT,_MatMul_1:OpId_37 (cycles)
301502470778,EXECUTE,0,CYCLES,BACKEND,SUB-EVENT,_MatMul_1_post_reshape:OpId_39 (cycles)
301502470778,EXECUTE,5619,CYCLES,BACKEND,SUB-EVENT,_Transpose_1:OpId_41 (cycles)
301502470778,EXECUTE,0,CYCLES,BACKEND,SUB-EVENT,_MatMul_2:OpId_44 (cycles)
301502470778,EXECUTE,0,CYCLES,BACKEND,SUB-EVENT,_MatMul_2_post_reshape:OpId_46 (cycles)
301502470778,EXECUTE,7263,CYCLES,BACKEND,SUB-EVENT,_Transpose_2:OpId_48 (cycles)
301502470778,EXECUTE,0,CYCLES,BACKEND,SUB-EVENT,_Slice:OpId_50 (cycles)
301502470778,EXECUTE,677,CYCLES,BACKEND,SUB-EVENT,_Slice_1:OpId_56 (cycles)
301502470778,EXECUTE,7305,CYCLES,BACKEND,SUB-EVENT,_Mul_3:OpId_62 (cycles)
301502470778,EXECUTE,5878,CYCLES,BACKEND,SUB-EVENT,_Mul_4:OpId_65 (cycles)
301502470778,EXECUTE,836,CYCLES,BACKEND,SUB-EVENT,_Sub:OpId_67 (cycles)
301502470778,EXECUTE,5890,CYCLES,BACKEND,SUB-EVENT,_Mul_5:OpId_69 (cycles)
301502470778,EXECUTE,6513,CYCLES,BACKEND,SUB-EVENT,_Mul_6:OpId_71 (cycles)
301502470778,EXECUTE,1224,CYCLES,BACKEND,SUB-EVENT,_Add_4:OpId_73 (cycles)
301502470778,EXECUTE,1676,CYCLES,BACKEND,SUB-EVENT,_Concat:OpId_75 (cycles)
301502470778,EXECUTE,0,CYCLES,BACKEND,SUB-EVENT,_Slice_2:OpId_78 (cycles)
301502470778,EXECUTE,1390,CYCLES,BACKEND,SUB-EVENT,_Slice_3:OpId_84 (cycles)
301502470778,EXECUTE,7653,CYCLES,BACKEND,SUB-EVENT,_Mul_7:OpId_89 (cycles)
301502470778,EXECUTE,5104,CYCLES,BACKEND,SUB-EVENT,_Mul_8:OpId_91 (cycles)
301502470778,EXECUTE,1295,CYCLES,BACKEND,SUB-EVENT,_Sub_1:OpId_93 (cycles)
301502470778,EXECUTE,5141,CYCLES,BACKEND,SUB-EVENT,_Mul_9:OpId_95 (cycles)
301502470778,EXECUTE,7534,CYCLES,BACKEND,SUB-EVENT,_Mul_10:OpId_97 (cycles)
301502470778,EXECUTE,737,CYCLES,BACKEND,SUB-EVENT,_Add_5:OpId_99 (cycles)
301502470778,EXECUTE,2320,CYCLES,BACKEND,SUB-EVENT,_Concat_1:OpId_101 (cycles)
301502470778,EXECUTE,0,CYCLES,BACKEND,SUB-EVENT,_Unsqueeze_4:OpId_103 (cycles)
301502470778,EXECUTE,1719,CYCLES,BACKEND,SUB-EVENT,_Tile:OpId_105 (cycles)
301502470778,EXECUTE,0,CYCLES,BACKEND,SUB-EVENT,_Reshape_3:OpId_106 (cycles)
301502470778,EXECUTE,0,CYCLES,BACKEND,SUB-EVENT,_Unsqueeze_5:OpId_107 (cycles)
301502470778,EXECUTE,1853,CYCLES,BACKEND,SUB-EVENT,_Tile_1:OpId_109 (cycles)
301502470778,EXECUTE,0,CYCLES,BACKEND,SUB-EVENT,_Reshape_4:OpId_110 (cycles)
301502470778,EXECUTE,0,CYCLES,BACKEND,SUB-EVENT,_Transpose_3:OpId_112 (cycles)
301502470778,EXECUTE,67288,CYCLES,BACKEND,SUB-EVENT,_MatMul_3:OpId_113 (cycles)
301502470778,EXECUTE,18804,CYCLES,BACKEND,SUB-EVENT,_Mul_11:OpId_118 (cycles)
301502470778,EXECUTE,0,CYCLES,BACKEND,SUB-EVENT,_Unsqueeze_7_output_0_cast_to_bool:OpId_121 (cycles)
301502470778,EXECUTE,13772,CYCLES,BACKEND,SUB-EVENT,_Where:OpId_123 (cycles)
301502470778,EXECUTE,16797,CYCLES,BACKEND,SUB-EVENT,_Softmax:OpId_124 (cycles)
301502470778,EXECUTE,14968,CYCLES,BACKEND,SUB-EVENT,_MatMul_4:OpId_127 (cycles)
301502470778,EXECUTE,0,CYCLES,BACKEND,SUB-EVENT,_Transpose_4:OpId_132 (cycles)
301502470778,EXECUTE,0,CYCLES,BACKEND,SUB-EVENT,_Reshape_5:OpId_133 (cycles)
301502470778,EXECUTE,1116,CYCLES,BACKEND,SUB-EVENT,_MatMul_5:OpId_135 (cycles)
301502470778,EXECUTE,0,CYCLES,BACKEND,SUB-EVENT,_MatMul_5_post_reshape:OpId_138 (cycles)
301502470778,EXECUTE,0,CYCLES,BACKEND,SUB-EVENT,_MatMul_5_output_0_nfc:OpId_140 (cycles)
301502470778,EXECUTE,3488,CYCLES,BACKEND,SUB-EVENT,_Add_6:OpId_142 (cycles)
301502470778,EXECUTE,0,CYCLES,BACKEND,SUB-EVENT,_Add_6_output_0_ncf:OpId_145 (cycles)
301502470778,EXECUTE,8718,CYCLES,BACKEND,SUB-EVENT,rms_norm__Mul_14_output_0:OpId_150 (cycles)
301502470778,EXECUTE,0,CYCLES,BACKEND,SUB-EVENT,_MatMul_7_pre_reshape:OpId_153 (cycles)
301502470778,EXECUTE,0,CYCLES,BACKEND,SUB-EVENT,_MatMul_6_pre_reshape:OpId_154 (cycles)
301502470778,EXECUTE,0,CYCLES,BACKEND,SUB-EVENT,_MatMul_6_lhs_reshape:OpId_156 (cycles)
301502470778,EXECUTE,0,CYCLES,BACKEND,SUB-EVENT,_MatMul_6_lhs_cast_fp16:OpId_157 (cycles)
301502470778,EXECUTE,7959,CYCLES,BACKEND,SUB-EVENT,_MatMul_6_pack_lhs_q13:OpId_158 (cycles)
301502470778,EXECUTE,22885,CYCLES,BACKEND,SUB-EVENT,_MatMul_6_weight_transpose:OpId_160 (cycles)
301502470778,EXECUTE,0,CYCLES,BACKEND,SUB-EVENT,_MatMul_6_rhs_cast_fp16:OpId_161 (cycles)
301502470778,EXECUTE,6739595,CYCLES,BACKEND,SUB-EVENT,_MatMul_6:OpId_162 (cycles)
301502470778,EXECUTE,0,CYCLES,BACKEND,SUB-EVENT,_MatMul_6_output_reshape:OpId_163 (cycles)
301502470778,EXECUTE,0,CYCLES,BACKEND,SUB-EVENT,_MatMul_6_post_reshape:OpId_164 (cycles)
301502470778,EXECUTE,14674,CYCLES,BACKEND,SUB-EVENT,_Sigmoid:OpId_165 (cycles)
301502470778,EXECUTE,51593,CYCLES,BACKEND,SUB-EVENT,_Mul_15:OpId_172 (cycles)
301502470778,EXECUTE,5605,CYCLES,BACKEND,SUB-EVENT,_MatMul_7:OpId_175 (cycles)
301502470778,EXECUTE,0,CYCLES,BACKEND,SUB-EVENT,_MatMul_7_post_reshape:OpId_178 (cycles)
301502470778,EXECUTE,28004,CYCLES,BACKEND,SUB-EVENT,_Mul_16:OpId_179 (cycles)
301502470778,EXECUTE,0,CYCLES,BACKEND,SUB-EVENT,_MatMul_8_pre_reshape:OpId_181 (cycles)
301502470778,EXECUTE,3309,CYCLES,BACKEND,SUB-EVENT,_MatMul_8:OpId_183 (cycles)
301502470778,EXECUTE,0,CYCLES,BACKEND,SUB-EVENT,_MatMul_8_post_reshape:OpId_186 (cycles)
301502470778,EXECUTE,0,CYCLES,BACKEND,SUB-EVENT,_MatMul_8_output_0_nfc:OpId_188 (cycles)
301502470778,EXECUTE,2787,CYCLES,BACKEND,SUB-EVENT,_Add_8:OpId_190 (cycles)
301502470778,EXECUTE,11321,CYCLES,BACKEND,SUB-EVENT,hidden_out_ncf:OpId_193 (cycles)
301502470778,EXECUTE,7398,CYCLES,BACKEND,SUB-EVENT,Output OpId_3 (cycles)
301502470778,EXECUTE,7286,US,BACKEND,ROOT,Accelerator (execute) time
301502470778,EXECUTE,5397,US,BACKEND,ROOT,Accelerator (execute excluding wait) time
301502470778,EXECUTE,11813,US,BACKEND,ROOT,QNN (execute) time
301502486969,EXECUTE,11649,US,NETRUN,ROOT,Graph 0: tiny_block_prefill
301502486969,EXECUTE,4,COUNT,BACKEND,ROOT,Number of HVX threads used
301502486969,EXECUTE,11153,US,BACKEND,ROOT,RPC (execute) time
301502486969,EXECUTE,8948,US,BACKEND,ROOT,QNN accelerator (execute) time
301502486969,EXECUTE,0,COUNT,BACKEND,ROOT,Num times yield occured
301502486969,EXECUTE,7442,US,BACKEND,ROOT,Time for initial VTCM acquire
301502486969,EXECUTE,4867,US,BACKEND,ROOT,Time for HVX + HMX power on and acquire
301502486969,EXECUTE,6937610,CYCLES,BACKEND,ROOT,Accelerator (execute) time (cycles)
301502486969,EXECUTE,1397,CYCLES,BACKEND,SUB-EVENT,Input OpId_2 (cycles)
301502486969,EXECUTE,0,CYCLES,BACKEND,SUB-EVENT,hidden_states_nfc:OpId_17 (cycles)
301502486969,EXECUTE,15463,CYCLES,BACKEND,SUB-EVENT,rms_norm__Mul_2_output_0:OpId_22 (cycles)
301502486969,EXECUTE,0,CYCLES,BACKEND,SUB-EVENT,_MatMul_2_pre_reshape:OpId_25 (cycles)
301502486969,EXECUTE,0,CYCLES,BACKEND,SUB-EVENT,_MatMul_1_pre_reshape:OpId_26 (cycles)
301502486969,EXECUTE,0,CYCLES,BACKEND,SUB-EVENT,_MatMul_pre_reshape:OpId_27 (cycles)
301502486969,EXECUTE,0,CYCLES,BACKEND,SUB-EVENT,_MatMul:OpId_30 (cycles)
301502486969,EXECUTE,0,CYCLES,BACKEND,SUB-EVENT,_MatMul_post_reshape:OpId_32 (cycles)
301502486969,EXECUTE,11860,CYCLES,BACKEND,SUB-EVENT,_Transpose:OpId_34 (cycles)
301502486969,EXECUTE,0,CYCLES,BACKEND,SUB-EVENT,_MatMul_1:OpId_37 (cycles)
301502486969,EXECUTE,0,CYCLES,BACKEND,SUB-EVENT,_MatMul_1_post_reshape:OpId_39 (cycles)
301502486969,EXECUTE,3632,CYCLES,BACKEND,SUB-EVENT,_Transpose_1:OpId_41 (cycles)
301502486969,EXECUTE,0,CYCLES,BACKEND,SUB-EVENT,_MatMul_2:OpId_44 (cycles)
301502486969,EXECUTE,0,CYCLES,BACKEND,SUB-EVENT,_MatMul_2_post_reshape:OpId_46 (cycles)
301502486969,EXECUTE,6908,CYCLES,BACKEND,SUB-EVENT,_Transpose_2:OpId_48 (cycles)
301502486969,EXECUTE,0,CYCLES,BACKEND,SUB-EVENT,_Slice:OpId_50 (cycles)
301502486969,EXECUTE,625,CYCLES,BACKEND,SUB-EVENT,_Slice_1:OpId_56 (cycles)
301502486969,EXECUTE,7261,CYCLES,BACKEND,SUB-EVENT,_Mul_3:OpId_62 (cycles)
301502486969,EXECUTE,5946,CYCLES,BACKEND,SUB-EVENT,_Mul_4:OpId_65 (cycles)
301502486969,EXECUTE,808,CYCLES,BACKEND,SUB-EVENT,_Sub:OpId_67 (cycles)
301502486969,EXECUTE,5743,CYCLES,BACKEND,SUB-EVENT,_Mul_5:OpId_69 (cycles)
301502486969,EXECUTE,6453,CYCLES,BACKEND,SUB-EVENT,_Mul_6:OpId_71 (cycles)
301502486969,EXECUTE,1235,CYCLES,BACKEND,SUB-EVENT,_Add_4:OpId_73 (cycles)
301502486969,EXECUTE,1284,CYCLES,BACKEND,SUB-EVENT,_Concat:OpId_75 (cycles)
301502486969,EXECUTE,0,CYCLES,BACKEND,SUB-EVENT,_Slice_2:OpId_78 (cycles)
301502486969,EXECUTE,1547,CYCLES,BACKEND,SUB-EVENT,_Slice_3:OpId_84 (cycles)
301502486969,EXECUTE,7536,CYCLES,BACKEND,SUB-EVENT,_Mul_7:OpId_89 (cycles)
301502486969,EXECUTE,5536,CYCLES,BACKEND,SUB-EVENT,_Mul_8:OpId_91 (cycles)
301502486969,EXECUTE,1326,CYCLES,BACKEND,SUB-EVENT,_Sub_1:OpId_93 (cycles)
301502486969,EXECUTE,5650,CYCLES,BACKEND,SUB-EVENT,_Mul_9:OpId_95 (cycles)
301502486969,EXECUTE,7348,CYCLES,BACKEND,SUB-EVENT,_Mul_10:OpId_97 (cycles)
301502486969,EXECUTE,297,CYCLES,BACKEND,SUB-EVENT,_Add_5:OpId_99 (cycles)
301502486969,EXECUTE,2320,CYCLES,BACKEND,SUB-EVENT,_Concat_1:OpId_101 (cycles)
301502486969,EXECUTE,0,CYCLES,BACKEND,SUB-EVENT,_Unsqueeze_4:OpId_103 (cycles)
301502486969,EXECUTE,2831,CYCLES,BACKEND,SUB-EVENT,_Tile:OpId_105 (cycles)
301502486969,EXECUTE,0,CYCLES,BACKEND,SUB-EVENT,_Reshape_3:OpId_106 (cycles)
301502486969,EXECUTE,0,CYCLES,BACKEND,SUB-EVENT,_Unsqueeze_5:OpId_107 (cycles)
301502486969,EXECUTE,1792,CYCLES,BACKEND,SUB-EVENT,_Tile_1:OpId_109 (cycles)
301502486969,EXECUTE,0,CYCLES,BACKEND,SUB-EVENT,_Reshape_4:OpId_110 (cycles)
301502486969,EXECUTE,0,CYCLES,BACKEND,SUB-EVENT,_Transpose_3:OpId_112 (cycles)
301502486969,EXECUTE,59728,CYCLES,BACKEND,SUB-EVENT,_MatMul_3:OpId_113 (cycles)
301502486969,EXECUTE,19851,CYCLES,BACKEND,SUB-EVENT,_Mul_11:OpId_118 (cycles)
301502486969,EXECUTE,0,CYCLES,BACKEND,SUB-EVENT,_Unsqueeze_7_output_0_cast_to_bool:OpId_121 (cycles)
301502486969,EXECUTE,13605,CYCLES,BACKEND,SUB-EVENT,_Where:OpId_123 (cycles)
301502486969,EXECUTE,16251,CYCLES,BACKEND,SUB-EVENT,_Softmax:OpId_124 (cycles)
301502486969,EXECUTE,14180,CYCLES,BACKEND,SUB-EVENT,_MatMul_4:OpId_127 (cycles)
301502486969,EXECUTE,0,CYCLES,BACKEND,SUB-EVENT,_Transpose_4:OpId_132 (cycles)
301502486969,EXECUTE,0,CYCLES,BACKEND,SUB-EVENT,_Reshape_5:OpId_133 (cycles)
301502486969,EXECUTE,3106,CYCLES,BACKEND,SUB-EVENT,_MatMul_5:OpId_135 (cycles)
301502486969,EXECUTE,0,CYCLES,BACKEND,SUB-EVENT,_MatMul_5_post_reshape:OpId_138 (cycles)
301502486969,EXECUTE,0,CYCLES,BACKEND,SUB-EVENT,_MatMul_5_output_0_nfc:OpId_140 (cycles)
301502486969,EXECUTE,3969,CYCLES,BACKEND,SUB-EVENT,_Add_6:OpId_142 (cycles)
301502486969,EXECUTE,0,CYCLES,BACKEND,SUB-EVENT,_Add_6_output_0_ncf:OpId_145 (cycles)
301502486969,EXECUTE,7648,CYCLES,BACKEND,SUB-EVENT,rms_norm__Mul_14_output_0:OpId_150 (cycles)
301502486969,EXECUTE,0,CYCLES,BACKEND,SUB-EVENT,_MatMul_7_pre_reshape:OpId_153 (cycles)
301502486969,EXECUTE,0,CYCLES,BACKEND,SUB-EVENT,_MatMul_6_pre_reshape:OpId_154 (cycles)
301502486969,EXECUTE,0,CYCLES,BACKEND,SUB-EVENT,_MatMul_6_lhs_reshape:OpId_156 (cycles)
301502486969,EXECUTE,0,CYCLES,BACKEND,SUB-EVENT,_MatMul_6_lhs_cast_fp16:OpId_157 (cycles)
301502486969,EXECUTE,5791,CYCLES,BACKEND,SUB-EVENT,_MatMul_6_pack_lhs_q13:OpId_158 (cycles)
301502486969,EXECUTE,17413,CYCLES,BACKEND,SUB-EVENT,_MatMul_6_weight_transpose:OpId_160 (cycles)
301502486969,EXECUTE,0,CYCLES,BACKEND,SUB-EVENT,_MatMul_6_rhs_cast_fp16:OpId_161 (cycles)
301502486969,EXECUTE,6551146,CYCLES,BACKEND,SUB-EVENT,_MatMul_6:OpId_162 (cycles)
301502486969,EXECUTE,0,CYCLES,BACKEND,SUB-EVENT,_MatMul_6_output_reshape:OpId_163 (cycles)
301502486969,EXECUTE,0,CYCLES,BACKEND,SUB-EVENT,_MatMul_6_post_reshape:OpId_164 (cycles)
301502486969,EXECUTE,15949,CYCLES,BACKEND,SUB-EVENT,_Sigmoid:OpId_165 (cycles)
301502486969,EXECUTE,51387,CYCLES,BACKEND,SUB-EVENT,_Mul_15:OpId_172 (cycles)
301502486969,EXECUTE,4335,CYCLES,BACKEND,SUB-EVENT,_MatMul_7:OpId_175 (cycles)
301502486969,EXECUTE,0,CYCLES,BACKEND,SUB-EVENT,_MatMul_7_post_reshape:OpId_178 (cycles)
301502486969,EXECUTE,27773,CYCLES,BACKEND,SUB-EVENT,_Mul_16:OpId_179 (cycles)
301502486969,EXECUTE,0,CYCLES,BACKEND,SUB-EVENT,_MatMul_8_pre_reshape:OpId_181 (cycles)
301502486969,EXECUTE,3113,CYCLES,BACKEND,SUB-EVENT,_MatMul_8:OpId_183 (cycles)
301502486969,EXECUTE,0,CYCLES,BACKEND,SUB-EVENT,_MatMul_8_post_reshape:OpId_186 (cycles)
301502486969,EXECUTE,0,CYCLES,BACKEND,SUB-EVENT,_MatMul_8_output_0_nfc:OpId_188 (cycles)
301502486969,EXECUTE,2861,CYCLES,BACKEND,SUB-EVENT,_Add_8:OpId_190 (cycles)
301502486969,EXECUTE,7475,CYCLES,BACKEND,SUB-EVENT,hidden_out_ncf:OpId_193 (cycles)
301502486969,EXECUTE,7231,CYCLES,BACKEND,SUB-EVENT,Output OpId_3 (cycles)
301502486969,EXECUTE,7093,US,BACKEND,ROOT,Accelerator (execute) time
301502486969,EXECUTE,5257,US,BACKEND,ROOT,Accelerator (execute excluding wait) time
301502486969,EXECUTE,11603,US,BACKEND,ROOT,QNN (execute) time
301502503453,EXECUTE,11940,US,NETRUN,ROOT,Graph 0: tiny_block_prefill
301502503453,EXECUTE,4,COUNT,BACKEND,ROOT,Number of HVX threads used
301502503453,EXECUTE,11417,US,BACKEND,ROOT,RPC (execute) time
301502503453,EXECUTE,9168,US,BACKEND,ROOT,QNN accelerator (execute) time
301502503453,EXECUTE,0,COUNT,BACKEND,ROOT,Num times yield occured
301502503453,EXECUTE,7231,US,BACKEND,ROOT,Time for initial VTCM acquire
301502503453,EXECUTE,4797,US,BACKEND,ROOT,Time for HVX + HMX power on and acquire
301502503453,EXECUTE,7249087,CYCLES,BACKEND,ROOT,Accelerator (execute) time (cycles)
301502503453,EXECUTE,3931,CYCLES,BACKEND,SUB-EVENT,Input OpId_2 (cycles)
301502503453,EXECUTE,0,CYCLES,BACKEND,SUB-EVENT,hidden_states_nfc:OpId_17 (cycles)
301502503453,EXECUTE,14210,CYCLES,BACKEND,SUB-EVENT,rms_norm__Mul_2_output_0:OpId_22 (cycles)
301502503453,EXECUTE,0,CYCLES,BACKEND,SUB-EVENT,_MatMul_2_pre_reshape:OpId_25 (cycles)
301502503453,EXECUTE,0,CYCLES,BACKEND,SUB-EVENT,_MatMul_1_pre_reshape:OpId_26 (cycles)
301502503453,EXECUTE,0,CYCLES,BACKEND,SUB-EVENT,_MatMul_pre_reshape:OpId_27 (cycles)
301502503453,EXECUTE,0,CYCLES,BACKEND,SUB-EVENT,_MatMul:OpId_30 (cycles)
301502503453,EXECUTE,0,CYCLES,BACKEND,SUB-EVENT,_MatMul_post_reshape:OpId_32 (cycles)
301502503453,EXECUTE,9849,CYCLES,BACKEND,SUB-EVENT,_Transpose:OpId_34 (cycles)
301502503453,EXECUTE,0,CYCLES,BACKEND,SUB-EVENT,_MatMul_1:OpId_37 (cycles)
301502503453,EXECUTE,0,CYCLES,BACKEND,SUB-EVENT,_MatMul_1_post_reshape:OpId_39 (cycles)
301502503453,EXECUTE,5557,CYCLES,BACKEND,SUB-EVENT,_Transpose_1:OpId_41 (cycles)
301502503453,EXECUTE,0,CYCLES,BACKEND,SUB-EVENT,_MatMul_2:OpId_44 (cycles)
301502503453,EXECUTE,0,CYCLES,BACKEND,SUB-EVENT,_MatMul_2_post_reshape:OpId_46 (cycles)
301502503453,EXECUTE,4535,CYCLES,BACKEND,SUB-EVENT,_Transpose_2:OpId_48 (cycles)
301502503453,EXECUTE,0,CYCLES,BACKEND,SUB-EVENT,_Slice:OpId_50 (cycles)
301502503453,EXECUTE,647,CYCLES,BACKEND,SUB-EVENT,_Slice_1:OpId_56 (cycles)
301502503453,EXECUTE,6877,CYCLES,BACKEND,SUB-EVENT,_Mul_3:OpId_62 (cycles)
301502503453,EXECUTE,5580,CYCLES,BACKEND,SUB-EVENT,_Mul_4:OpId_65 (cycles)
301502503453,EXECUTE,833,CYCLES,BACKEND,SUB-EVENT,_Sub:OpId_67 (cycles)
301502503453,EXECUTE,5422,CYCLES,BACKEND,SUB-EVENT,_Mul_5:OpId_69 (cycles)
301502503453,EXECUTE,6165,CYCLES,BACKEND,SUB-EVENT,_Mul_6:OpId_71 (cycles)
301502503453,EXECUTE,956,CYCLES,BACKEND,SUB-EVENT,_Add_4:OpId_73 (cycles)
301502503453,EXECUTE,1141,CYCLES,BACKEND,SUB-EVENT,_Concat:OpId_75 (cycles)
301502503453,EXECUTE,0,CYCLES,BACKEND,SUB-EVENT,_Slice_2:OpId_78 (cycles)
301502503453,EXECUTE,1400,CYCLES,BACKEND,SUB-EVENT,_Slice_3:OpId_84 (cycles)
301502503453,EXECUTE,6969,CYCLES,BACKEND,SUB-EVENT,_Mul_7:OpId_89 (cycles)
301502503453,EXECUTE,4314,CYCLES,BACKEND,SUB-EVENT,_Mul_8:OpId_91 (cycles)
301502503453,EXECUTE,1247,CYCLES,BACKEND,SUB-EVENT,_Sub_1:OpId_93 (cycles)
301502503453,EXECUTE,4410,CYCLES,BACKEND,SUB-EVENT,_Mul_9:OpId_95 (cycles)
301502503453,EXECUTE,6818,CYCLES,BACKEND,SUB-EVENT,_Mul_10:OpId_97 (cycles)
301502503453,EXECUTE,713,CYCLES,BACKEND,SUB-EVENT,_Add_5:OpId_99 (cycles)
301502503453,EXECUTE,2745,CYCLES,BACKEND,SUB-EVENT,_Concat_1:OpId_101 (cycles)
301502503453,EXECUTE,0,CYCLES,BACKEND,SUB-EVENT,_Unsqueeze_4:OpId_103 (cycles)
301502503453,EXECUTE,1778,CYCLES,BACKEND,SUB-EVENT,_Tile:OpId_105 (cycles)
301502503453,EXECUTE,0,CYCLES,BACKEND,SUB-EVENT,_Reshape_3:OpId_106 (cycles)
301502503453,EXECUTE,0,CYCLES,BACKEND,SUB-EVENT,_Unsqueeze_5:OpId_107 (cycles)
301502503453,EXECUTE,1664,CYCLES,BACKEND,SUB-EVENT,_Tile_1:OpId_109 (cycles)
301502503453,EXECUTE,0,CYCLES,BACKEND,SUB-EVENT,_Reshape_4:OpId_110 (cycles)
301502503453,EXECUTE,0,CYCLES,BACKEND,SUB-EVENT,_Transpose_3:OpId_112 (cycles)
301502503453,EXECUTE,35411,CYCLES,BACKEND,SUB-EVENT,_MatMul_3:OpId_113 (cycles)
301502503453,EXECUTE,16141,CYCLES,BACKEND,SUB-EVENT,_Mul_11:OpId_118 (cycles)
301502503453,EXECUTE,0,CYCLES,BACKEND,SUB-EVENT,_Unsqueeze_7_output_0_cast_to_bool:OpId_121 (cycles)
301502503453,EXECUTE,11444,CYCLES,BACKEND,SUB-EVENT,_Where:OpId_123 (cycles)
301502503453,EXECUTE,15975,CYCLES,BACKEND,SUB-EVENT,_Softmax:OpId_124 (cycles)
301502503453,EXECUTE,14842,CYCLES,BACKEND,SUB-EVENT,_MatMul_4:OpId_127 (cycles)
301502503453,EXECUTE,0,CYCLES,BACKEND,SUB-EVENT,_Transpose_4:OpId_132 (cycles)
301502503453,EXECUTE,0,CYCLES,BACKEND,SUB-EVENT,_Reshape_5:OpId_133 (cycles)
301502503453,EXECUTE,1080,CYCLES,BACKEND,SUB-EVENT,_MatMul_5:OpId_135 (cycles)
301502503453,EXECUTE,0,CYCLES,BACKEND,SUB-EVENT,_MatMul_5_post_reshape:OpId_138 (cycles)
301502503453,EXECUTE,0,CYCLES,BACKEND,SUB-EVENT,_MatMul_5_output_0_nfc:OpId_140 (cycles)
301502503453,EXECUTE,1184,CYCLES,BACKEND,SUB-EVENT,_Add_6:OpId_142 (cycles)
301502503453,EXECUTE,0,CYCLES,BACKEND,SUB-EVENT,_Add_6_output_0_ncf:OpId_145 (cycles)
301502503453,EXECUTE,7890,CYCLES,BACKEND,SUB-EVENT,rms_norm__Mul_14_output_0:OpId_150 (cycles)
301502503453,EXECUTE,0,CYCLES,BACKEND,SUB-EVENT,_MatMul_7_pre_reshape:OpId_153 (cycles)
301502503453,EXECUTE,0,CYCLES,BACKEND,SUB-EVENT,_MatMul_6_pre_reshape:OpId_154 (cycles)
301502503453,EXECUTE,0,CYCLES,BACKEND,SUB-EVENT,_MatMul_6_lhs_reshape:OpId_156 (cycles)
301502503453,EXECUTE,0,CYCLES,BACKEND,SUB-EVENT,_MatMul_6_lhs_cast_fp16:OpId_157 (cycles)
301502503453,EXECUTE,5469,CYCLES,BACKEND,SUB-EVENT,_MatMul_6_pack_lhs_q13:OpId_158 (cycles)
301502503453,EXECUTE,16884,CYCLES,BACKEND,SUB-EVENT,_MatMul_6_weight_transpose:OpId_160 (cycles)
301502503453,EXECUTE,0,CYCLES,BACKEND,SUB-EVENT,_MatMul_6_rhs_cast_fp16:OpId_161 (cycles)
301502503453,EXECUTE,6878263,CYCLES,BACKEND,SUB-EVENT,_MatMul_6:OpId_162 (cycles)
301502503453,EXECUTE,0,CYCLES,BACKEND,SUB-EVENT,_MatMul_6_output_reshape:OpId_163 (cycles)
301502503453,EXECUTE,0,CYCLES,BACKEND,SUB-EVENT,_MatMul_6_post_reshape:OpId_164 (cycles)
301502503453,EXECUTE,11607,CYCLES,BACKEND,SUB-EVENT,_Sigmoid:OpId_165 (cycles)
301502503453,EXECUTE,50224,CYCLES,BACKEND,SUB-EVENT,_Mul_15:OpId_172 (cycles)
301502503453,EXECUTE,15010,CYCLES,BACKEND,SUB-EVENT,_MatMul_7:OpId_175 (cycles)
301502503453,EXECUTE,0,CYCLES,BACKEND,SUB-EVENT,_MatMul_7_post_reshape:OpId_178 (cycles)
301502503453,EXECUTE,31502,CYCLES,BACKEND,SUB-EVENT,_Mul_16:OpId_179 (cycles)
301502503453,EXECUTE,0,CYCLES,BACKEND,SUB-EVENT,_MatMul_8_pre_reshape:OpId_181 (cycles)
301502503453,EXECUTE,14272,CYCLES,BACKEND,SUB-EVENT,_MatMul_8:OpId_183 (cycles)
301502503453,EXECUTE,0,CYCLES,BACKEND,SUB-EVENT,_MatMul_8_post_reshape:OpId_186 (cycles)
301502503453,EXECUTE,0,CYCLES,BACKEND,SUB-EVENT,_MatMul_8_output_0_nfc:OpId_188 (cycles)
301502503453,EXECUTE,2744,CYCLES,BACKEND,SUB-EVENT,_Add_8:OpId_190 (cycles)
301502503453,EXECUTE,7434,CYCLES,BACKEND,SUB-EVENT,hidden_out_ncf:OpId_193 (cycles)
301502503453,EXECUTE,13950,CYCLES,BACKEND,SUB-EVENT,Output OpId_3 (cycles)
301502503453,EXECUTE,7310,US,BACKEND,ROOT,Accelerator (execute) time
301502503453,EXECUTE,5494,US,BACKEND,ROOT,Accelerator (execute excluding wait) time
301502503453,EXECUTE,11895,US,BACKEND,ROOT,QNN (execute) time
301502519751,EXECUTE,11714,US,NETRUN,ROOT,Graph 0: tiny_block_prefill
301502519751,EXECUTE,4,COUNT,BACKEND,ROOT,Number of HVX threads used
301502519751,EXECUTE,11235,US,BACKEND,ROOT,RPC (execute) time
301502519751,EXECUTE,8979,US,BACKEND,ROOT,QNN accelerator (execute) time
301502519751,EXECUTE,0,COUNT,BACKEND,ROOT,Num times yield occured
301502519751,EXECUTE,7261,US,BACKEND,ROOT,Time for initial VTCM acquire
301502519751,EXECUTE,4820,US,BACKEND,ROOT,Time for HVX + HMX power on and acquire
301502519751,EXECUTE,6941176,CYCLES,BACKEND,ROOT,Accelerator (execute) time (cycles)
301502519751,EXECUTE,650,CYCLES,BACKEND,SUB-EVENT,Input OpId_2 (cycles)
301502519751,EXECUTE,0,CYCLES,BACKEND,SUB-EVENT,hidden_states_nfc:OpId_17 (cycles)
301502519751,EXECUTE,13852,CYCLES,BACKEND,SUB-EVENT,rms_norm__Mul_2_output_0:OpId_22 (cycles)
301502519751,EXECUTE,0,CYCLES,BACKEND,SUB-EVENT,_MatMul_2_pre_reshape:OpId_25 (cycles)
301502519751,EXECUTE,0,CYCLES,BACKEND,SUB-EVENT,_MatMul_1_pre_reshape:OpId_26 (cycles)
301502519751,EXECUTE,0,CYCLES,BACKEND,SUB-EVENT,_MatMul_pre_reshape:OpId_27 (cycles)
301502519751,EXECUTE,0,CYCLES,BACKEND,SUB-EVENT,_MatMul:OpId_30 (cycles)
301502519751,EXECUTE,0,CYCLES,BACKEND,SUB-EVENT,_MatMul_post_reshape:OpId_32 (cycles)
301502519751,EXECUTE,12424,CYCLES,BACKEND,SUB-EVENT,_Transpose:OpId_34 (cycles)
301502519751,EXECUTE,0,CYCLES,BACKEND,SUB-EVENT,_MatMul_1:OpId_37 (cycles)
301502519751,EXECUTE,0,CYCLES,BACKEND,SUB-EVENT,_MatMul_1_post_reshape:OpId_39 (cycles)
301502519751,EXECUTE,4249,CYCLES,BACKEND,SUB-EVENT,_Transpose_1:OpId_41 (cycles)
301502519751,EXECUTE,0,CYCLES,BACKEND,SUB-EVENT,_MatMul_2:OpId_44 (cycles)
301502519751,EXECUTE,0,CYCLES,BACKEND,SUB-EVENT,_MatMul_2_post_reshape:OpId_46 (cycles)
301502519751,EXECUTE,6282,CYCLES,BACKEND,SUB-EVENT,_Transpose_2:OpId_48 (cycles)
301502519751,EXECUTE,0,CYCLES,BACKEND,SUB-EVENT,_Slice:OpId_50 (cycles)
301502519751,EXECUTE,652,CYCLES,BACKEND,SUB-EVENT,_Slice_1:OpId_56 (cycles)
301502519751,EXECUTE,7694,CYCLES,BACKEND,SUB-EVENT,_Mul_3:OpId_62 (cycles)
301502519751,EXECUTE,6123,CYCLES,BACKEND,SUB-EVENT,_Mul_4:OpId_65 (cycles)
301502519751,EXECUTE,839,CYCLES,BACKEND,SUB-EVENT,_Sub:OpId_67 (cycles)
301502519751,EXECUTE,6433,CYCLES,BACKEND,SUB-EVENT,_Mul_5:OpId_69 (cycles)
301502519751,EXECUTE,6840,CYCLES,BACKEND,SUB-EVENT,_Mul_6:OpId_71 (cycles)
301502519751,EXECUTE,1219,CYCLES,BACKEND,SUB-EVENT,_Add_4:OpId_73 (cycles)
301502519751,EXECUTE,1254,CYCLES,BACKEND,SUB-EVENT,_Concat:OpId_75 (cycles)
301502519751,EXECUTE,0,CYCLES,BACKEND,SUB-EVENT,_Slice_2:OpId_78 (cycles)
301502519751,EXECUTE,1542,CYCLES,BACKEND,SUB-EVENT,_Slice_3:OpId_84 (cycles)
301502519751,EXECUTE,7780,CYCLES,BACKEND,SUB-EVENT,_Mul_7:OpId_89 (cycles)
301502519751,EXECUTE,5375,CYCLES,BACKEND,SUB-EVENT,_Mul_8:OpId_91 (cycles)
301502519751,EXECUTE,1110,CYCLES,BACKEND,SUB-EVENT,_Sub_1:OpId_93 (cycles)
301502519751,EXECUTE,5340,CYCLES,BACKEND,SUB-EVENT,_Mul_9:OpId_95 (cycles)
301502519751,EXECUTE,7716,CYCLES,BACKEND,SUB-EVENT,_Mul_10:OpId_97 (cycles)
301502519751,EXECUTE,298,CYCLES,BACKEND,SUB-EVENT,_Add_5:OpId_99 (cycles)
301502519751,EXECUTE,2702,CYCLES,BACKEND,SUB-EVENT,_Concat_1:OpId_101 (cycles)
301502519751,EXECUTE,0,CYCLES,BACKEND,SUB-EVENT,_Unsqueeze_4:OpId_103 (cycles)
301502519751,EXECUTE,2182,CYCLES,BACKEND,SUB-EVENT,_Tile:OpId_105 (cycles)
301502519751,EXECUTE,0,CYCLES,BACKEND,SUB-EVENT,_Reshape_3:OpId_106 (cycles)
301502519751,EXECUTE,0,CYCLES,BACKEND,SUB-EVENT,_Unsqueeze_5:OpId_107 (cycles)
301502519751,EXECUTE,1783,CYCLES,BACKEND,SUB-EVENT,_Tile_1:OpId_109 (cycles)
301502519751,EXECUTE,0,CYCLES,BACKEND,SUB-EVENT,_Reshape_4:OpId_110 (cycles)
301502519751,EXECUTE,0,CYCLES,BACKEND,SUB-EVENT,_Transpose_3:OpId_112 (cycles)
301502519751,EXECUTE,54457,CYCLES,BACKEND,SUB-EVENT,_MatMul_3:OpId_113 (cycles)
301502519751,EXECUTE,19834,CYCLES,BACKEND,SUB-EVENT,_Mul_11:OpId_118 (cycles)
301502519751,EXECUTE,0,CYCLES,BACKEND,SUB-EVENT,_Unsqueeze_7_output_0_cast_to_bool:OpId_121 (cycles)
301502519751,EXECUTE,12169,CYCLES,BACKEND,SUB-EVENT,_Where:OpId_123 (cycles)
301502519751,EXECUTE,20774,CYCLES,BACKEND,SUB-EVENT,_Softmax:OpId_124 (cycles)
301502519751,EXECUTE,14701,CYCLES,BACKEND,SUB-EVENT,_MatMul_4:OpId_127 (cycles)
301502519751,EXECUTE,0,CYCLES,BACKEND,SUB-EVENT,_Transpose_4:OpId_132 (cycles)
301502519751,EXECUTE,0,CYCLES,BACKEND,SUB-EVENT,_Reshape_5:OpId_133 (cycles)
301502519751,EXECUTE,1071,CYCLES,BACKEND,SUB-EVENT,_MatMul_5:OpId_135 (cycles)
301502519751,EXECUTE,0,CYCLES,BACKEND,SUB-EVENT,_MatMul_5_post_reshape:OpId_138 (cycles)
301502519751,EXECUTE,0,CYCLES,BACKEND,SUB-EVENT,_MatMul_5_output_0_nfc:OpId_140 (cycles)
301502519751,EXECUTE,3445,CYCLES,BACKEND,SUB-EVENT,_Add_6:OpId_142 (cycles)
301502519751,EXECUTE,0,CYCLES,BACKEND,SUB-EVENT,_Add_6_output_0_ncf:OpId_145 (cycles)
301502519751,EXECUTE,7637,CYCLES,BACKEND,SUB-EVENT,rms_norm__Mul_14_output_0:OpId_150 (cycles)
301502519751,EXECUTE,0,CYCLES,BACKEND,SUB-EVENT,_MatMul_7_pre_reshape:OpId_153 (cycles)
301502519751,EXECUTE,0,CYCLES,BACKEND,SUB-EVENT,_MatMul_6_pre_reshape:OpId_154 (cycles)
301502519751,EXECUTE,0,CYCLES,BACKEND,SUB-EVENT,_MatMul_6_lhs_reshape:OpId_156 (cycles)
301502519751,EXECUTE,0,CYCLES,BACKEND,SUB-EVENT,_MatMul_6_lhs_cast_fp16:OpId_157 (cycles)
301502519751,EXECUTE,5771,CYCLES,BACKEND,SUB-EVENT,_MatMul_6_pack_lhs_q13:OpId_158 (cycles)
301502519751,EXECUTE,17903,CYCLES,BACKEND,SUB-EVENT,_MatMul_6_weight_transpose:OpId_160 (cycles)
301502519751,EXECUTE,0,CYCLES,BACKEND,SUB-EVENT,_MatMul_6_rhs_cast_fp16:OpId_161 (cycles)
301502519751,EXECUTE,6560063,CYCLES,BACKEND,SUB-EVENT,_MatMul_6:OpId_162 (cycles)
301502519751,EXECUTE,0,CYCLES,BACKEND,SUB-EVENT,_MatMul_6_output_reshape:OpId_163 (cycles)
301502519751,EXECUTE,0,CYCLES,BACKEND,SUB-EVENT,_MatMul_6_post_reshape:OpId_164 (cycles)
301502519751,EXECUTE,13161,CYCLES,BACKEND,SUB-EVENT,_Sigmoid:OpId_165 (cycles)
301502519751,EXECUTE,50602,CYCLES,BACKEND,SUB-EVENT,_Mul_15:OpId_172 (cycles)
301502519751,EXECUTE,5914,CYCLES,BACKEND,SUB-EVENT,_MatMul_7:OpId_175 (cycles)
301502519751,EXECUTE,0,CYCLES,BACKEND,SUB-EVENT,_MatMul_7_post_reshape:OpId_178 (cycles)
301502519751,EXECUTE,27866,CYCLES,BACKEND,SUB-EVENT,_Mul_16:OpId_179 (cycles)
301502519751,EXECUTE,0,CYCLES,BACKEND,SUB-EVENT,_MatMul_8_pre_reshape:OpId_181 (cycles)
301502519751,EXECUTE,3208,CYCLES,BACKEND,SUB-EVENT,_MatMul_8:OpId_183 (cycles)
301502519751,EXECUTE,0,CYCLES,BACKEND,SUB-EVENT,_MatMul_8_post_reshape:OpId_186 (cycles)
301502519751,EXECUTE,0,CYCLES,BACKEND,SUB-EVENT,_MatMul_8_output_0_nfc:OpId_188 (cycles)
301502519751,EXECUTE,2831,CYCLES,BACKEND,SUB-EVENT,_Add_8:OpId_190 (cycles)
301502519751,EXECUTE,8391,CYCLES,BACKEND,SUB-EVENT,hidden_out_ncf:OpId_193 (cycles)
301502519751,EXECUTE,7039,CYCLES,BACKEND,SUB-EVENT,Output OpId_3 (cycles)
301502519751,EXECUTE,7127,US,BACKEND,ROOT,Accelerator (execute) time
301502519751,EXECUTE,5269,US,BACKEND,ROOT,Accelerator (execute excluding wait) time
301502519751,EXECUTE,11669,US,BACKEND,ROOT,QNN (execute) time
301502535794,EXECUTE,11558,US,NETRUN,ROOT,Graph 0: tiny_block_prefill
301502535794,EXECUTE,4,COUNT,BACKEND,ROOT,Number of HVX threads used
301502535794,EXECUTE,11080,US,BACKEND,ROOT,RPC (execute) time
301502535794,EXECUTE,8886,US,BACKEND,ROOT,QNN accelerator (execute) time
301502535794,EXECUTE,0,COUNT,BACKEND,ROOT,Num times yield occured
301502535794,EXECUTE,7169,US,BACKEND,ROOT,Time for initial VTCM acquire
301502535794,EXECUTE,4688,US,BACKEND,ROOT,Time for HVX + HMX power on and acquire
301502535794,EXECUTE,6769015,CYCLES,BACKEND,ROOT,Accelerator (execute) time (cycles)
301502535794,EXECUTE,915,CYCLES,BACKEND,SUB-EVENT,Input OpId_2 (cycles)
301502535794,EXECUTE,0,CYCLES,BACKEND,SUB-EVENT,hidden_states_nfc:OpId_17 (cycles)
301502535794,EXECUTE,11078,CYCLES,BACKEND,SUB-EVENT,rms_norm__Mul_2_output_0:OpId_22 (cycles)
301502535794,EXECUTE,0,CYCLES,BACKEND,SUB-EVENT,_MatMul_2_pre_reshape:OpId_25 (cycles)
301502535794,EXECUTE,0,CYCLES,BACKEND,SUB-EVENT,_MatMul_1_pre_reshape:OpId_26 (cycles)
301502535794,EXECUTE,0,CYCLES,BACKEND,SUB-EVENT,_MatMul_pre_reshape:OpId_27 (cycles)
301502535794,EXECUTE,0,CYCLES,BACKEND,SUB-EVENT,_MatMul:OpId_30 (cycles)
301502535794,EXECUTE,0,CYCLES,BACKEND,SUB-EVENT,_MatMul_post_reshape:OpId_32 (cycles)
301502535794,EXECUTE,12720,CYCLES,BACKEND,SUB-EVENT,_Transpose:OpId_34 (cycles)
301502535794,EXECUTE,0,CYCLES,BACKEND,SUB-EVENT,_MatMul_1:OpId_37 (cycles)
301502535794,EXECUTE,0,CYCLES,BACKEND,SUB-EVENT,_MatMul_1_post_reshape:OpId_39 (cycles)
301502535794,EXECUTE,6655,CYCLES,BACKEND,SUB-EVENT,_Transpose_1:OpId_41 (cycles)
301502535794,EXECUTE,0,CYCLES,BACKEND,SUB-EVENT,_MatMul_2:OpId_44 (cycles)
301502535794,EXECUTE,0,CYCLES,BACKEND,SUB-EVENT,_MatMul_2_post_reshape:OpId_46 (cycles)
301502535794,EXECUTE,6401,CYCLES,BACKEND,SUB-EVENT,_Transpose_2:OpId_48 (cycles)
301502535794,EXECUTE,0,CYCLES,BACKEND,SUB-EVENT,_Slice:OpId_50 (cycles)
301502535794,EXECUTE,643,CYCLES,BACKEND,SUB-EVENT,_Slice_1:OpId_56 (cycles)
301502535794,EXECUTE,7412,CYCLES,BACKEND,SUB-EVENT,_Mul_3:OpId_62 (cycles)
301502535794,EXECUTE,5948,CYCLES,BACKEND,SUB-EVENT,_Mul_4:OpId_65 (cycles)
301502535794,EXECUTE,835,CYCLES,BACKEND,SUB-EVENT,_Sub:OpId_67 (cycles)
301502535794,EXECUTE,6206,CYCLES,BACKEND,SUB-EVENT,_Mul_5:OpId_69 (cycles)
301502535794,EXECUTE,6569,CYCLES,BACKEND,SUB-EVENT,_Mul_6:OpId_71 (cycles)
301502535794,EXECUTE,1222,CYCLES,BACKEND,SUB-EVENT,_Add_4:OpId_73 (cycles)
301502535794,EXECUTE,1262,CYCLES,BACKEND,SUB-EVENT,_Concat:OpId_75 (cycles)
301502535794,EXECUTE,0,CYCLES,BACKEND,SUB-EVENT,_Slice_2:OpId_78 (cycles)
301502535794,EXECUTE,1542,CYCLES,BACKEND,SUB-EVENT,_Slice_3:OpId_84 (cycles)
301502535794,EXECUTE,7740,CYCLES,BACKEND,SUB-EVENT,_Mul_7:OpId_89 (cycles)
301502535794,EXECUTE,5620,CYCLES,BACKEND,SUB-EVENT,_Mul_8:OpId_91 (cycles)
301502535794,EXECUTE,1091,CYCLES,BACKEND,SUB-EVENT,_Sub_1:OpId_93 (cycles)
301502535794,EXECUTE,5545,CYCLES,BACKEND,SUB-EVENT,_Mul_9:OpId_95 (cycles)
301502535794,EXECUTE,7661,CYCLES,BACKEND,SUB-EVENT,_Mul_10:OpId_97 (cycles)
301502535794,EXECUTE,742,CYCLES,BACKEND,SUB-EVENT,_Add_5:OpId_99 (cycles)
301502535794,EXECUTE,2318,CYCLES,BACKEND,SUB-EVENT,_Concat_1:OpId_101 (cycles)
301502535794,EXECUTE,0,CYCLES,BACKEND,SUB-EVENT,_Unsqueeze_4:OpId_103 (cycles)
301502535794,EXECUTE,2007,CYCLES,BACKEND,SUB-EVENT,_Tile:OpId_105 (cycles)
301502535794,EXECUTE,0,CYCLES,BACKEND,SUB-EVENT,_Reshape_3:OpId_106 (cycles)
301502535794,EXECUTE,0,CYCLES,BACKEND,SUB-EVENT,_Unsqueeze_5:OpId_107 (cycles)
301502535794,EXECUTE,1509,CYCLES,BACKEND,SUB-EVENT,_Tile_1:OpId_109 (cycles)
301502535794,EXECUTE,0,CYCLES,BACKEND,SUB-EVENT,_Reshape_4:OpId_110 (cycles)
301502535794,EXECUTE,0,CYCLES,BACKEND,SUB-EVENT,_Transpose_3:OpId_112 (cycles)
301502535794,EXECUTE,53144,CYCLES,BACKEND,SUB-EVENT,_MatMul_3:OpId_113 (cycles)
301502535794,EXECUTE,21564,CYCLES,BACKEND,SUB-EVENT,_Mul_11:OpId_118 (cycles)
301502535794,EXECUTE,0,CYCLES,BACKEND,SUB-EVENT,_Unsqueeze_7_output_0_cast_to_bool:OpId_121 (cycles)
301502535794,EXECUTE,13127,CYCLES,BACKEND,SUB-EVENT,_Where:OpId_123 (cycles)
301502535794,EXECUTE,16480,CYCLES,BACKEND,SUB-EVENT,_Softmax:OpId_124 (cycles)
301502535794,EXECUTE,14923,CYCLES,BACKEND,SUB-EVENT,_MatMul_4:OpId_127 (cycles)
301502535794,EXECUTE,0,CYCLES,BACKEND,SUB-EVENT,_Transpose_4:OpId_132 (cycles)
301502535794,EXECUTE,0,CYCLES,BACKEND,SUB-EVENT,_Reshape_5:OpId_133 (cycles)
301502535794,EXECUTE,1103,CYCLES,BACKEND,SUB-EVENT,_MatMul_5:OpId_135 (cycles)
301502535794,EXECUTE,0,CYCLES,BACKEND,SUB-EVENT,_MatMul_5_post_reshape:OpId_138 (cycles)
301502535794,EXECUTE,0,CYCLES,BACKEND,SUB-EVENT,_MatMul_5_output_0_nfc:OpId_140 (cycles)
301502535794,EXECUTE,3215,CYCLES,BACKEND,SUB-EVENT,_Add_6:OpId_142 (cycles)
301502535794,EXECUTE,0,CYCLES,BACKEND,SUB-EVENT,_Add_6_output_0_ncf:OpId_145 (cycles)
301502535794,EXECUTE,7658,CYCLES,BACKEND,SUB-EVENT,rms_norm__Mul_14_output_0:OpId_150 (cycles)
301502535794,EXECUTE,0,CYCLES,BACKEND,SUB-EVENT,_MatMul_7_pre_reshape:OpId_153 (cycles)
301502535794,EXECUTE,0,CYCLES,BACKEND,SUB-EVENT,_MatMul_6_pre_reshape:OpId_154 (cycles)
301502535794,EXECUTE,0,CYCLES,BACKEND,SUB-EVENT,_MatMul_6_lhs_reshape:OpId_156 (cycles)
301502535794,EXECUTE,0,CYCLES,BACKEND,SUB-EVENT,_MatMul_6_lhs_cast_fp16:OpId_157 (cycles)
301502535794,EXECUTE,6538,CYCLES,BACKEND,SUB-EVENT,_MatMul_6_pack_lhs_q13:OpId_158 (cycles)
301502535794,EXECUTE,19021,CYCLES,BACKEND,SUB-EVENT,_MatMul_6_weight_transpose:OpId_160 (cycles)
301502535794,EXECUTE,0,CYCLES,BACKEND,SUB-EVENT,_MatMul_6_rhs_cast_fp16:OpId_161 (cycles)
301502535794,EXECUTE,6388040,CYCLES,BACKEND,SUB-EVENT,_MatMul_6:OpId_162 (cycles)
301502535794,EXECUTE,0,CYCLES,BACKEND,SUB-EVENT,_MatMul_6_output_reshape:OpId_163 (cycles)
301502535794,EXECUTE,0,CYCLES,BACKEND,SUB-EVENT,_MatMul_6_post_reshape:OpId_164 (cycles)
301502535794,EXECUTE,13240,CYCLES,BACKEND,SUB-EVENT,_Sigmoid:OpId_165 (cycles)
301502535794,EXECUTE,52503,CYCLES,BACKEND,SUB-EVENT,_Mul_15:OpId_172 (cycles)
301502535794,EXECUTE,4178,CYCLES,BACKEND,SUB-EVENT,_MatMul_7:OpId_175 (cycles)
301502535794,EXECUTE,0,CYCLES,BACKEND,SUB-EVENT,_MatMul_7_post_reshape:OpId_178 (cycles)
301502535794,EXECUTE,28456,CYCLES,BACKEND,SUB-EVENT,_Mul_16:OpId_179 (cycles)
301502535794,EXECUTE,0,CYCLES,BACKEND,SUB-EVENT,_MatMul_8_pre_reshape:OpId_181 (cycles)
301502535794,EXECUTE,3940,CYCLES,BACKEND,SUB-EVENT,_MatMul_8:OpId_183 (cycles)
301502535794,EXECUTE,0,CYCLES,BACKEND,SUB-EVENT,_MatMul_8_post_reshape:OpId_186 (cycles)
301502535794,EXECUTE,0,CYCLES,BACKEND,SUB-EVENT,_MatMul_8_output_0_nfc:OpId_188 (cycles)
301502535794,EXECUTE,2877,CYCLES,BACKEND,SUB-EVENT,_Add_8:OpId_190 (cycles)
301502535794,EXECUTE,8477,CYCLES,BACKEND,SUB-EVENT,hidden_out_ncf:OpId_193 (cycles)
301502535794,EXECUTE,6890,CYCLES,BACKEND,SUB-EVENT,Output OpId_3 (cycles)
301502535794,EXECUTE,7026,US,BACKEND,ROOT,Accelerator (execute) time
301502535794,EXECUTE,5222,US,BACKEND,ROOT,Accelerator (execute excluding wait) time
301502535794,EXECUTE,11511,US,BACKEND,ROOT,QNN (execute) time
301502539671,EXECUTE IPS,62.131481,INF/SEC,NETRUN,ROOT,null
