input log file location, qwen_block_custom_qnn/device_output/q_proj_custom_layer0_prefill_seq16/qnn-profiling-data_0.log
qnn-profile-viewer version, v2.47.0.260601114230
qnn-net-run version, v2.47.0.260601114230
Backend version, v2.47.0.260601114230
Msg Timestamp, Message, Time, Unit of Measurement, Timing Source, Event Level, Event Identifier
358770401095,INIT,437311,US,NETRUN,ROOT,null
358770481205,COMPOSE GRAPHS,79447,US,NETRUN,ROOT,null
358770835636,FINALIZE,353478,US,NETRUN,ROOT,Graph 0: qwen2_0_5b_layer0_prefill_seq16
358770835636,FINALIZE,7565,US,BACKEND,ROOT,RPC (finalize) time
358770835636,FINALIZE,6312,US,BACKEND,ROOT,QNN accelerator (finalize) time
358770835636,FINALIZE,6202,US,BACKEND,ROOT,Accelerator (finalize) time
358770835636,FINALIZE,353427,US,BACKEND,ROOT,QNN (finalize) time
358770835636,FINALIZE,185,US,BACKEND,SUB-EVENT,Graph Preparation Initializing
358770835636,FINALIZE,266062,US,BACKEND,SUB-EVENT,Graph Optimizations
358770835636,FINALIZE,3684,US,BACKEND,SUB-EVENT,Post Graph Optimization
358770835636,FINALIZE,19862,US,BACKEND,SUB-EVENT,Graph Sequencing for Target
358770835636,FINALIZE,4636,US,BACKEND,SUB-EVENT,VTCM Allocation
358770835636,FINALIZE,1956,US,BACKEND,SUB-EVENT,Parallelization Optimization
358770835636,FINALIZE,2458,US,BACKEND,SUB-EVENT,Finalizing Graph Sequence
358770835636,FINALIZE,86,US,BACKEND,SUB-EVENT,Completion
358771123511,DE-INIT,56655,US,NETRUN,ROOT,null
358771123511,DE-INIT,10089,US,BACKEND,ROOT,RPC (deinit) time
358771123511,DE-INIT,8823,US,BACKEND,ROOT,QNN Accelerator (deinit) time
358771123511,DE-INIT,8665,US,BACKEND,ROOT,Accelerator (deinit) time
358771123511,DE-INIT,56614,US,BACKEND,ROOT,QNN (deinit) time
358770861262,EXECUTE,24459,US,NETRUN,ROOT,Graph 0: qwen2_0_5b_layer0_prefill_seq16
358770861262,EXECUTE,4,COUNT,BACKEND,ROOT,Number of HVX threads used
358770861262,EXECUTE,24048,US,BACKEND,ROOT,RPC (execute) time
358770861262,EXECUTE,22061,US,BACKEND,ROOT,QNN accelerator (execute) time
358770861262,EXECUTE,0,COUNT,BACKEND,ROOT,Num times yield occured
358770861262,EXECUTE,2868,US,BACKEND,ROOT,Time for initial VTCM acquire
358770861262,EXECUTE,39002,US,BACKEND,ROOT,Time for HVX + HMX power on and acquire
358770861262,EXECUTE,2035340,CYCLES,BACKEND,ROOT,Accelerator (execute) time (cycles)
358770861262,EXECUTE,5890,CYCLES,BACKEND,SUB-EVENT,Input OpId_2 (cycles)
358770861262,EXECUTE,0,CYCLES,BACKEND,SUB-EVENT,hidden_states_nfc:OpId_17 (cycles)
358770861262,EXECUTE,98251,CYCLES,BACKEND,SUB-EVENT,rms_norm__Mul_1_output_0:OpId_22 (cycles)
358770861262,EXECUTE,0,CYCLES,BACKEND,SUB-EVENT,_MatMul_2_pre_reshape:OpId_25 (cycles)
358770861262,EXECUTE,0,CYCLES,BACKEND,SUB-EVENT,_MatMul_1_pre_reshape:OpId_26 (cycles)
358770861262,EXECUTE,0,CYCLES,BACKEND,SUB-EVENT,_MatMul_pre_reshape:OpId_27 (cycles)
358770861262,EXECUTE,0,CYCLES,BACKEND,SUB-EVENT,_MatMul_lhs_reshape:OpId_30 (cycles)
358770861262,EXECUTE,0,CYCLES,BACKEND,SUB-EVENT,_MatMul_lhs_cast_fp16:OpId_31 (cycles)
358770861262,EXECUTE,18397,CYCLES,BACKEND,SUB-EVENT,_MatMul_rhs_cast_fp16:OpId_32 (cycles)
358770861262,EXECUTE,792136,CYCLES,BACKEND,SUB-EVENT,_MatMul:OpId_33 (cycles)
358770861262,EXECUTE,0,CYCLES,BACKEND,SUB-EVENT,_MatMul_custom_output_reshape:OpId_34 (cycles)
358770861262,EXECUTE,100165,CYCLES,BACKEND,SUB-EVENT,_MatMul_bias_add:OpId_35 (cycles)
358770861262,EXECUTE,0,CYCLES,BACKEND,SUB-EVENT,_MatMul_post_reshape:OpId_37 (cycles)
358770861262,EXECUTE,0,CYCLES,BACKEND,SUB-EVENT,_MatMul_1:OpId_40 (cycles)
358770861262,EXECUTE,0,CYCLES,BACKEND,SUB-EVENT,_MatMul_1_post_reshape:OpId_42 (cycles)
358770861262,EXECUTE,0,CYCLES,BACKEND,SUB-EVENT,_MatMul_2:OpId_45 (cycles)
358770861262,EXECUTE,0,CYCLES,BACKEND,SUB-EVENT,_MatMul_2_post_reshape:OpId_47 (cycles)
358770861262,EXECUTE,26129,CYCLES,BACKEND,SUB-EVENT,_Transpose:OpId_49 (cycles)
358770861262,EXECUTE,6987,CYCLES,BACKEND,SUB-EVENT,_Transpose_1:OpId_51 (cycles)
358770861262,EXECUTE,10233,CYCLES,BACKEND,SUB-EVENT,_Transpose_2:OpId_53 (cycles)
358770861262,EXECUTE,22737,CYCLES,BACKEND,SUB-EVENT,_Slice:OpId_55 (cycles)
358770861262,EXECUTE,7699,CYCLES,BACKEND,SUB-EVENT,_Slice_1:OpId_61 (cycles)
358770861262,EXECUTE,5322,CYCLES,BACKEND,SUB-EVENT,_Mul_2:OpId_67 (cycles)
358770861262,EXECUTE,4711,CYCLES,BACKEND,SUB-EVENT,_Mul_3:OpId_70 (cycles)
358770861262,EXECUTE,854,CYCLES,BACKEND,SUB-EVENT,_Sub:OpId_72 (cycles)
358770861262,EXECUTE,5154,CYCLES,BACKEND,SUB-EVENT,_Mul_4:OpId_74 (cycles)
358770861262,EXECUTE,4496,CYCLES,BACKEND,SUB-EVENT,_Mul_5:OpId_76 (cycles)
358770861262,EXECUTE,787,CYCLES,BACKEND,SUB-EVENT,_Add_4:OpId_78 (cycles)
358770861262,EXECUTE,0,CYCLES,BACKEND,SUB-EVENT,_Unsqueeze:OpId_80 (cycles)
358770861262,EXECUTE,0,CYCLES,BACKEND,SUB-EVENT,_Unsqueeze_1:OpId_81 (cycles)
358770861262,EXECUTE,3340,CYCLES,BACKEND,SUB-EVENT,_Concat:OpId_82 (cycles)
358770861262,EXECUTE,0,CYCLES,BACKEND,SUB-EVENT,_Reshape_3:OpId_84 (cycles)
358770861262,EXECUTE,27175,CYCLES,BACKEND,SUB-EVENT,_Slice_3:OpId_86 (cycles)
358770861262,EXECUTE,4602,CYCLES,BACKEND,SUB-EVENT,_Slice_4:OpId_92 (cycles)
358770861262,EXECUTE,3430,CYCLES,BACKEND,SUB-EVENT,_Mul_6:OpId_97 (cycles)
358770861262,EXECUTE,1786,CYCLES,BACKEND,SUB-EVENT,_Mul_7:OpId_99 (cycles)
358770861262,EXECUTE,759,CYCLES,BACKEND,SUB-EVENT,_Sub_1:OpId_101 (cycles)
358770861262,EXECUTE,3348,CYCLES,BACKEND,SUB-EVENT,_Mul_8:OpId_103 (cycles)
358770861262,EXECUTE,1798,CYCLES,BACKEND,SUB-EVENT,_Mul_9:OpId_105 (cycles)
358770861262,EXECUTE,613,CYCLES,BACKEND,SUB-EVENT,_Add_5:OpId_107 (cycles)
358770861262,EXECUTE,0,CYCLES,BACKEND,SUB-EVENT,_Unsqueeze_2:OpId_109 (cycles)
358770861262,EXECUTE,0,CYCLES,BACKEND,SUB-EVENT,_Unsqueeze_3:OpId_110 (cycles)
358770861262,EXECUTE,1930,CYCLES,BACKEND,SUB-EVENT,_Concat_2:OpId_111 (cycles)
358770861262,EXECUTE,1765,CYCLES,BACKEND,SUB-EVENT,_Reshape_4:OpId_113 (cycles)
358770861262,EXECUTE,0,CYCLES,BACKEND,SUB-EVENT,_Unsqueeze_4:OpId_114 (cycles)
358770861262,EXECUTE,2139,CYCLES,BACKEND,SUB-EVENT,_Tile:OpId_116 (cycles)
358770861262,EXECUTE,0,CYCLES,BACKEND,SUB-EVENT,_Reshape_5:OpId_117 (cycles)
358770861262,EXECUTE,0,CYCLES,BACKEND,SUB-EVENT,_Unsqueeze_5:OpId_118 (cycles)
358770861262,EXECUTE,4139,CYCLES,BACKEND,SUB-EVENT,_Tile_1:OpId_120 (cycles)
358770861262,EXECUTE,0,CYCLES,BACKEND,SUB-EVENT,_Reshape_6:OpId_121 (cycles)
358770861262,EXECUTE,0,CYCLES,BACKEND,SUB-EVENT,_Transpose_3:OpId_123 (cycles)
358770861262,EXECUTE,64314,CYCLES,BACKEND,SUB-EVENT,_MatMul_3:OpId_124 (cycles)
358770861262,EXECUTE,10834,CYCLES,BACKEND,SUB-EVENT,_Div_1:OpId_129 (cycles)
358770861262,EXECUTE,3043,CYCLES,BACKEND,SUB-EVENT,_Add_6:OpId_132 (cycles)
358770861262,EXECUTE,45285,CYCLES,BACKEND,SUB-EVENT,_Softmax:OpId_134 (cycles)
358770861262,EXECUTE,14587,CYCLES,BACKEND,SUB-EVENT,_MatMul_4:OpId_137 (cycles)
358770861262,EXECUTE,0,CYCLES,BACKEND,SUB-EVENT,_Transpose_4:OpId_142 (cycles)
358770861262,EXECUTE,0,CYCLES,BACKEND,SUB-EVENT,_Reshape_7:OpId_143 (cycles)
358770861262,EXECUTE,9561,CYCLES,BACKEND,SUB-EVENT,_MatMul_5:OpId_145 (cycles)
358770861262,EXECUTE,0,CYCLES,BACKEND,SUB-EVENT,_MatMul_5_post_reshape:OpId_148 (cycles)
358770861262,EXECUTE,0,CYCLES,BACKEND,SUB-EVENT,_MatMul_5_output_0_nfc:OpId_150 (cycles)
358770861262,EXECUTE,2668,CYCLES,BACKEND,SUB-EVENT,_Add_7:OpId_152 (cycles)
358770861262,EXECUTE,0,CYCLES,BACKEND,SUB-EVENT,_Add_7_output_0_ncf:OpId_155 (cycles)
358770861262,EXECUTE,12108,CYCLES,BACKEND,SUB-EVENT,rms_norm__Mul_11_output_0:OpId_160 (cycles)
358770861262,EXECUTE,0,CYCLES,BACKEND,SUB-EVENT,_MatMul_7_pre_reshape:OpId_163 (cycles)
358770861262,EXECUTE,0,CYCLES,BACKEND,SUB-EVENT,_MatMul_6_pre_reshape:OpId_164 (cycles)
358770861262,EXECUTE,127557,CYCLES,BACKEND,SUB-EVENT,_MatMul_6:OpId_166 (cycles)
358770861262,EXECUTE,0,CYCLES,BACKEND,SUB-EVENT,_MatMul_6_post_reshape:OpId_169 (cycles)
358770861262,EXECUTE,116765,CYCLES,BACKEND,SUB-EVENT,_MatMul_7:OpId_171 (cycles)
358770861262,EXECUTE,0,CYCLES,BACKEND,SUB-EVENT,_MatMul_7_post_reshape:OpId_174 (cycles)
358770861262,EXECUTE,0,CYCLES,BACKEND,SUB-EVENT,_Sigmoid:OpId_175 (cycles)
358770861262,EXECUTE,179981,CYCLES,BACKEND,SUB-EVENT,_Mul_12:OpId_182 (cycles)
358770861262,EXECUTE,79715,CYCLES,BACKEND,SUB-EVENT,_Mul_13:OpId_184 (cycles)
358770861262,EXECUTE,0,CYCLES,BACKEND,SUB-EVENT,_MatMul_8_pre_reshape:OpId_186 (cycles)
358770861262,EXECUTE,151965,CYCLES,BACKEND,SUB-EVENT,_MatMul_8:OpId_188 (cycles)
358770861262,EXECUTE,0,CYCLES,BACKEND,SUB-EVENT,_MatMul_8_post_reshape:OpId_191 (cycles)
358770861262,EXECUTE,0,CYCLES,BACKEND,SUB-EVENT,_MatMul_8_output_0_nfc:OpId_193 (cycles)
358770861262,EXECUTE,7174,CYCLES,BACKEND,SUB-EVENT,_Add_9:OpId_195 (cycles)
358770861262,EXECUTE,29891,CYCLES,BACKEND,SUB-EVENT,hidden_out_ncf:OpId_198 (cycles)
358770861262,EXECUTE,13120,CYCLES,BACKEND,SUB-EVENT,Output OpId_3 (cycles)
358770861262,EXECUTE,7592,US,BACKEND,ROOT,Accelerator (execute) time
358770861262,EXECUTE,4307,US,BACKEND,ROOT,Accelerator (execute excluding wait) time
358770861262,EXECUTE,24423,US,BACKEND,ROOT,QNN (execute) time
358770879272,EXECUTE,14393,US,NETRUN,ROOT,Graph 0: qwen2_0_5b_layer0_prefill_seq16
358770879272,EXECUTE,4,COUNT,BACKEND,ROOT,Number of HVX threads used
358770879272,EXECUTE,13780,US,BACKEND,ROOT,RPC (execute) time
358770879272,EXECUTE,11324,US,BACKEND,ROOT,QNN accelerator (execute) time
358770879272,EXECUTE,0,COUNT,BACKEND,ROOT,Num times yield occured
358770879272,EXECUTE,7276,US,BACKEND,ROOT,Time for initial VTCM acquire
358770879272,EXECUTE,4750,US,BACKEND,ROOT,Time for HVX + HMX power on and acquire
358770879272,EXECUTE,1963264,CYCLES,BACKEND,ROOT,Accelerator (execute) time (cycles)
358770879272,EXECUTE,1320,CYCLES,BACKEND,SUB-EVENT,Input OpId_2 (cycles)
358770879272,EXECUTE,0,CYCLES,BACKEND,SUB-EVENT,hidden_states_nfc:OpId_17 (cycles)
358770879272,EXECUTE,100444,CYCLES,BACKEND,SUB-EVENT,rms_norm__Mul_1_output_0:OpId_22 (cycles)
358770879272,EXECUTE,0,CYCLES,BACKEND,SUB-EVENT,_MatMul_2_pre_reshape:OpId_25 (cycles)
358770879272,EXECUTE,0,CYCLES,BACKEND,SUB-EVENT,_MatMul_1_pre_reshape:OpId_26 (cycles)
358770879272,EXECUTE,0,CYCLES,BACKEND,SUB-EVENT,_MatMul_pre_reshape:OpId_27 (cycles)
358770879272,EXECUTE,0,CYCLES,BACKEND,SUB-EVENT,_MatMul_lhs_reshape:OpId_30 (cycles)
358770879272,EXECUTE,0,CYCLES,BACKEND,SUB-EVENT,_MatMul_lhs_cast_fp16:OpId_31 (cycles)
358770879272,EXECUTE,501,CYCLES,BACKEND,SUB-EVENT,_MatMul_rhs_cast_fp16:OpId_32 (cycles)
358770879272,EXECUTE,791744,CYCLES,BACKEND,SUB-EVENT,_MatMul:OpId_33 (cycles)
358770879272,EXECUTE,0,CYCLES,BACKEND,SUB-EVENT,_MatMul_custom_output_reshape:OpId_34 (cycles)
358770879272,EXECUTE,99113,CYCLES,BACKEND,SUB-EVENT,_MatMul_bias_add:OpId_35 (cycles)
358770879272,EXECUTE,0,CYCLES,BACKEND,SUB-EVENT,_MatMul_post_reshape:OpId_37 (cycles)
358770879272,EXECUTE,0,CYCLES,BACKEND,SUB-EVENT,_MatMul_1:OpId_40 (cycles)
358770879272,EXECUTE,0,CYCLES,BACKEND,SUB-EVENT,_MatMul_1_post_reshape:OpId_42 (cycles)
358770879272,EXECUTE,0,CYCLES,BACKEND,SUB-EVENT,_MatMul_2:OpId_45 (cycles)
358770879272,EXECUTE,0,CYCLES,BACKEND,SUB-EVENT,_MatMul_2_post_reshape:OpId_47 (cycles)
358770879272,EXECUTE,26484,CYCLES,BACKEND,SUB-EVENT,_Transpose:OpId_49 (cycles)
358770879272,EXECUTE,6416,CYCLES,BACKEND,SUB-EVENT,_Transpose_1:OpId_51 (cycles)
358770879272,EXECUTE,8554,CYCLES,BACKEND,SUB-EVENT,_Transpose_2:OpId_53 (cycles)
358770879272,EXECUTE,22771,CYCLES,BACKEND,SUB-EVENT,_Slice:OpId_55 (cycles)
358770879272,EXECUTE,7289,CYCLES,BACKEND,SUB-EVENT,_Slice_1:OpId_61 (cycles)
358770879272,EXECUTE,5430,CYCLES,BACKEND,SUB-EVENT,_Mul_2:OpId_67 (cycles)
358770879272,EXECUTE,4930,CYCLES,BACKEND,SUB-EVENT,_Mul_3:OpId_70 (cycles)
358770879272,EXECUTE,1227,CYCLES,BACKEND,SUB-EVENT,_Sub:OpId_72 (cycles)
358770879272,EXECUTE,5374,CYCLES,BACKEND,SUB-EVENT,_Mul_4:OpId_74 (cycles)
358770879272,EXECUTE,4788,CYCLES,BACKEND,SUB-EVENT,_Mul_5:OpId_76 (cycles)
358770879272,EXECUTE,1721,CYCLES,BACKEND,SUB-EVENT,_Add_4:OpId_78 (cycles)
358770879272,EXECUTE,0,CYCLES,BACKEND,SUB-EVENT,_Unsqueeze:OpId_80 (cycles)
358770879272,EXECUTE,0,CYCLES,BACKEND,SUB-EVENT,_Unsqueeze_1:OpId_81 (cycles)
358770879272,EXECUTE,3921,CYCLES,BACKEND,SUB-EVENT,_Concat:OpId_82 (cycles)
358770879272,EXECUTE,0,CYCLES,BACKEND,SUB-EVENT,_Reshape_3:OpId_84 (cycles)
358770879272,EXECUTE,31190,CYCLES,BACKEND,SUB-EVENT,_Slice_3:OpId_86 (cycles)
358770879272,EXECUTE,5130,CYCLES,BACKEND,SUB-EVENT,_Slice_4:OpId_92 (cycles)
358770879272,EXECUTE,5205,CYCLES,BACKEND,SUB-EVENT,_Mul_6:OpId_97 (cycles)
358770879272,EXECUTE,2169,CYCLES,BACKEND,SUB-EVENT,_Mul_7:OpId_99 (cycles)
358770879272,EXECUTE,999,CYCLES,BACKEND,SUB-EVENT,_Sub_1:OpId_101 (cycles)
358770879272,EXECUTE,5171,CYCLES,BACKEND,SUB-EVENT,_Mul_8:OpId_103 (cycles)
358770879272,EXECUTE,2119,CYCLES,BACKEND,SUB-EVENT,_Mul_9:OpId_105 (cycles)
358770879272,EXECUTE,767,CYCLES,BACKEND,SUB-EVENT,_Add_5:OpId_107 (cycles)
358770879272,EXECUTE,0,CYCLES,BACKEND,SUB-EVENT,_Unsqueeze_2:OpId_109 (cycles)
358770879272,EXECUTE,0,CYCLES,BACKEND,SUB-EVENT,_Unsqueeze_3:OpId_110 (cycles)
358770879272,EXECUTE,2875,CYCLES,BACKEND,SUB-EVENT,_Concat_2:OpId_111 (cycles)
358770879272,EXECUTE,1868,CYCLES,BACKEND,SUB-EVENT,_Reshape_4:OpId_113 (cycles)
358770879272,EXECUTE,0,CYCLES,BACKEND,SUB-EVENT,_Unsqueeze_4:OpId_114 (cycles)
358770879272,EXECUTE,2746,CYCLES,BACKEND,SUB-EVENT,_Tile:OpId_116 (cycles)
358770879272,EXECUTE,0,CYCLES,BACKEND,SUB-EVENT,_Reshape_5:OpId_117 (cycles)
358770879272,EXECUTE,0,CYCLES,BACKEND,SUB-EVENT,_Unsqueeze_5:OpId_118 (cycles)
358770879272,EXECUTE,5229,CYCLES,BACKEND,SUB-EVENT,_Tile_1:OpId_120 (cycles)
358770879272,EXECUTE,0,CYCLES,BACKEND,SUB-EVENT,_Reshape_6:OpId_121 (cycles)
358770879272,EXECUTE,0,CYCLES,BACKEND,SUB-EVENT,_Transpose_3:OpId_123 (cycles)
358770879272,EXECUTE,75932,CYCLES,BACKEND,SUB-EVENT,_MatMul_3:OpId_124 (cycles)
358770879272,EXECUTE,12504,CYCLES,BACKEND,SUB-EVENT,_Div_1:OpId_129 (cycles)
358770879272,EXECUTE,5189,CYCLES,BACKEND,SUB-EVENT,_Add_6:OpId_132 (cycles)
358770879272,EXECUTE,49543,CYCLES,BACKEND,SUB-EVENT,_Softmax:OpId_134 (cycles)
358770879272,EXECUTE,16067,CYCLES,BACKEND,SUB-EVENT,_MatMul_4:OpId_137 (cycles)
358770879272,EXECUTE,0,CYCLES,BACKEND,SUB-EVENT,_Transpose_4:OpId_142 (cycles)
358770879272,EXECUTE,0,CYCLES,BACKEND,SUB-EVENT,_Reshape_7:OpId_143 (cycles)
358770879272,EXECUTE,12781,CYCLES,BACKEND,SUB-EVENT,_MatMul_5:OpId_145 (cycles)
358770879272,EXECUTE,0,CYCLES,BACKEND,SUB-EVENT,_MatMul_5_post_reshape:OpId_148 (cycles)
358770879272,EXECUTE,0,CYCLES,BACKEND,SUB-EVENT,_MatMul_5_output_0_nfc:OpId_150 (cycles)
358770879272,EXECUTE,2643,CYCLES,BACKEND,SUB-EVENT,_Add_7:OpId_152 (cycles)
358770879272,EXECUTE,0,CYCLES,BACKEND,SUB-EVENT,_Add_7_output_0_ncf:OpId_155 (cycles)
358770879272,EXECUTE,12750,CYCLES,BACKEND,SUB-EVENT,rms_norm__Mul_11_output_0:OpId_160 (cycles)
358770879272,EXECUTE,0,CYCLES,BACKEND,SUB-EVENT,_MatMul_7_pre_reshape:OpId_163 (cycles)
358770879272,EXECUTE,0,CYCLES,BACKEND,SUB-EVENT,_MatMul_6_pre_reshape:OpId_164 (cycles)
358770879272,EXECUTE,100702,CYCLES,BACKEND,SUB-EVENT,_MatMul_6:OpId_166 (cycles)
358770879272,EXECUTE,0,CYCLES,BACKEND,SUB-EVENT,_MatMul_6_post_reshape:OpId_169 (cycles)
358770879272,EXECUTE,79529,CYCLES,BACKEND,SUB-EVENT,_MatMul_7:OpId_171 (cycles)
358770879272,EXECUTE,0,CYCLES,BACKEND,SUB-EVENT,_MatMul_7_post_reshape:OpId_174 (cycles)
358770879272,EXECUTE,0,CYCLES,BACKEND,SUB-EVENT,_Sigmoid:OpId_175 (cycles)
358770879272,EXECUTE,180863,CYCLES,BACKEND,SUB-EVENT,_Mul_12:OpId_182 (cycles)
358770879272,EXECUTE,76036,CYCLES,BACKEND,SUB-EVENT,_Mul_13:OpId_184 (cycles)
358770879272,EXECUTE,0,CYCLES,BACKEND,SUB-EVENT,_MatMul_8_pre_reshape:OpId_186 (cycles)
358770879272,EXECUTE,139794,CYCLES,BACKEND,SUB-EVENT,_MatMul_8:OpId_188 (cycles)
358770879272,EXECUTE,0,CYCLES,BACKEND,SUB-EVENT,_MatMul_8_post_reshape:OpId_191 (cycles)
358770879272,EXECUTE,0,CYCLES,BACKEND,SUB-EVENT,_MatMul_8_output_0_nfc:OpId_193 (cycles)
358770879272,EXECUTE,6998,CYCLES,BACKEND,SUB-EVENT,_Add_9:OpId_195 (cycles)
358770879272,EXECUTE,28420,CYCLES,BACKEND,SUB-EVENT,hidden_out_ncf:OpId_198 (cycles)
358770879272,EXECUTE,6018,CYCLES,BACKEND,SUB-EVENT,Output OpId_3 (cycles)
358770879272,EXECUTE,5926,US,BACKEND,ROOT,Accelerator (execute) time
358770879272,EXECUTE,4090,US,BACKEND,ROOT,Accelerator (execute excluding wait) time
358770879272,EXECUTE,14348,US,BACKEND,ROOT,QNN (execute) time
358770902057,EXECUTE,16389,US,NETRUN,ROOT,Graph 0: qwen2_0_5b_layer0_prefill_seq16
358770902057,EXECUTE,4,COUNT,BACKEND,ROOT,Number of HVX threads used
358770902057,EXECUTE,15889,US,BACKEND,ROOT,RPC (execute) time
358770902057,EXECUTE,14523,US,BACKEND,ROOT,QNN accelerator (execute) time
358770902057,EXECUTE,0,COUNT,BACKEND,ROOT,Num times yield occured
358770902057,EXECUTE,7292,US,BACKEND,ROOT,Time for initial VTCM acquire
358770902057,EXECUTE,5090,US,BACKEND,ROOT,Time for HVX + HMX power on and acquire
358770902057,EXECUTE,3189270,CYCLES,BACKEND,ROOT,Accelerator (execute) time (cycles)
358770902057,EXECUTE,4233,CYCLES,BACKEND,SUB-EVENT,Input OpId_2 (cycles)
358770902057,EXECUTE,0,CYCLES,BACKEND,SUB-EVENT,hidden_states_nfc:OpId_17 (cycles)
358770902057,EXECUTE,195330,CYCLES,BACKEND,SUB-EVENT,rms_norm__Mul_1_output_0:OpId_22 (cycles)
358770902057,EXECUTE,0,CYCLES,BACKEND,SUB-EVENT,_MatMul_2_pre_reshape:OpId_25 (cycles)
358770902057,EXECUTE,0,CYCLES,BACKEND,SUB-EVENT,_MatMul_1_pre_reshape:OpId_26 (cycles)
358770902057,EXECUTE,0,CYCLES,BACKEND,SUB-EVENT,_MatMul_pre_reshape:OpId_27 (cycles)
358770902057,EXECUTE,0,CYCLES,BACKEND,SUB-EVENT,_MatMul_lhs_reshape:OpId_30 (cycles)
358770902057,EXECUTE,0,CYCLES,BACKEND,SUB-EVENT,_MatMul_lhs_cast_fp16:OpId_31 (cycles)
358770902057,EXECUTE,2443,CYCLES,BACKEND,SUB-EVENT,_MatMul_rhs_cast_fp16:OpId_32 (cycles)
358770902057,EXECUTE,798015,CYCLES,BACKEND,SUB-EVENT,_MatMul:OpId_33 (cycles)
358770902057,EXECUTE,0,CYCLES,BACKEND,SUB-EVENT,_MatMul_custom_output_reshape:OpId_34 (cycles)
358770902057,EXECUTE,166499,CYCLES,BACKEND,SUB-EVENT,_MatMul_bias_add:OpId_35 (cycles)
358770902057,EXECUTE,0,CYCLES,BACKEND,SUB-EVENT,_MatMul_post_reshape:OpId_37 (cycles)
358770902057,EXECUTE,0,CYCLES,BACKEND,SUB-EVENT,_MatMul_1:OpId_40 (cycles)
358770902057,EXECUTE,0,CYCLES,BACKEND,SUB-EVENT,_MatMul_1_post_reshape:OpId_42 (cycles)
358770902057,EXECUTE,0,CYCLES,BACKEND,SUB-EVENT,_MatMul_2:OpId_45 (cycles)
358770902057,EXECUTE,0,CYCLES,BACKEND,SUB-EVENT,_MatMul_2_post_reshape:OpId_47 (cycles)
358770902057,EXECUTE,37956,CYCLES,BACKEND,SUB-EVENT,_Transpose:OpId_49 (cycles)
358770902057,EXECUTE,9958,CYCLES,BACKEND,SUB-EVENT,_Transpose_1:OpId_51 (cycles)
358770902057,EXECUTE,10622,CYCLES,BACKEND,SUB-EVENT,_Transpose_2:OpId_53 (cycles)
358770902057,EXECUTE,22750,CYCLES,BACKEND,SUB-EVENT,_Slice:OpId_55 (cycles)
358770902057,EXECUTE,13364,CYCLES,BACKEND,SUB-EVENT,_Slice_1:OpId_61 (cycles)
358770902057,EXECUTE,6965,CYCLES,BACKEND,SUB-EVENT,_Mul_2:OpId_67 (cycles)
358770902057,EXECUTE,4739,CYCLES,BACKEND,SUB-EVENT,_Mul_3:OpId_70 (cycles)
358770902057,EXECUTE,1206,CYCLES,BACKEND,SUB-EVENT,_Sub:OpId_72 (cycles)
358770902057,EXECUTE,7036,CYCLES,BACKEND,SUB-EVENT,_Mul_4:OpId_74 (cycles)
358770902057,EXECUTE,4590,CYCLES,BACKEND,SUB-EVENT,_Mul_5:OpId_76 (cycles)
358770902057,EXECUTE,7978,CYCLES,BACKEND,SUB-EVENT,_Add_4:OpId_78 (cycles)
358770902057,EXECUTE,0,CYCLES,BACKEND,SUB-EVENT,_Unsqueeze:OpId_80 (cycles)
358770902057,EXECUTE,0,CYCLES,BACKEND,SUB-EVENT,_Unsqueeze_1:OpId_81 (cycles)
358770902057,EXECUTE,4316,CYCLES,BACKEND,SUB-EVENT,_Concat:OpId_82 (cycles)
358770902057,EXECUTE,0,CYCLES,BACKEND,SUB-EVENT,_Reshape_3:OpId_84 (cycles)
358770902057,EXECUTE,70661,CYCLES,BACKEND,SUB-EVENT,_Slice_3:OpId_86 (cycles)
358770902057,EXECUTE,6178,CYCLES,BACKEND,SUB-EVENT,_Slice_4:OpId_92 (cycles)
358770902057,EXECUTE,12983,CYCLES,BACKEND,SUB-EVENT,_Mul_6:OpId_97 (cycles)
358770902057,EXECUTE,9797,CYCLES,BACKEND,SUB-EVENT,_Mul_7:OpId_99 (cycles)
358770902057,EXECUTE,1054,CYCLES,BACKEND,SUB-EVENT,_Sub_1:OpId_101 (cycles)
358770902057,EXECUTE,12843,CYCLES,BACKEND,SUB-EVENT,_Mul_8:OpId_103 (cycles)
358770902057,EXECUTE,4102,CYCLES,BACKEND,SUB-EVENT,_Mul_9:OpId_105 (cycles)
358770902057,EXECUTE,1267,CYCLES,BACKEND,SUB-EVENT,_Add_5:OpId_107 (cycles)
358770902057,EXECUTE,0,CYCLES,BACKEND,SUB-EVENT,_Unsqueeze_2:OpId_109 (cycles)
358770902057,EXECUTE,0,CYCLES,BACKEND,SUB-EVENT,_Unsqueeze_3:OpId_110 (cycles)
358770902057,EXECUTE,4057,CYCLES,BACKEND,SUB-EVENT,_Concat_2:OpId_111 (cycles)
358770902057,EXECUTE,6540,CYCLES,BACKEND,SUB-EVENT,_Reshape_4:OpId_113 (cycles)
358770902057,EXECUTE,0,CYCLES,BACKEND,SUB-EVENT,_Unsqueeze_4:OpId_114 (cycles)
358770902057,EXECUTE,3663,CYCLES,BACKEND,SUB-EVENT,_Tile:OpId_116 (cycles)
358770902057,EXECUTE,0,CYCLES,BACKEND,SUB-EVENT,_Reshape_5:OpId_117 (cycles)
358770902057,EXECUTE,0,CYCLES,BACKEND,SUB-EVENT,_Unsqueeze_5:OpId_118 (cycles)
358770902057,EXECUTE,9599,CYCLES,BACKEND,SUB-EVENT,_Tile_1:OpId_120 (cycles)
358770902057,EXECUTE,0,CYCLES,BACKEND,SUB-EVENT,_Reshape_6:OpId_121 (cycles)
358770902057,EXECUTE,0,CYCLES,BACKEND,SUB-EVENT,_Transpose_3:OpId_123 (cycles)
358770902057,EXECUTE,139982,CYCLES,BACKEND,SUB-EVENT,_MatMul_3:OpId_124 (cycles)
358770902057,EXECUTE,15672,CYCLES,BACKEND,SUB-EVENT,_Div_1:OpId_129 (cycles)
358770902057,EXECUTE,14584,CYCLES,BACKEND,SUB-EVENT,_Add_6:OpId_132 (cycles)
358770902057,EXECUTE,63673,CYCLES,BACKEND,SUB-EVENT,_Softmax:OpId_134 (cycles)
358770902057,EXECUTE,46803,CYCLES,BACKEND,SUB-EVENT,_MatMul_4:OpId_137 (cycles)
358770902057,EXECUTE,0,CYCLES,BACKEND,SUB-EVENT,_Transpose_4:OpId_142 (cycles)
358770902057,EXECUTE,0,CYCLES,BACKEND,SUB-EVENT,_Reshape_7:OpId_143 (cycles)
358770902057,EXECUTE,26946,CYCLES,BACKEND,SUB-EVENT,_MatMul_5:OpId_145 (cycles)
358770902057,EXECUTE,0,CYCLES,BACKEND,SUB-EVENT,_MatMul_5_post_reshape:OpId_148 (cycles)
358770902057,EXECUTE,0,CYCLES,BACKEND,SUB-EVENT,_MatMul_5_output_0_nfc:OpId_150 (cycles)
358770902057,EXECUTE,2659,CYCLES,BACKEND,SUB-EVENT,_Add_7:OpId_152 (cycles)
358770902057,EXECUTE,0,CYCLES,BACKEND,SUB-EVENT,_Add_7_output_0_ncf:OpId_155 (cycles)
358770902057,EXECUTE,14135,CYCLES,BACKEND,SUB-EVENT,rms_norm__Mul_11_output_0:OpId_160 (cycles)
358770902057,EXECUTE,0,CYCLES,BACKEND,SUB-EVENT,_MatMul_7_pre_reshape:OpId_163 (cycles)
358770902057,EXECUTE,0,CYCLES,BACKEND,SUB-EVENT,_MatMul_6_pre_reshape:OpId_164 (cycles)
358770902057,EXECUTE,236417,CYCLES,BACKEND,SUB-EVENT,_MatMul_6:OpId_166 (cycles)
358770902057,EXECUTE,0,CYCLES,BACKEND,SUB-EVENT,_MatMul_6_post_reshape:OpId_169 (cycles)
358770902057,EXECUTE,332803,CYCLES,BACKEND,SUB-EVENT,_MatMul_7:OpId_171 (cycles)
358770902057,EXECUTE,0,CYCLES,BACKEND,SUB-EVENT,_MatMul_7_post_reshape:OpId_174 (cycles)
358770902057,EXECUTE,0,CYCLES,BACKEND,SUB-EVENT,_Sigmoid:OpId_175 (cycles)
358770902057,EXECUTE,283130,CYCLES,BACKEND,SUB-EVENT,_Mul_12:OpId_182 (cycles)
358770902057,EXECUTE,131833,CYCLES,BACKEND,SUB-EVENT,_Mul_13:OpId_184 (cycles)
358770902057,EXECUTE,0,CYCLES,BACKEND,SUB-EVENT,_MatMul_8_pre_reshape:OpId_186 (cycles)
358770902057,EXECUTE,379714,CYCLES,BACKEND,SUB-EVENT,_MatMul_8:OpId_188 (cycles)
358770902057,EXECUTE,0,CYCLES,BACKEND,SUB-EVENT,_MatMul_8_post_reshape:OpId_191 (cycles)
358770902057,EXECUTE,0,CYCLES,BACKEND,SUB-EVENT,_MatMul_8_output_0_nfc:OpId_193 (cycles)
358770902057,EXECUTE,7105,CYCLES,BACKEND,SUB-EVENT,_Add_9:OpId_195 (cycles)
358770902057,EXECUTE,39548,CYCLES,BACKEND,SUB-EVENT,hidden_out_ncf:OpId_198 (cycles)
358770902057,EXECUTE,13522,CYCLES,BACKEND,SUB-EVENT,Output OpId_3 (cycles)
358770902057,EXECUTE,8236,US,BACKEND,ROOT,Accelerator (execute) time
358770902057,EXECUTE,6338,US,BACKEND,ROOT,Accelerator (execute excluding wait) time
358770902057,EXECUTE,16343,US,BACKEND,ROOT,QNN (execute) time
358770925845,EXECUTE,17530,US,NETRUN,ROOT,Graph 0: qwen2_0_5b_layer0_prefill_seq16
358770925845,EXECUTE,4,COUNT,BACKEND,ROOT,Number of HVX threads used
358770925845,EXECUTE,17060,US,BACKEND,ROOT,RPC (execute) time
358770925845,EXECUTE,14435,US,BACKEND,ROOT,QNN accelerator (execute) time
358770925845,EXECUTE,0,COUNT,BACKEND,ROOT,Num times yield occured
358770925845,EXECUTE,7766,US,BACKEND,ROOT,Time for initial VTCM acquire
358770925845,EXECUTE,5081,US,BACKEND,ROOT,Time for HVX + HMX power on and acquire
358770925845,EXECUTE,3162233,CYCLES,BACKEND,ROOT,Accelerator (execute) time (cycles)
358770925845,EXECUTE,3346,CYCLES,BACKEND,SUB-EVENT,Input OpId_2 (cycles)
358770925845,EXECUTE,0,CYCLES,BACKEND,SUB-EVENT,hidden_states_nfc:OpId_17 (cycles)
358770925845,EXECUTE,175298,CYCLES,BACKEND,SUB-EVENT,rms_norm__Mul_1_output_0:OpId_22 (cycles)
358770925845,EXECUTE,0,CYCLES,BACKEND,SUB-EVENT,_MatMul_2_pre_reshape:OpId_25 (cycles)
358770925845,EXECUTE,0,CYCLES,BACKEND,SUB-EVENT,_MatMul_1_pre_reshape:OpId_26 (cycles)
358770925845,EXECUTE,0,CYCLES,BACKEND,SUB-EVENT,_MatMul_pre_reshape:OpId_27 (cycles)
358770925845,EXECUTE,0,CYCLES,BACKEND,SUB-EVENT,_MatMul_lhs_reshape:OpId_30 (cycles)
358770925845,EXECUTE,0,CYCLES,BACKEND,SUB-EVENT,_MatMul_lhs_cast_fp16:OpId_31 (cycles)
358770925845,EXECUTE,1915,CYCLES,BACKEND,SUB-EVENT,_MatMul_rhs_cast_fp16:OpId_32 (cycles)
358770925845,EXECUTE,819561,CYCLES,BACKEND,SUB-EVENT,_MatMul:OpId_33 (cycles)
358770925845,EXECUTE,0,CYCLES,BACKEND,SUB-EVENT,_MatMul_custom_output_reshape:OpId_34 (cycles)
358770925845,EXECUTE,148612,CYCLES,BACKEND,SUB-EVENT,_MatMul_bias_add:OpId_35 (cycles)
358770925845,EXECUTE,0,CYCLES,BACKEND,SUB-EVENT,_MatMul_post_reshape:OpId_37 (cycles)
358770925845,EXECUTE,0,CYCLES,BACKEND,SUB-EVENT,_MatMul_1:OpId_40 (cycles)
358770925845,EXECUTE,0,CYCLES,BACKEND,SUB-EVENT,_MatMul_1_post_reshape:OpId_42 (cycles)
358770925845,EXECUTE,0,CYCLES,BACKEND,SUB-EVENT,_MatMul_2:OpId_45 (cycles)
358770925845,EXECUTE,0,CYCLES,BACKEND,SUB-EVENT,_MatMul_2_post_reshape:OpId_47 (cycles)
358770925845,EXECUTE,29975,CYCLES,BACKEND,SUB-EVENT,_Transpose:OpId_49 (cycles)
358770925845,EXECUTE,12893,CYCLES,BACKEND,SUB-EVENT,_Transpose_1:OpId_51 (cycles)
358770925845,EXECUTE,24607,CYCLES,BACKEND,SUB-EVENT,_Transpose_2:OpId_53 (cycles)
358770925845,EXECUTE,22300,CYCLES,BACKEND,SUB-EVENT,_Slice:OpId_55 (cycles)
358770925845,EXECUTE,7444,CYCLES,BACKEND,SUB-EVENT,_Slice_1:OpId_61 (cycles)
358770925845,EXECUTE,6665,CYCLES,BACKEND,SUB-EVENT,_Mul_2:OpId_67 (cycles)
358770925845,EXECUTE,4646,CYCLES,BACKEND,SUB-EVENT,_Mul_3:OpId_70 (cycles)
358770925845,EXECUTE,1066,CYCLES,BACKEND,SUB-EVENT,_Sub:OpId_72 (cycles)
358770925845,EXECUTE,6636,CYCLES,BACKEND,SUB-EVENT,_Mul_4:OpId_74 (cycles)
358770925845,EXECUTE,4578,CYCLES,BACKEND,SUB-EVENT,_Mul_5:OpId_76 (cycles)
358770925845,EXECUTE,3634,CYCLES,BACKEND,SUB-EVENT,_Add_4:OpId_78 (cycles)
358770925845,EXECUTE,0,CYCLES,BACKEND,SUB-EVENT,_Unsqueeze:OpId_80 (cycles)
358770925845,EXECUTE,0,CYCLES,BACKEND,SUB-EVENT,_Unsqueeze_1:OpId_81 (cycles)
358770925845,EXECUTE,4156,CYCLES,BACKEND,SUB-EVENT,_Concat:OpId_82 (cycles)
358770925845,EXECUTE,0,CYCLES,BACKEND,SUB-EVENT,_Reshape_3:OpId_84 (cycles)
358770925845,EXECUTE,78443,CYCLES,BACKEND,SUB-EVENT,_Slice_3:OpId_86 (cycles)
358770925845,EXECUTE,8739,CYCLES,BACKEND,SUB-EVENT,_Slice_4:OpId_92 (cycles)
358770925845,EXECUTE,16991,CYCLES,BACKEND,SUB-EVENT,_Mul_6:OpId_97 (cycles)
358770925845,EXECUTE,13915,CYCLES,BACKEND,SUB-EVENT,_Mul_7:OpId_99 (cycles)
358770925845,EXECUTE,912,CYCLES,BACKEND,SUB-EVENT,_Sub_1:OpId_101 (cycles)
358770925845,EXECUTE,16941,CYCLES,BACKEND,SUB-EVENT,_Mul_8:OpId_103 (cycles)
358770925845,EXECUTE,13856,CYCLES,BACKEND,SUB-EVENT,_Mul_9:OpId_105 (cycles)
358770925845,EXECUTE,1284,CYCLES,BACKEND,SUB-EVENT,_Add_5:OpId_107 (cycles)
358770925845,EXECUTE,0,CYCLES,BACKEND,SUB-EVENT,_Unsqueeze_2:OpId_109 (cycles)
358770925845,EXECUTE,0,CYCLES,BACKEND,SUB-EVENT,_Unsqueeze_3:OpId_110 (cycles)
358770925845,EXECUTE,3388,CYCLES,BACKEND,SUB-EVENT,_Concat_2:OpId_111 (cycles)
358770925845,EXECUTE,4437,CYCLES,BACKEND,SUB-EVENT,_Reshape_4:OpId_113 (cycles)
358770925845,EXECUTE,0,CYCLES,BACKEND,SUB-EVENT,_Unsqueeze_4:OpId_114 (cycles)
358770925845,EXECUTE,3395,CYCLES,BACKEND,SUB-EVENT,_Tile:OpId_116 (cycles)
358770925845,EXECUTE,0,CYCLES,BACKEND,SUB-EVENT,_Reshape_5:OpId_117 (cycles)
358770925845,EXECUTE,0,CYCLES,BACKEND,SUB-EVENT,_Unsqueeze_5:OpId_118 (cycles)
358770925845,EXECUTE,9053,CYCLES,BACKEND,SUB-EVENT,_Tile_1:OpId_120 (cycles)
358770925845,EXECUTE,0,CYCLES,BACKEND,SUB-EVENT,_Reshape_6:OpId_121 (cycles)
358770925845,EXECUTE,0,CYCLES,BACKEND,SUB-EVENT,_Transpose_3:OpId_123 (cycles)
358770925845,EXECUTE,139209,CYCLES,BACKEND,SUB-EVENT,_MatMul_3:OpId_124 (cycles)
358770925845,EXECUTE,13844,CYCLES,BACKEND,SUB-EVENT,_Div_1:OpId_129 (cycles)
358770925845,EXECUTE,10745,CYCLES,BACKEND,SUB-EVENT,_Add_6:OpId_132 (cycles)
358770925845,EXECUTE,58520,CYCLES,BACKEND,SUB-EVENT,_Softmax:OpId_134 (cycles)
358770925845,EXECUTE,54776,CYCLES,BACKEND,SUB-EVENT,_MatMul_4:OpId_137 (cycles)
358770925845,EXECUTE,0,CYCLES,BACKEND,SUB-EVENT,_Transpose_4:OpId_142 (cycles)
358770925845,EXECUTE,0,CYCLES,BACKEND,SUB-EVENT,_Reshape_7:OpId_143 (cycles)
358770925845,EXECUTE,20193,CYCLES,BACKEND,SUB-EVENT,_MatMul_5:OpId_145 (cycles)
358770925845,EXECUTE,0,CYCLES,BACKEND,SUB-EVENT,_MatMul_5_post_reshape:OpId_148 (cycles)
358770925845,EXECUTE,0,CYCLES,BACKEND,SUB-EVENT,_MatMul_5_output_0_nfc:OpId_150 (cycles)
358770925845,EXECUTE,2662,CYCLES,BACKEND,SUB-EVENT,_Add_7:OpId_152 (cycles)
358770925845,EXECUTE,0,CYCLES,BACKEND,SUB-EVENT,_Add_7_output_0_ncf:OpId_155 (cycles)
358770925845,EXECUTE,13717,CYCLES,BACKEND,SUB-EVENT,rms_norm__Mul_11_output_0:OpId_160 (cycles)
358770925845,EXECUTE,0,CYCLES,BACKEND,SUB-EVENT,_MatMul_7_pre_reshape:OpId_163 (cycles)
358770925845,EXECUTE,0,CYCLES,BACKEND,SUB-EVENT,_MatMul_6_pre_reshape:OpId_164 (cycles)
358770925845,EXECUTE,214308,CYCLES,BACKEND,SUB-EVENT,_MatMul_6:OpId_166 (cycles)
358770925845,EXECUTE,0,CYCLES,BACKEND,SUB-EVENT,_MatMul_6_post_reshape:OpId_169 (cycles)
358770925845,EXECUTE,331698,CYCLES,BACKEND,SUB-EVENT,_MatMul_7:OpId_171 (cycles)
358770925845,EXECUTE,0,CYCLES,BACKEND,SUB-EVENT,_MatMul_7_post_reshape:OpId_174 (cycles)
358770925845,EXECUTE,0,CYCLES,BACKEND,SUB-EVENT,_Sigmoid:OpId_175 (cycles)
358770925845,EXECUTE,287003,CYCLES,BACKEND,SUB-EVENT,_Mul_12:OpId_182 (cycles)
358770925845,EXECUTE,114202,CYCLES,BACKEND,SUB-EVENT,_Mul_13:OpId_184 (cycles)
358770925845,EXECUTE,0,CYCLES,BACKEND,SUB-EVENT,_MatMul_8_pre_reshape:OpId_186 (cycles)
358770925845,EXECUTE,389804,CYCLES,BACKEND,SUB-EVENT,_MatMul_8:OpId_188 (cycles)
358770925845,EXECUTE,0,CYCLES,BACKEND,SUB-EVENT,_MatMul_8_post_reshape:OpId_191 (cycles)
358770925845,EXECUTE,0,CYCLES,BACKEND,SUB-EVENT,_MatMul_8_output_0_nfc:OpId_193 (cycles)
358770925845,EXECUTE,7218,CYCLES,BACKEND,SUB-EVENT,_Add_9:OpId_195 (cycles)
358770925845,EXECUTE,40213,CYCLES,BACKEND,SUB-EVENT,hidden_out_ncf:OpId_198 (cycles)
358770925845,EXECUTE,15435,CYCLES,BACKEND,SUB-EVENT,Output OpId_3 (cycles)
358770925845,EXECUTE,8149,US,BACKEND,ROOT,Accelerator (execute) time
358770925845,EXECUTE,6251,US,BACKEND,ROOT,Accelerator (execute excluding wait) time
358770925845,EXECUTE,17486,US,BACKEND,ROOT,QNN (execute) time
358770949470,EXECUTE,17618,US,NETRUN,ROOT,Graph 0: qwen2_0_5b_layer0_prefill_seq16
358770949470,EXECUTE,4,COUNT,BACKEND,ROOT,Number of HVX threads used
358770949470,EXECUTE,17081,US,BACKEND,ROOT,RPC (execute) time
358770949470,EXECUTE,14514,US,BACKEND,ROOT,QNN accelerator (execute) time
358770949470,EXECUTE,0,COUNT,BACKEND,ROOT,Num times yield occured
358770949470,EXECUTE,7290,US,BACKEND,ROOT,Time for initial VTCM acquire
358770949470,EXECUTE,5128,US,BACKEND,ROOT,Time for HVX + HMX power on and acquire
358770949470,EXECUTE,3199229,CYCLES,BACKEND,ROOT,Accelerator (execute) time (cycles)
358770949470,EXECUTE,10142,CYCLES,BACKEND,SUB-EVENT,Input OpId_2 (cycles)
358770949470,EXECUTE,0,CYCLES,BACKEND,SUB-EVENT,hidden_states_nfc:OpId_17 (cycles)
358770949470,EXECUTE,195145,CYCLES,BACKEND,SUB-EVENT,rms_norm__Mul_1_output_0:OpId_22 (cycles)
358770949470,EXECUTE,0,CYCLES,BACKEND,SUB-EVENT,_MatMul_2_pre_reshape:OpId_25 (cycles)
358770949470,EXECUTE,0,CYCLES,BACKEND,SUB-EVENT,_MatMul_1_pre_reshape:OpId_26 (cycles)
358770949470,EXECUTE,0,CYCLES,BACKEND,SUB-EVENT,_MatMul_pre_reshape:OpId_27 (cycles)
358770949470,EXECUTE,0,CYCLES,BACKEND,SUB-EVENT,_MatMul_lhs_reshape:OpId_30 (cycles)
358770949470,EXECUTE,0,CYCLES,BACKEND,SUB-EVENT,_MatMul_lhs_cast_fp16:OpId_31 (cycles)
358770949470,EXECUTE,61268,CYCLES,BACKEND,SUB-EVENT,_MatMul_rhs_cast_fp16:OpId_32 (cycles)
358770949470,EXECUTE,824008,CYCLES,BACKEND,SUB-EVENT,_MatMul:OpId_33 (cycles)
358770949470,EXECUTE,0,CYCLES,BACKEND,SUB-EVENT,_MatMul_custom_output_reshape:OpId_34 (cycles)
358770949470,EXECUTE,153623,CYCLES,BACKEND,SUB-EVENT,_MatMul_bias_add:OpId_35 (cycles)
358770949470,EXECUTE,0,CYCLES,BACKEND,SUB-EVENT,_MatMul_post_reshape:OpId_37 (cycles)
358770949470,EXECUTE,0,CYCLES,BACKEND,SUB-EVENT,_MatMul_1:OpId_40 (cycles)
358770949470,EXECUTE,0,CYCLES,BACKEND,SUB-EVENT,_MatMul_1_post_reshape:OpId_42 (cycles)
358770949470,EXECUTE,0,CYCLES,BACKEND,SUB-EVENT,_MatMul_2:OpId_45 (cycles)
358770949470,EXECUTE,0,CYCLES,BACKEND,SUB-EVENT,_MatMul_2_post_reshape:OpId_47 (cycles)
358770949470,EXECUTE,28881,CYCLES,BACKEND,SUB-EVENT,_Transpose:OpId_49 (cycles)
358770949470,EXECUTE,18130,CYCLES,BACKEND,SUB-EVENT,_Transpose_1:OpId_51 (cycles)
358770949470,EXECUTE,20406,CYCLES,BACKEND,SUB-EVENT,_Transpose_2:OpId_53 (cycles)
358770949470,EXECUTE,22425,CYCLES,BACKEND,SUB-EVENT,_Slice:OpId_55 (cycles)
358770949470,EXECUTE,7321,CYCLES,BACKEND,SUB-EVENT,_Slice_1:OpId_61 (cycles)
358770949470,EXECUTE,6095,CYCLES,BACKEND,SUB-EVENT,_Mul_2:OpId_67 (cycles)
358770949470,EXECUTE,4713,CYCLES,BACKEND,SUB-EVENT,_Mul_3:OpId_70 (cycles)
358770949470,EXECUTE,1302,CYCLES,BACKEND,SUB-EVENT,_Sub:OpId_72 (cycles)
358770949470,EXECUTE,6083,CYCLES,BACKEND,SUB-EVENT,_Mul_4:OpId_74 (cycles)
358770949470,EXECUTE,4585,CYCLES,BACKEND,SUB-EVENT,_Mul_5:OpId_76 (cycles)
358770949470,EXECUTE,1471,CYCLES,BACKEND,SUB-EVENT,_Add_4:OpId_78 (cycles)
358770949470,EXECUTE,0,CYCLES,BACKEND,SUB-EVENT,_Unsqueeze:OpId_80 (cycles)
358770949470,EXECUTE,0,CYCLES,BACKEND,SUB-EVENT,_Unsqueeze_1:OpId_81 (cycles)
358770949470,EXECUTE,4038,CYCLES,BACKEND,SUB-EVENT,_Concat:OpId_82 (cycles)
358770949470,EXECUTE,0,CYCLES,BACKEND,SUB-EVENT,_Reshape_3:OpId_84 (cycles)
358770949470,EXECUTE,68502,CYCLES,BACKEND,SUB-EVENT,_Slice_3:OpId_86 (cycles)
358770949470,EXECUTE,5323,CYCLES,BACKEND,SUB-EVENT,_Slice_4:OpId_92 (cycles)
358770949470,EXECUTE,4860,CYCLES,BACKEND,SUB-EVENT,_Mul_6:OpId_97 (cycles)
358770949470,EXECUTE,2060,CYCLES,BACKEND,SUB-EVENT,_Mul_7:OpId_99 (cycles)
358770949470,EXECUTE,1004,CYCLES,BACKEND,SUB-EVENT,_Sub_1:OpId_101 (cycles)
358770949470,EXECUTE,4906,CYCLES,BACKEND,SUB-EVENT,_Mul_8:OpId_103 (cycles)
358770949470,EXECUTE,1997,CYCLES,BACKEND,SUB-EVENT,_Mul_9:OpId_105 (cycles)
358770949470,EXECUTE,791,CYCLES,BACKEND,SUB-EVENT,_Add_5:OpId_107 (cycles)
358770949470,EXECUTE,0,CYCLES,BACKEND,SUB-EVENT,_Unsqueeze_2:OpId_109 (cycles)
358770949470,EXECUTE,0,CYCLES,BACKEND,SUB-EVENT,_Unsqueeze_3:OpId_110 (cycles)
358770949470,EXECUTE,3413,CYCLES,BACKEND,SUB-EVENT,_Concat_2:OpId_111 (cycles)
358770949470,EXECUTE,5526,CYCLES,BACKEND,SUB-EVENT,_Reshape_4:OpId_113 (cycles)
358770949470,EXECUTE,0,CYCLES,BACKEND,SUB-EVENT,_Unsqueeze_4:OpId_114 (cycles)
358770949470,EXECUTE,2231,CYCLES,BACKEND,SUB-EVENT,_Tile:OpId_116 (cycles)
358770949470,EXECUTE,0,CYCLES,BACKEND,SUB-EVENT,_Reshape_5:OpId_117 (cycles)
358770949470,EXECUTE,0,CYCLES,BACKEND,SUB-EVENT,_Unsqueeze_5:OpId_118 (cycles)
358770949470,EXECUTE,11797,CYCLES,BACKEND,SUB-EVENT,_Tile_1:OpId_120 (cycles)
358770949470,EXECUTE,0,CYCLES,BACKEND,SUB-EVENT,_Reshape_6:OpId_121 (cycles)
358770949470,EXECUTE,0,CYCLES,BACKEND,SUB-EVENT,_Transpose_3:OpId_123 (cycles)
358770949470,EXECUTE,74639,CYCLES,BACKEND,SUB-EVENT,_MatMul_3:OpId_124 (cycles)
358770949470,EXECUTE,12814,CYCLES,BACKEND,SUB-EVENT,_Div_1:OpId_129 (cycles)
358770949470,EXECUTE,4022,CYCLES,BACKEND,SUB-EVENT,_Add_6:OpId_132 (cycles)
358770949470,EXECUTE,54736,CYCLES,BACKEND,SUB-EVENT,_Softmax:OpId_134 (cycles)
358770949470,EXECUTE,53138,CYCLES,BACKEND,SUB-EVENT,_MatMul_4:OpId_137 (cycles)
358770949470,EXECUTE,0,CYCLES,BACKEND,SUB-EVENT,_Transpose_4:OpId_142 (cycles)
358770949470,EXECUTE,0,CYCLES,BACKEND,SUB-EVENT,_Reshape_7:OpId_143 (cycles)
358770949470,EXECUTE,10979,CYCLES,BACKEND,SUB-EVENT,_MatMul_5:OpId_145 (cycles)
358770949470,EXECUTE,0,CYCLES,BACKEND,SUB-EVENT,_MatMul_5_post_reshape:OpId_148 (cycles)
358770949470,EXECUTE,0,CYCLES,BACKEND,SUB-EVENT,_MatMul_5_output_0_nfc:OpId_150 (cycles)
358770949470,EXECUTE,3023,CYCLES,BACKEND,SUB-EVENT,_Add_7:OpId_152 (cycles)
358770949470,EXECUTE,0,CYCLES,BACKEND,SUB-EVENT,_Add_7_output_0_ncf:OpId_155 (cycles)
358770949470,EXECUTE,12557,CYCLES,BACKEND,SUB-EVENT,rms_norm__Mul_11_output_0:OpId_160 (cycles)
358770949470,EXECUTE,0,CYCLES,BACKEND,SUB-EVENT,_MatMul_7_pre_reshape:OpId_163 (cycles)
358770949470,EXECUTE,0,CYCLES,BACKEND,SUB-EVENT,_MatMul_6_pre_reshape:OpId_164 (cycles)
358770949470,EXECUTE,300109,CYCLES,BACKEND,SUB-EVENT,_MatMul_6:OpId_166 (cycles)
358770949470,EXECUTE,0,CYCLES,BACKEND,SUB-EVENT,_MatMul_6_post_reshape:OpId_169 (cycles)
358770949470,EXECUTE,339912,CYCLES,BACKEND,SUB-EVENT,_MatMul_7:OpId_171 (cycles)
358770949470,EXECUTE,0,CYCLES,BACKEND,SUB-EVENT,_MatMul_7_post_reshape:OpId_174 (cycles)
358770949470,EXECUTE,0,CYCLES,BACKEND,SUB-EVENT,_Sigmoid:OpId_175 (cycles)
358770949470,EXECUTE,277304,CYCLES,BACKEND,SUB-EVENT,_Mul_12:OpId_182 (cycles)
358770949470,EXECUTE,97385,CYCLES,BACKEND,SUB-EVENT,_Mul_13:OpId_184 (cycles)
358770949470,EXECUTE,0,CYCLES,BACKEND,SUB-EVENT,_MatMul_8_pre_reshape:OpId_186 (cycles)
358770949470,EXECUTE,410493,CYCLES,BACKEND,SUB-EVENT,_MatMul_8:OpId_188 (cycles)
358770949470,EXECUTE,0,CYCLES,BACKEND,SUB-EVENT,_MatMul_8_post_reshape:OpId_191 (cycles)
358770949470,EXECUTE,0,CYCLES,BACKEND,SUB-EVENT,_MatMul_8_output_0_nfc:OpId_193 (cycles)
358770949470,EXECUTE,7145,CYCLES,BACKEND,SUB-EVENT,_Add_9:OpId_195 (cycles)
358770949470,EXECUTE,36706,CYCLES,BACKEND,SUB-EVENT,hidden_out_ncf:OpId_198 (cycles)
358770949470,EXECUTE,22221,CYCLES,BACKEND,SUB-EVENT,Output OpId_3 (cycles)
358770949470,EXECUTE,8463,US,BACKEND,ROOT,Accelerator (execute) time
358770949470,EXECUTE,6585,US,BACKEND,ROOT,Accelerator (execute excluding wait) time
358770949470,EXECUTE,17572,US,BACKEND,ROOT,QNN (execute) time
358770971534,EXECUTE,16088,US,NETRUN,ROOT,Graph 0: qwen2_0_5b_layer0_prefill_seq16
358770971534,EXECUTE,4,COUNT,BACKEND,ROOT,Number of HVX threads used
358770971534,EXECUTE,15549,US,BACKEND,ROOT,RPC (execute) time
358770971534,EXECUTE,14164,US,BACKEND,ROOT,QNN accelerator (execute) time
358770971534,EXECUTE,0,COUNT,BACKEND,ROOT,Num times yield occured
358770971534,EXECUTE,7538,US,BACKEND,ROOT,Time for initial VTCM acquire
358770971534,EXECUTE,4980,US,BACKEND,ROOT,Time for HVX + HMX power on and acquire
358770971534,EXECUTE,3171078,CYCLES,BACKEND,ROOT,Accelerator (execute) time (cycles)
358770971534,EXECUTE,2339,CYCLES,BACKEND,SUB-EVENT,Input OpId_2 (cycles)
358770971534,EXECUTE,0,CYCLES,BACKEND,SUB-EVENT,hidden_states_nfc:OpId_17 (cycles)
358770971534,EXECUTE,193719,CYCLES,BACKEND,SUB-EVENT,rms_norm__Mul_1_output_0:OpId_22 (cycles)
358770971534,EXECUTE,0,CYCLES,BACKEND,SUB-EVENT,_MatMul_2_pre_reshape:OpId_25 (cycles)
358770971534,EXECUTE,0,CYCLES,BACKEND,SUB-EVENT,_MatMul_1_pre_reshape:OpId_26 (cycles)
358770971534,EXECUTE,0,CYCLES,BACKEND,SUB-EVENT,_MatMul_pre_reshape:OpId_27 (cycles)
358770971534,EXECUTE,0,CYCLES,BACKEND,SUB-EVENT,_MatMul_lhs_reshape:OpId_30 (cycles)
358770971534,EXECUTE,0,CYCLES,BACKEND,SUB-EVENT,_MatMul_lhs_cast_fp16:OpId_31 (cycles)
358770971534,EXECUTE,2961,CYCLES,BACKEND,SUB-EVENT,_MatMul_rhs_cast_fp16:OpId_32 (cycles)
358770971534,EXECUTE,806625,CYCLES,BACKEND,SUB-EVENT,_MatMul:OpId_33 (cycles)
358770971534,EXECUTE,0,CYCLES,BACKEND,SUB-EVENT,_MatMul_custom_output_reshape:OpId_34 (cycles)
358770971534,EXECUTE,160935,CYCLES,BACKEND,SUB-EVENT,_MatMul_bias_add:OpId_35 (cycles)
358770971534,EXECUTE,0,CYCLES,BACKEND,SUB-EVENT,_MatMul_post_reshape:OpId_37 (cycles)
358770971534,EXECUTE,0,CYCLES,BACKEND,SUB-EVENT,_MatMul_1:OpId_40 (cycles)
358770971534,EXECUTE,0,CYCLES,BACKEND,SUB-EVENT,_MatMul_1_post_reshape:OpId_42 (cycles)
358770971534,EXECUTE,0,CYCLES,BACKEND,SUB-EVENT,_MatMul_2:OpId_45 (cycles)
358770971534,EXECUTE,0,CYCLES,BACKEND,SUB-EVENT,_MatMul_2_post_reshape:OpId_47 (cycles)
358770971534,EXECUTE,34202,CYCLES,BACKEND,SUB-EVENT,_Transpose:OpId_49 (cycles)
358770971534,EXECUTE,10930,CYCLES,BACKEND,SUB-EVENT,_Transpose_1:OpId_51 (cycles)
358770971534,EXECUTE,21994,CYCLES,BACKEND,SUB-EVENT,_Transpose_2:OpId_53 (cycles)
358770971534,EXECUTE,22715,CYCLES,BACKEND,SUB-EVENT,_Slice:OpId_55 (cycles)
358770971534,EXECUTE,7671,CYCLES,BACKEND,SUB-EVENT,_Slice_1:OpId_61 (cycles)
358770971534,EXECUTE,6183,CYCLES,BACKEND,SUB-EVENT,_Mul_2:OpId_67 (cycles)
358770971534,EXECUTE,4641,CYCLES,BACKEND,SUB-EVENT,_Mul_3:OpId_70 (cycles)
358770971534,EXECUTE,889,CYCLES,BACKEND,SUB-EVENT,_Sub:OpId_72 (cycles)
358770971534,EXECUTE,6006,CYCLES,BACKEND,SUB-EVENT,_Mul_4:OpId_74 (cycles)
358770971534,EXECUTE,4585,CYCLES,BACKEND,SUB-EVENT,_Mul_5:OpId_76 (cycles)
358770971534,EXECUTE,5760,CYCLES,BACKEND,SUB-EVENT,_Add_4:OpId_78 (cycles)
358770971534,EXECUTE,0,CYCLES,BACKEND,SUB-EVENT,_Unsqueeze:OpId_80 (cycles)
358770971534,EXECUTE,0,CYCLES,BACKEND,SUB-EVENT,_Unsqueeze_1:OpId_81 (cycles)
358770971534,EXECUTE,3663,CYCLES,BACKEND,SUB-EVENT,_Concat:OpId_82 (cycles)
358770971534,EXECUTE,0,CYCLES,BACKEND,SUB-EVENT,_Reshape_3:OpId_84 (cycles)
358770971534,EXECUTE,90202,CYCLES,BACKEND,SUB-EVENT,_Slice_3:OpId_86 (cycles)
358770971534,EXECUTE,8187,CYCLES,BACKEND,SUB-EVENT,_Slice_4:OpId_92 (cycles)
358770971534,EXECUTE,11538,CYCLES,BACKEND,SUB-EVENT,_Mul_6:OpId_97 (cycles)
358770971534,EXECUTE,9010,CYCLES,BACKEND,SUB-EVENT,_Mul_7:OpId_99 (cycles)
358770971534,EXECUTE,904,CYCLES,BACKEND,SUB-EVENT,_Sub_1:OpId_101 (cycles)
358770971534,EXECUTE,12205,CYCLES,BACKEND,SUB-EVENT,_Mul_8:OpId_103 (cycles)
358770971534,EXECUTE,8181,CYCLES,BACKEND,SUB-EVENT,_Mul_9:OpId_105 (cycles)
358770971534,EXECUTE,1363,CYCLES,BACKEND,SUB-EVENT,_Add_5:OpId_107 (cycles)
358770971534,EXECUTE,0,CYCLES,BACKEND,SUB-EVENT,_Unsqueeze_2:OpId_109 (cycles)
358770971534,EXECUTE,0,CYCLES,BACKEND,SUB-EVENT,_Unsqueeze_3:OpId_110 (cycles)
358770971534,EXECUTE,3021,CYCLES,BACKEND,SUB-EVENT,_Concat_2:OpId_111 (cycles)
358770971534,EXECUTE,5494,CYCLES,BACKEND,SUB-EVENT,_Reshape_4:OpId_113 (cycles)
358770971534,EXECUTE,0,CYCLES,BACKEND,SUB-EVENT,_Unsqueeze_4:OpId_114 (cycles)
358770971534,EXECUTE,8082,CYCLES,BACKEND,SUB-EVENT,_Tile:OpId_116 (cycles)
358770971534,EXECUTE,0,CYCLES,BACKEND,SUB-EVENT,_Reshape_5:OpId_117 (cycles)
358770971534,EXECUTE,0,CYCLES,BACKEND,SUB-EVENT,_Unsqueeze_5:OpId_118 (cycles)
358770971534,EXECUTE,11004,CYCLES,BACKEND,SUB-EVENT,_Tile_1:OpId_120 (cycles)
358770971534,EXECUTE,0,CYCLES,BACKEND,SUB-EVENT,_Reshape_6:OpId_121 (cycles)
358770971534,EXECUTE,0,CYCLES,BACKEND,SUB-EVENT,_Transpose_3:OpId_123 (cycles)
358770971534,EXECUTE,124573,CYCLES,BACKEND,SUB-EVENT,_MatMul_3:OpId_124 (cycles)
358770971534,EXECUTE,12504,CYCLES,BACKEND,SUB-EVENT,_Div_1:OpId_129 (cycles)
358770971534,EXECUTE,9986,CYCLES,BACKEND,SUB-EVENT,_Add_6:OpId_132 (cycles)
358770971534,EXECUTE,56709,CYCLES,BACKEND,SUB-EVENT,_Softmax:OpId_134 (cycles)
358770971534,EXECUTE,55907,CYCLES,BACKEND,SUB-EVENT,_MatMul_4:OpId_137 (cycles)
358770971534,EXECUTE,0,CYCLES,BACKEND,SUB-EVENT,_Transpose_4:OpId_142 (cycles)
358770971534,EXECUTE,0,CYCLES,BACKEND,SUB-EVENT,_Reshape_7:OpId_143 (cycles)
358770971534,EXECUTE,20426,CYCLES,BACKEND,SUB-EVENT,_MatMul_5:OpId_145 (cycles)
358770971534,EXECUTE,0,CYCLES,BACKEND,SUB-EVENT,_MatMul_5_post_reshape:OpId_148 (cycles)
358770971534,EXECUTE,0,CYCLES,BACKEND,SUB-EVENT,_MatMul_5_output_0_nfc:OpId_150 (cycles)
358770971534,EXECUTE,2673,CYCLES,BACKEND,SUB-EVENT,_Add_7:OpId_152 (cycles)
358770971534,EXECUTE,0,CYCLES,BACKEND,SUB-EVENT,_Add_7_output_0_ncf:OpId_155 (cycles)
358770971534,EXECUTE,15036,CYCLES,BACKEND,SUB-EVENT,rms_norm__Mul_11_output_0:OpId_160 (cycles)
358770971534,EXECUTE,0,CYCLES,BACKEND,SUB-EVENT,_MatMul_7_pre_reshape:OpId_163 (cycles)
358770971534,EXECUTE,0,CYCLES,BACKEND,SUB-EVENT,_MatMul_6_pre_reshape:OpId_164 (cycles)
358770971534,EXECUTE,216112,CYCLES,BACKEND,SUB-EVENT,_MatMul_6:OpId_166 (cycles)
358770971534,EXECUTE,0,CYCLES,BACKEND,SUB-EVENT,_MatMul_6_post_reshape:OpId_169 (cycles)
358770971534,EXECUTE,325152,CYCLES,BACKEND,SUB-EVENT,_MatMul_7:OpId_171 (cycles)
358770971534,EXECUTE,0,CYCLES,BACKEND,SUB-EVENT,_MatMul_7_post_reshape:OpId_174 (cycles)
358770971534,EXECUTE,0,CYCLES,BACKEND,SUB-EVENT,_Sigmoid:OpId_175 (cycles)
358770971534,EXECUTE,308770,CYCLES,BACKEND,SUB-EVENT,_Mul_12:OpId_182 (cycles)
358770971534,EXECUTE,110870,CYCLES,BACKEND,SUB-EVENT,_Mul_13:OpId_184 (cycles)
358770971534,EXECUTE,0,CYCLES,BACKEND,SUB-EVENT,_MatMul_8_pre_reshape:OpId_186 (cycles)
358770971534,EXECUTE,386739,CYCLES,BACKEND,SUB-EVENT,_MatMul_8:OpId_188 (cycles)
358770971534,EXECUTE,0,CYCLES,BACKEND,SUB-EVENT,_MatMul_8_post_reshape:OpId_191 (cycles)
358770971534,EXECUTE,0,CYCLES,BACKEND,SUB-EVENT,_MatMul_8_output_0_nfc:OpId_193 (cycles)
358770971534,EXECUTE,7158,CYCLES,BACKEND,SUB-EVENT,_Add_9:OpId_195 (cycles)
358770971534,EXECUTE,39237,CYCLES,BACKEND,SUB-EVENT,hidden_out_ncf:OpId_198 (cycles)
358770971534,EXECUTE,14217,CYCLES,BACKEND,SUB-EVENT,Output OpId_3 (cycles)
358770971534,EXECUTE,8151,US,BACKEND,ROOT,Accelerator (execute) time
358770971534,EXECUTE,6248,US,BACKEND,ROOT,Accelerator (execute excluding wait) time
358770971534,EXECUTE,16045,US,BACKEND,ROOT,QNN (execute) time
358770993671,EXECUTE,16204,US,NETRUN,ROOT,Graph 0: qwen2_0_5b_layer0_prefill_seq16
358770993671,EXECUTE,4,COUNT,BACKEND,ROOT,Number of HVX threads used
358770993671,EXECUTE,15722,US,BACKEND,ROOT,RPC (execute) time
358770993671,EXECUTE,14352,US,BACKEND,ROOT,QNN accelerator (execute) time
358770993671,EXECUTE,0,COUNT,BACKEND,ROOT,Num times yield occured
358770993671,EXECUTE,7402,US,BACKEND,ROOT,Time for initial VTCM acquire
358770993671,EXECUTE,5098,US,BACKEND,ROOT,Time for HVX + HMX power on and acquire
358770993671,EXECUTE,3166246,CYCLES,BACKEND,ROOT,Accelerator (execute) time (cycles)
358770993671,EXECUTE,3838,CYCLES,BACKEND,SUB-EVENT,Input OpId_2 (cycles)
358770993671,EXECUTE,0,CYCLES,BACKEND,SUB-EVENT,hidden_states_nfc:OpId_17 (cycles)
358770993671,EXECUTE,176918,CYCLES,BACKEND,SUB-EVENT,rms_norm__Mul_1_output_0:OpId_22 (cycles)
358770993671,EXECUTE,0,CYCLES,BACKEND,SUB-EVENT,_MatMul_2_pre_reshape:OpId_25 (cycles)
358770993671,EXECUTE,0,CYCLES,BACKEND,SUB-EVENT,_MatMul_1_pre_reshape:OpId_26 (cycles)
358770993671,EXECUTE,0,CYCLES,BACKEND,SUB-EVENT,_MatMul_pre_reshape:OpId_27 (cycles)
358770993671,EXECUTE,0,CYCLES,BACKEND,SUB-EVENT,_MatMul_lhs_reshape:OpId_30 (cycles)
358770993671,EXECUTE,0,CYCLES,BACKEND,SUB-EVENT,_MatMul_lhs_cast_fp16:OpId_31 (cycles)
358770993671,EXECUTE,2059,CYCLES,BACKEND,SUB-EVENT,_MatMul_rhs_cast_fp16:OpId_32 (cycles)
358770993671,EXECUTE,793171,CYCLES,BACKEND,SUB-EVENT,_MatMul:OpId_33 (cycles)
358770993671,EXECUTE,0,CYCLES,BACKEND,SUB-EVENT,_MatMul_custom_output_reshape:OpId_34 (cycles)
358770993671,EXECUTE,151902,CYCLES,BACKEND,SUB-EVENT,_MatMul_bias_add:OpId_35 (cycles)
358770993671,EXECUTE,0,CYCLES,BACKEND,SUB-EVENT,_MatMul_post_reshape:OpId_37 (cycles)
358770993671,EXECUTE,0,CYCLES,BACKEND,SUB-EVENT,_MatMul_1:OpId_40 (cycles)
358770993671,EXECUTE,0,CYCLES,BACKEND,SUB-EVENT,_MatMul_1_post_reshape:OpId_42 (cycles)
358770993671,EXECUTE,0,CYCLES,BACKEND,SUB-EVENT,_MatMul_2:OpId_45 (cycles)
358770993671,EXECUTE,0,CYCLES,BACKEND,SUB-EVENT,_MatMul_2_post_reshape:OpId_47 (cycles)
358770993671,EXECUTE,33270,CYCLES,BACKEND,SUB-EVENT,_Transpose:OpId_49 (cycles)
358770993671,EXECUTE,12119,CYCLES,BACKEND,SUB-EVENT,_Transpose_1:OpId_51 (cycles)
358770993671,EXECUTE,11965,CYCLES,BACKEND,SUB-EVENT,_Transpose_2:OpId_53 (cycles)
358770993671,EXECUTE,22260,CYCLES,BACKEND,SUB-EVENT,_Slice:OpId_55 (cycles)
358770993671,EXECUTE,7353,CYCLES,BACKEND,SUB-EVENT,_Slice_1:OpId_61 (cycles)
358770993671,EXECUTE,8713,CYCLES,BACKEND,SUB-EVENT,_Mul_2:OpId_67 (cycles)
358770993671,EXECUTE,4807,CYCLES,BACKEND,SUB-EVENT,_Mul_3:OpId_70 (cycles)
358770993671,EXECUTE,1348,CYCLES,BACKEND,SUB-EVENT,_Sub:OpId_72 (cycles)
358770993671,EXECUTE,7333,CYCLES,BACKEND,SUB-EVENT,_Mul_4:OpId_74 (cycles)
358770993671,EXECUTE,4690,CYCLES,BACKEND,SUB-EVENT,_Mul_5:OpId_76 (cycles)
358770993671,EXECUTE,4064,CYCLES,BACKEND,SUB-EVENT,_Add_4:OpId_78 (cycles)
358770993671,EXECUTE,0,CYCLES,BACKEND,SUB-EVENT,_Unsqueeze:OpId_80 (cycles)
358770993671,EXECUTE,0,CYCLES,BACKEND,SUB-EVENT,_Unsqueeze_1:OpId_81 (cycles)
358770993671,EXECUTE,4831,CYCLES,BACKEND,SUB-EVENT,_Concat:OpId_82 (cycles)
358770993671,EXECUTE,0,CYCLES,BACKEND,SUB-EVENT,_Reshape_3:OpId_84 (cycles)
358770993671,EXECUTE,81028,CYCLES,BACKEND,SUB-EVENT,_Slice_3:OpId_86 (cycles)
358770993671,EXECUTE,8776,CYCLES,BACKEND,SUB-EVENT,_Slice_4:OpId_92 (cycles)
358770993671,EXECUTE,10601,CYCLES,BACKEND,SUB-EVENT,_Mul_6:OpId_97 (cycles)
358770993671,EXECUTE,8773,CYCLES,BACKEND,SUB-EVENT,_Mul_7:OpId_99 (cycles)
358770993671,EXECUTE,1061,CYCLES,BACKEND,SUB-EVENT,_Sub_1:OpId_101 (cycles)
358770993671,EXECUTE,11461,CYCLES,BACKEND,SUB-EVENT,_Mul_8:OpId_103 (cycles)
358770993671,EXECUTE,7256,CYCLES,BACKEND,SUB-EVENT,_Mul_9:OpId_105 (cycles)
358770993671,EXECUTE,1052,CYCLES,BACKEND,SUB-EVENT,_Add_5:OpId_107 (cycles)
358770993671,EXECUTE,0,CYCLES,BACKEND,SUB-EVENT,_Unsqueeze_2:OpId_109 (cycles)
358770993671,EXECUTE,0,CYCLES,BACKEND,SUB-EVENT,_Unsqueeze_3:OpId_110 (cycles)
358770993671,EXECUTE,4587,CYCLES,BACKEND,SUB-EVENT,_Concat_2:OpId_111 (cycles)
358770993671,EXECUTE,5438,CYCLES,BACKEND,SUB-EVENT,_Reshape_4:OpId_113 (cycles)
358770993671,EXECUTE,0,CYCLES,BACKEND,SUB-EVENT,_Unsqueeze_4:OpId_114 (cycles)
358770993671,EXECUTE,7084,CYCLES,BACKEND,SUB-EVENT,_Tile:OpId_116 (cycles)
358770993671,EXECUTE,0,CYCLES,BACKEND,SUB-EVENT,_Reshape_5:OpId_117 (cycles)
358770993671,EXECUTE,0,CYCLES,BACKEND,SUB-EVENT,_Unsqueeze_5:OpId_118 (cycles)
358770993671,EXECUTE,9690,CYCLES,BACKEND,SUB-EVENT,_Tile_1:OpId_120 (cycles)
358770993671,EXECUTE,0,CYCLES,BACKEND,SUB-EVENT,_Reshape_6:OpId_121 (cycles)
358770993671,EXECUTE,0,CYCLES,BACKEND,SUB-EVENT,_Transpose_3:OpId_123 (cycles)
358770993671,EXECUTE,133024,CYCLES,BACKEND,SUB-EVENT,_MatMul_3:OpId_124 (cycles)
358770993671,EXECUTE,13952,CYCLES,BACKEND,SUB-EVENT,_Div_1:OpId_129 (cycles)
358770993671,EXECUTE,8380,CYCLES,BACKEND,SUB-EVENT,_Add_6:OpId_132 (cycles)
358770993671,EXECUTE,60646,CYCLES,BACKEND,SUB-EVENT,_Softmax:OpId_134 (cycles)
358770993671,EXECUTE,66568,CYCLES,BACKEND,SUB-EVENT,_MatMul_4:OpId_137 (cycles)
358770993671,EXECUTE,0,CYCLES,BACKEND,SUB-EVENT,_Transpose_4:OpId_142 (cycles)
358770993671,EXECUTE,0,CYCLES,BACKEND,SUB-EVENT,_Reshape_7:OpId_143 (cycles)
358770993671,EXECUTE,22438,CYCLES,BACKEND,SUB-EVENT,_MatMul_5:OpId_145 (cycles)
358770993671,EXECUTE,0,CYCLES,BACKEND,SUB-EVENT,_MatMul_5_post_reshape:OpId_148 (cycles)
358770993671,EXECUTE,0,CYCLES,BACKEND,SUB-EVENT,_MatMul_5_output_0_nfc:OpId_150 (cycles)
358770993671,EXECUTE,2674,CYCLES,BACKEND,SUB-EVENT,_Add_7:OpId_152 (cycles)
358770993671,EXECUTE,0,CYCLES,BACKEND,SUB-EVENT,_Add_7_output_0_ncf:OpId_155 (cycles)
358770993671,EXECUTE,14102,CYCLES,BACKEND,SUB-EVENT,rms_norm__Mul_11_output_0:OpId_160 (cycles)
358770993671,EXECUTE,0,CYCLES,BACKEND,SUB-EVENT,_MatMul_7_pre_reshape:OpId_163 (cycles)
358770993671,EXECUTE,0,CYCLES,BACKEND,SUB-EVENT,_MatMul_6_pre_reshape:OpId_164 (cycles)
358770993671,EXECUTE,228940,CYCLES,BACKEND,SUB-EVENT,_MatMul_6:OpId_166 (cycles)
358770993671,EXECUTE,0,CYCLES,BACKEND,SUB-EVENT,_MatMul_6_post_reshape:OpId_169 (cycles)
358770993671,EXECUTE,319369,CYCLES,BACKEND,SUB-EVENT,_MatMul_7:OpId_171 (cycles)
358770993671,EXECUTE,0,CYCLES,BACKEND,SUB-EVENT,_MatMul_7_post_reshape:OpId_174 (cycles)
358770993671,EXECUTE,0,CYCLES,BACKEND,SUB-EVENT,_Sigmoid:OpId_175 (cycles)
358770993671,EXECUTE,321549,CYCLES,BACKEND,SUB-EVENT,_Mul_12:OpId_182 (cycles)
358770993671,EXECUTE,121037,CYCLES,BACKEND,SUB-EVENT,_Mul_13:OpId_184 (cycles)
358770993671,EXECUTE,0,CYCLES,BACKEND,SUB-EVENT,_MatMul_8_pre_reshape:OpId_186 (cycles)
358770993671,EXECUTE,387339,CYCLES,BACKEND,SUB-EVENT,_MatMul_8:OpId_188 (cycles)
358770993671,EXECUTE,0,CYCLES,BACKEND,SUB-EVENT,_MatMul_8_post_reshape:OpId_191 (cycles)
358770993671,EXECUTE,0,CYCLES,BACKEND,SUB-EVENT,_MatMul_8_output_0_nfc:OpId_193 (cycles)
358770993671,EXECUTE,7147,CYCLES,BACKEND,SUB-EVENT,_Add_9:OpId_195 (cycles)
358770993671,EXECUTE,40196,CYCLES,BACKEND,SUB-EVENT,hidden_out_ncf:OpId_198 (cycles)
358770993671,EXECUTE,11437,CYCLES,BACKEND,SUB-EVENT,Output OpId_3 (cycles)
358770993671,EXECUTE,8156,US,BACKEND,ROOT,Accelerator (execute) time
358770993671,EXECUTE,6280,US,BACKEND,ROOT,Accelerator (execute excluding wait) time
358770993671,EXECUTE,16169,US,BACKEND,ROOT,QNN (execute) time
358771015634,EXECUTE,16259,US,NETRUN,ROOT,Graph 0: qwen2_0_5b_layer0_prefill_seq16
358771015634,EXECUTE,4,COUNT,BACKEND,ROOT,Number of HVX threads used
358771015634,EXECUTE,15834,US,BACKEND,ROOT,RPC (execute) time
358771015634,EXECUTE,14506,US,BACKEND,ROOT,QNN accelerator (execute) time
358771015634,EXECUTE,0,COUNT,BACKEND,ROOT,Num times yield occured
358771015634,EXECUTE,8184,US,BACKEND,ROOT,Time for initial VTCM acquire
358771015634,EXECUTE,5094,US,BACKEND,ROOT,Time for HVX + HMX power on and acquire
358771015634,EXECUTE,3222207,CYCLES,BACKEND,ROOT,Accelerator (execute) time (cycles)
358771015634,EXECUTE,2717,CYCLES,BACKEND,SUB-EVENT,Input OpId_2 (cycles)
358771015634,EXECUTE,0,CYCLES,BACKEND,SUB-EVENT,hidden_states_nfc:OpId_17 (cycles)
358771015634,EXECUTE,191533,CYCLES,BACKEND,SUB-EVENT,rms_norm__Mul_1_output_0:OpId_22 (cycles)
358771015634,EXECUTE,0,CYCLES,BACKEND,SUB-EVENT,_MatMul_2_pre_reshape:OpId_25 (cycles)
358771015634,EXECUTE,0,CYCLES,BACKEND,SUB-EVENT,_MatMul_1_pre_reshape:OpId_26 (cycles)
358771015634,EXECUTE,0,CYCLES,BACKEND,SUB-EVENT,_MatMul_pre_reshape:OpId_27 (cycles)
358771015634,EXECUTE,0,CYCLES,BACKEND,SUB-EVENT,_MatMul_lhs_reshape:OpId_30 (cycles)
358771015634,EXECUTE,0,CYCLES,BACKEND,SUB-EVENT,_MatMul_lhs_cast_fp16:OpId_31 (cycles)
358771015634,EXECUTE,3035,CYCLES,BACKEND,SUB-EVENT,_MatMul_rhs_cast_fp16:OpId_32 (cycles)
358771015634,EXECUTE,797496,CYCLES,BACKEND,SUB-EVENT,_MatMul:OpId_33 (cycles)
358771015634,EXECUTE,0,CYCLES,BACKEND,SUB-EVENT,_MatMul_custom_output_reshape:OpId_34 (cycles)
358771015634,EXECUTE,159020,CYCLES,BACKEND,SUB-EVENT,_MatMul_bias_add:OpId_35 (cycles)
358771015634,EXECUTE,0,CYCLES,BACKEND,SUB-EVENT,_MatMul_post_reshape:OpId_37 (cycles)
358771015634,EXECUTE,0,CYCLES,BACKEND,SUB-EVENT,_MatMul_1:OpId_40 (cycles)
358771015634,EXECUTE,0,CYCLES,BACKEND,SUB-EVENT,_MatMul_1_post_reshape:OpId_42 (cycles)
358771015634,EXECUTE,0,CYCLES,BACKEND,SUB-EVENT,_MatMul_2:OpId_45 (cycles)
358771015634,EXECUTE,0,CYCLES,BACKEND,SUB-EVENT,_MatMul_2_post_reshape:OpId_47 (cycles)
358771015634,EXECUTE,30866,CYCLES,BACKEND,SUB-EVENT,_Transpose:OpId_49 (cycles)
358771015634,EXECUTE,15870,CYCLES,BACKEND,SUB-EVENT,_Transpose_1:OpId_51 (cycles)
358771015634,EXECUTE,11567,CYCLES,BACKEND,SUB-EVENT,_Transpose_2:OpId_53 (cycles)
358771015634,EXECUTE,22482,CYCLES,BACKEND,SUB-EVENT,_Slice:OpId_55 (cycles)
358771015634,EXECUTE,7422,CYCLES,BACKEND,SUB-EVENT,_Slice_1:OpId_61 (cycles)
358771015634,EXECUTE,6729,CYCLES,BACKEND,SUB-EVENT,_Mul_2:OpId_67 (cycles)
358771015634,EXECUTE,4717,CYCLES,BACKEND,SUB-EVENT,_Mul_3:OpId_70 (cycles)
358771015634,EXECUTE,1120,CYCLES,BACKEND,SUB-EVENT,_Sub:OpId_72 (cycles)
358771015634,EXECUTE,6917,CYCLES,BACKEND,SUB-EVENT,_Mul_4:OpId_74 (cycles)
358771015634,EXECUTE,4545,CYCLES,BACKEND,SUB-EVENT,_Mul_5:OpId_76 (cycles)
358771015634,EXECUTE,3528,CYCLES,BACKEND,SUB-EVENT,_Add_4:OpId_78 (cycles)
358771015634,EXECUTE,0,CYCLES,BACKEND,SUB-EVENT,_Unsqueeze:OpId_80 (cycles)
358771015634,EXECUTE,0,CYCLES,BACKEND,SUB-EVENT,_Unsqueeze_1:OpId_81 (cycles)
358771015634,EXECUTE,3934,CYCLES,BACKEND,SUB-EVENT,_Concat:OpId_82 (cycles)
358771015634,EXECUTE,0,CYCLES,BACKEND,SUB-EVENT,_Reshape_3:OpId_84 (cycles)
358771015634,EXECUTE,90966,CYCLES,BACKEND,SUB-EVENT,_Slice_3:OpId_86 (cycles)
358771015634,EXECUTE,8125,CYCLES,BACKEND,SUB-EVENT,_Slice_4:OpId_92 (cycles)
358771015634,EXECUTE,12149,CYCLES,BACKEND,SUB-EVENT,_Mul_6:OpId_97 (cycles)
358771015634,EXECUTE,9143,CYCLES,BACKEND,SUB-EVENT,_Mul_7:OpId_99 (cycles)
358771015634,EXECUTE,1013,CYCLES,BACKEND,SUB-EVENT,_Sub_1:OpId_101 (cycles)
358771015634,EXECUTE,12109,CYCLES,BACKEND,SUB-EVENT,_Mul_8:OpId_103 (cycles)
358771015634,EXECUTE,9091,CYCLES,BACKEND,SUB-EVENT,_Mul_9:OpId_105 (cycles)
358771015634,EXECUTE,1714,CYCLES,BACKEND,SUB-EVENT,_Add_5:OpId_107 (cycles)
358771015634,EXECUTE,0,CYCLES,BACKEND,SUB-EVENT,_Unsqueeze_2:OpId_109 (cycles)
358771015634,EXECUTE,0,CYCLES,BACKEND,SUB-EVENT,_Unsqueeze_3:OpId_110 (cycles)
358771015634,EXECUTE,3120,CYCLES,BACKEND,SUB-EVENT,_Concat_2:OpId_111 (cycles)
358771015634,EXECUTE,6068,CYCLES,BACKEND,SUB-EVENT,_Reshape_4:OpId_113 (cycles)
358771015634,EXECUTE,0,CYCLES,BACKEND,SUB-EVENT,_Unsqueeze_4:OpId_114 (cycles)
358771015634,EXECUTE,5096,CYCLES,BACKEND,SUB-EVENT,_Tile:OpId_116 (cycles)
358771015634,EXECUTE,0,CYCLES,BACKEND,SUB-EVENT,_Reshape_5:OpId_117 (cycles)
358771015634,EXECUTE,0,CYCLES,BACKEND,SUB-EVENT,_Unsqueeze_5:OpId_118 (cycles)
358771015634,EXECUTE,8907,CYCLES,BACKEND,SUB-EVENT,_Tile_1:OpId_120 (cycles)
358771015634,EXECUTE,0,CYCLES,BACKEND,SUB-EVENT,_Reshape_6:OpId_121 (cycles)
358771015634,EXECUTE,0,CYCLES,BACKEND,SUB-EVENT,_Transpose_3:OpId_123 (cycles)
358771015634,EXECUTE,143121,CYCLES,BACKEND,SUB-EVENT,_MatMul_3:OpId_124 (cycles)
358771015634,EXECUTE,13045,CYCLES,BACKEND,SUB-EVENT,_Div_1:OpId_129 (cycles)
358771015634,EXECUTE,9827,CYCLES,BACKEND,SUB-EVENT,_Add_6:OpId_132 (cycles)
358771015634,EXECUTE,58936,CYCLES,BACKEND,SUB-EVENT,_Softmax:OpId_134 (cycles)
358771015634,EXECUTE,53197,CYCLES,BACKEND,SUB-EVENT,_MatMul_4:OpId_137 (cycles)
358771015634,EXECUTE,0,CYCLES,BACKEND,SUB-EVENT,_Transpose_4:OpId_142 (cycles)
358771015634,EXECUTE,0,CYCLES,BACKEND,SUB-EVENT,_Reshape_7:OpId_143 (cycles)
358771015634,EXECUTE,27493,CYCLES,BACKEND,SUB-EVENT,_MatMul_5:OpId_145 (cycles)
358771015634,EXECUTE,0,CYCLES,BACKEND,SUB-EVENT,_MatMul_5_post_reshape:OpId_148 (cycles)
358771015634,EXECUTE,0,CYCLES,BACKEND,SUB-EVENT,_MatMul_5_output_0_nfc:OpId_150 (cycles)
358771015634,EXECUTE,2662,CYCLES,BACKEND,SUB-EVENT,_Add_7:OpId_152 (cycles)
358771015634,EXECUTE,0,CYCLES,BACKEND,SUB-EVENT,_Add_7_output_0_ncf:OpId_155 (cycles)
358771015634,EXECUTE,14914,CYCLES,BACKEND,SUB-EVENT,rms_norm__Mul_11_output_0:OpId_160 (cycles)
358771015634,EXECUTE,0,CYCLES,BACKEND,SUB-EVENT,_MatMul_7_pre_reshape:OpId_163 (cycles)
358771015634,EXECUTE,0,CYCLES,BACKEND,SUB-EVENT,_MatMul_6_pre_reshape:OpId_164 (cycles)
358771015634,EXECUTE,249350,CYCLES,BACKEND,SUB-EVENT,_MatMul_6:OpId_166 (cycles)
358771015634,EXECUTE,0,CYCLES,BACKEND,SUB-EVENT,_MatMul_6_post_reshape:OpId_169 (cycles)
358771015634,EXECUTE,321902,CYCLES,BACKEND,SUB-EVENT,_MatMul_7:OpId_171 (cycles)
358771015634,EXECUTE,0,CYCLES,BACKEND,SUB-EVENT,_MatMul_7_post_reshape:OpId_174 (cycles)
358771015634,EXECUTE,0,CYCLES,BACKEND,SUB-EVENT,_Sigmoid:OpId_175 (cycles)
358771015634,EXECUTE,321298,CYCLES,BACKEND,SUB-EVENT,_Mul_12:OpId_182 (cycles)
358771015634,EXECUTE,118024,CYCLES,BACKEND,SUB-EVENT,_Mul_13:OpId_184 (cycles)
358771015634,EXECUTE,0,CYCLES,BACKEND,SUB-EVENT,_MatMul_8_pre_reshape:OpId_186 (cycles)
358771015634,EXECUTE,386582,CYCLES,BACKEND,SUB-EVENT,_MatMul_8:OpId_188 (cycles)
358771015634,EXECUTE,0,CYCLES,BACKEND,SUB-EVENT,_MatMul_8_post_reshape:OpId_191 (cycles)
358771015634,EXECUTE,0,CYCLES,BACKEND,SUB-EVENT,_MatMul_8_output_0_nfc:OpId_193 (cycles)
358771015634,EXECUTE,7158,CYCLES,BACKEND,SUB-EVENT,_Add_9:OpId_195 (cycles)
358771015634,EXECUTE,41381,CYCLES,BACKEND,SUB-EVENT,hidden_out_ncf:OpId_198 (cycles)
358771015634,EXECUTE,12318,CYCLES,BACKEND,SUB-EVENT,Output OpId_3 (cycles)
358771015634,EXECUTE,8269,US,BACKEND,ROOT,Accelerator (execute) time
358771015634,EXECUTE,6321,US,BACKEND,ROOT,Accelerator (execute excluding wait) time
358771015634,EXECUTE,16224,US,BACKEND,ROOT,QNN (execute) time
358771038004,EXECUTE,16310,US,NETRUN,ROOT,Graph 0: qwen2_0_5b_layer0_prefill_seq16
358771038004,EXECUTE,4,COUNT,BACKEND,ROOT,Number of HVX threads used
358771038004,EXECUTE,15871,US,BACKEND,ROOT,RPC (execute) time
358771038004,EXECUTE,14495,US,BACKEND,ROOT,QNN accelerator (execute) time
358771038004,EXECUTE,0,COUNT,BACKEND,ROOT,Num times yield occured
358771038004,EXECUTE,7401,US,BACKEND,ROOT,Time for initial VTCM acquire
358771038004,EXECUTE,5177,US,BACKEND,ROOT,Time for HVX + HMX power on and acquire
358771038004,EXECUTE,3272501,CYCLES,BACKEND,ROOT,Accelerator (execute) time (cycles)
358771038004,EXECUTE,8873,CYCLES,BACKEND,SUB-EVENT,Input OpId_2 (cycles)
358771038004,EXECUTE,0,CYCLES,BACKEND,SUB-EVENT,hidden_states_nfc:OpId_17 (cycles)
358771038004,EXECUTE,202908,CYCLES,BACKEND,SUB-EVENT,rms_norm__Mul_1_output_0:OpId_22 (cycles)
358771038004,EXECUTE,0,CYCLES,BACKEND,SUB-EVENT,_MatMul_2_pre_reshape:OpId_25 (cycles)
358771038004,EXECUTE,0,CYCLES,BACKEND,SUB-EVENT,_MatMul_1_pre_reshape:OpId_26 (cycles)
358771038004,EXECUTE,0,CYCLES,BACKEND,SUB-EVENT,_MatMul_pre_reshape:OpId_27 (cycles)
358771038004,EXECUTE,0,CYCLES,BACKEND,SUB-EVENT,_MatMul_lhs_reshape:OpId_30 (cycles)
358771038004,EXECUTE,0,CYCLES,BACKEND,SUB-EVENT,_MatMul_lhs_cast_fp16:OpId_31 (cycles)
358771038004,EXECUTE,57542,CYCLES,BACKEND,SUB-EVENT,_MatMul_rhs_cast_fp16:OpId_32 (cycles)
358771038004,EXECUTE,820880,CYCLES,BACKEND,SUB-EVENT,_MatMul:OpId_33 (cycles)
358771038004,EXECUTE,0,CYCLES,BACKEND,SUB-EVENT,_MatMul_custom_output_reshape:OpId_34 (cycles)
358771038004,EXECUTE,169944,CYCLES,BACKEND,SUB-EVENT,_MatMul_bias_add:OpId_35 (cycles)
358771038004,EXECUTE,0,CYCLES,BACKEND,SUB-EVENT,_MatMul_post_reshape:OpId_37 (cycles)
358771038004,EXECUTE,0,CYCLES,BACKEND,SUB-EVENT,_MatMul_1:OpId_40 (cycles)
358771038004,EXECUTE,0,CYCLES,BACKEND,SUB-EVENT,_MatMul_1_post_reshape:OpId_42 (cycles)
358771038004,EXECUTE,0,CYCLES,BACKEND,SUB-EVENT,_MatMul_2:OpId_45 (cycles)
358771038004,EXECUTE,0,CYCLES,BACKEND,SUB-EVENT,_MatMul_2_post_reshape:OpId_47 (cycles)
358771038004,EXECUTE,34753,CYCLES,BACKEND,SUB-EVENT,_Transpose:OpId_49 (cycles)
358771038004,EXECUTE,16685,CYCLES,BACKEND,SUB-EVENT,_Transpose_1:OpId_51 (cycles)
358771038004,EXECUTE,17887,CYCLES,BACKEND,SUB-EVENT,_Transpose_2:OpId_53 (cycles)
358771038004,EXECUTE,22133,CYCLES,BACKEND,SUB-EVENT,_Slice:OpId_55 (cycles)
358771038004,EXECUTE,7489,CYCLES,BACKEND,SUB-EVENT,_Slice_1:OpId_61 (cycles)
358771038004,EXECUTE,6700,CYCLES,BACKEND,SUB-EVENT,_Mul_2:OpId_67 (cycles)
358771038004,EXECUTE,4712,CYCLES,BACKEND,SUB-EVENT,_Mul_3:OpId_70 (cycles)
358771038004,EXECUTE,1345,CYCLES,BACKEND,SUB-EVENT,_Sub:OpId_72 (cycles)
358771038004,EXECUTE,6787,CYCLES,BACKEND,SUB-EVENT,_Mul_4:OpId_74 (cycles)
358771038004,EXECUTE,4578,CYCLES,BACKEND,SUB-EVENT,_Mul_5:OpId_76 (cycles)
358771038004,EXECUTE,1180,CYCLES,BACKEND,SUB-EVENT,_Add_4:OpId_78 (cycles)
358771038004,EXECUTE,0,CYCLES,BACKEND,SUB-EVENT,_Unsqueeze:OpId_80 (cycles)
358771038004,EXECUTE,0,CYCLES,BACKEND,SUB-EVENT,_Unsqueeze_1:OpId_81 (cycles)
358771038004,EXECUTE,4199,CYCLES,BACKEND,SUB-EVENT,_Concat:OpId_82 (cycles)
358771038004,EXECUTE,0,CYCLES,BACKEND,SUB-EVENT,_Reshape_3:OpId_84 (cycles)
358771038004,EXECUTE,61055,CYCLES,BACKEND,SUB-EVENT,_Slice_3:OpId_86 (cycles)
358771038004,EXECUTE,5996,CYCLES,BACKEND,SUB-EVENT,_Slice_4:OpId_92 (cycles)
358771038004,EXECUTE,4950,CYCLES,BACKEND,SUB-EVENT,_Mul_6:OpId_97 (cycles)
358771038004,EXECUTE,2019,CYCLES,BACKEND,SUB-EVENT,_Mul_7:OpId_99 (cycles)
358771038004,EXECUTE,1051,CYCLES,BACKEND,SUB-EVENT,_Sub_1:OpId_101 (cycles)
358771038004,EXECUTE,5033,CYCLES,BACKEND,SUB-EVENT,_Mul_8:OpId_103 (cycles)
358771038004,EXECUTE,1962,CYCLES,BACKEND,SUB-EVENT,_Mul_9:OpId_105 (cycles)
358771038004,EXECUTE,1654,CYCLES,BACKEND,SUB-EVENT,_Add_5:OpId_107 (cycles)
358771038004,EXECUTE,0,CYCLES,BACKEND,SUB-EVENT,_Unsqueeze_2:OpId_109 (cycles)
358771038004,EXECUTE,0,CYCLES,BACKEND,SUB-EVENT,_Unsqueeze_3:OpId_110 (cycles)
358771038004,EXECUTE,3515,CYCLES,BACKEND,SUB-EVENT,_Concat_2:OpId_111 (cycles)
358771038004,EXECUTE,4990,CYCLES,BACKEND,SUB-EVENT,_Reshape_4:OpId_113 (cycles)
358771038004,EXECUTE,0,CYCLES,BACKEND,SUB-EVENT,_Unsqueeze_4:OpId_114 (cycles)
358771038004,EXECUTE,2186,CYCLES,BACKEND,SUB-EVENT,_Tile:OpId_116 (cycles)
358771038004,EXECUTE,0,CYCLES,BACKEND,SUB-EVENT,_Reshape_5:OpId_117 (cycles)
358771038004,EXECUTE,0,CYCLES,BACKEND,SUB-EVENT,_Unsqueeze_5:OpId_118 (cycles)
358771038004,EXECUTE,12065,CYCLES,BACKEND,SUB-EVENT,_Tile_1:OpId_120 (cycles)
358771038004,EXECUTE,0,CYCLES,BACKEND,SUB-EVENT,_Reshape_6:OpId_121 (cycles)
358771038004,EXECUTE,0,CYCLES,BACKEND,SUB-EVENT,_Transpose_3:OpId_123 (cycles)
358771038004,EXECUTE,88817,CYCLES,BACKEND,SUB-EVENT,_MatMul_3:OpId_124 (cycles)
358771038004,EXECUTE,13891,CYCLES,BACKEND,SUB-EVENT,_Div_1:OpId_129 (cycles)
358771038004,EXECUTE,3858,CYCLES,BACKEND,SUB-EVENT,_Add_6:OpId_132 (cycles)
358771038004,EXECUTE,60901,CYCLES,BACKEND,SUB-EVENT,_Softmax:OpId_134 (cycles)
358771038004,EXECUTE,56903,CYCLES,BACKEND,SUB-EVENT,_MatMul_4:OpId_137 (cycles)
358771038004,EXECUTE,0,CYCLES,BACKEND,SUB-EVENT,_Transpose_4:OpId_142 (cycles)
358771038004,EXECUTE,0,CYCLES,BACKEND,SUB-EVENT,_Reshape_7:OpId_143 (cycles)
358771038004,EXECUTE,11082,CYCLES,BACKEND,SUB-EVENT,_MatMul_5:OpId_145 (cycles)
358771038004,EXECUTE,0,CYCLES,BACKEND,SUB-EVENT,_MatMul_5_post_reshape:OpId_148 (cycles)
358771038004,EXECUTE,0,CYCLES,BACKEND,SUB-EVENT,_MatMul_5_output_0_nfc:OpId_150 (cycles)
358771038004,EXECUTE,3024,CYCLES,BACKEND,SUB-EVENT,_Add_7:OpId_152 (cycles)
358771038004,EXECUTE,0,CYCLES,BACKEND,SUB-EVENT,_Add_7_output_0_ncf:OpId_155 (cycles)
358771038004,EXECUTE,12568,CYCLES,BACKEND,SUB-EVENT,rms_norm__Mul_11_output_0:OpId_160 (cycles)
358771038004,EXECUTE,0,CYCLES,BACKEND,SUB-EVENT,_MatMul_7_pre_reshape:OpId_163 (cycles)
358771038004,EXECUTE,0,CYCLES,BACKEND,SUB-EVENT,_MatMul_6_pre_reshape:OpId_164 (cycles)
358771038004,EXECUTE,294880,CYCLES,BACKEND,SUB-EVENT,_MatMul_6:OpId_166 (cycles)
358771038004,EXECUTE,0,CYCLES,BACKEND,SUB-EVENT,_MatMul_6_post_reshape:OpId_169 (cycles)
358771038004,EXECUTE,315741,CYCLES,BACKEND,SUB-EVENT,_MatMul_7:OpId_171 (cycles)
358771038004,EXECUTE,0,CYCLES,BACKEND,SUB-EVENT,_MatMul_7_post_reshape:OpId_174 (cycles)
358771038004,EXECUTE,0,CYCLES,BACKEND,SUB-EVENT,_Sigmoid:OpId_175 (cycles)
358771038004,EXECUTE,344780,CYCLES,BACKEND,SUB-EVENT,_Mul_12:OpId_182 (cycles)
358771038004,EXECUTE,104774,CYCLES,BACKEND,SUB-EVENT,_Mul_13:OpId_184 (cycles)
358771038004,EXECUTE,0,CYCLES,BACKEND,SUB-EVENT,_MatMul_8_pre_reshape:OpId_186 (cycles)
358771038004,EXECUTE,399453,CYCLES,BACKEND,SUB-EVENT,_MatMul_8:OpId_188 (cycles)
358771038004,EXECUTE,0,CYCLES,BACKEND,SUB-EVENT,_MatMul_8_post_reshape:OpId_191 (cycles)
358771038004,EXECUTE,0,CYCLES,BACKEND,SUB-EVENT,_MatMul_8_output_0_nfc:OpId_193 (cycles)
358771038004,EXECUTE,7174,CYCLES,BACKEND,SUB-EVENT,_Add_9:OpId_195 (cycles)
358771038004,EXECUTE,39476,CYCLES,BACKEND,SUB-EVENT,hidden_out_ncf:OpId_198 (cycles)
358771038004,EXECUTE,20108,CYCLES,BACKEND,SUB-EVENT,Output OpId_3 (cycles)
358771038004,EXECUTE,8410,US,BACKEND,ROOT,Accelerator (execute) time
358771038004,EXECUTE,6529,US,BACKEND,ROOT,Accelerator (execute excluding wait) time
358771038004,EXECUTE,16254,US,BACKEND,ROOT,QNN (execute) time
358771060307,EXECUTE,16320,US,NETRUN,ROOT,Graph 0: qwen2_0_5b_layer0_prefill_seq16
358771060307,EXECUTE,4,COUNT,BACKEND,ROOT,Number of HVX threads used
358771060307,EXECUTE,15899,US,BACKEND,ROOT,RPC (execute) time
358771060307,EXECUTE,14486,US,BACKEND,ROOT,QNN accelerator (execute) time
358771060307,EXECUTE,0,COUNT,BACKEND,ROOT,Num times yield occured
358771060307,EXECUTE,7534,US,BACKEND,ROOT,Time for initial VTCM acquire
358771060307,EXECUTE,5091,US,BACKEND,ROOT,Time for HVX + HMX power on and acquire
358771060307,EXECUTE,3141186,CYCLES,BACKEND,ROOT,Accelerator (execute) time (cycles)
358771060307,EXECUTE,3475,CYCLES,BACKEND,SUB-EVENT,Input OpId_2 (cycles)
358771060307,EXECUTE,0,CYCLES,BACKEND,SUB-EVENT,hidden_states_nfc:OpId_17 (cycles)
358771060307,EXECUTE,175833,CYCLES,BACKEND,SUB-EVENT,rms_norm__Mul_1_output_0:OpId_22 (cycles)
358771060307,EXECUTE,0,CYCLES,BACKEND,SUB-EVENT,_MatMul_2_pre_reshape:OpId_25 (cycles)
358771060307,EXECUTE,0,CYCLES,BACKEND,SUB-EVENT,_MatMul_1_pre_reshape:OpId_26 (cycles)
358771060307,EXECUTE,0,CYCLES,BACKEND,SUB-EVENT,_MatMul_pre_reshape:OpId_27 (cycles)
358771060307,EXECUTE,0,CYCLES,BACKEND,SUB-EVENT,_MatMul_lhs_reshape:OpId_30 (cycles)
358771060307,EXECUTE,0,CYCLES,BACKEND,SUB-EVENT,_MatMul_lhs_cast_fp16:OpId_31 (cycles)
358771060307,EXECUTE,3099,CYCLES,BACKEND,SUB-EVENT,_MatMul_rhs_cast_fp16:OpId_32 (cycles)
358771060307,EXECUTE,798959,CYCLES,BACKEND,SUB-EVENT,_MatMul:OpId_33 (cycles)
358771060307,EXECUTE,0,CYCLES,BACKEND,SUB-EVENT,_MatMul_custom_output_reshape:OpId_34 (cycles)
358771060307,EXECUTE,161285,CYCLES,BACKEND,SUB-EVENT,_MatMul_bias_add:OpId_35 (cycles)
358771060307,EXECUTE,0,CYCLES,BACKEND,SUB-EVENT,_MatMul_post_reshape:OpId_37 (cycles)
358771060307,EXECUTE,0,CYCLES,BACKEND,SUB-EVENT,_MatMul_1:OpId_40 (cycles)
358771060307,EXECUTE,0,CYCLES,BACKEND,SUB-EVENT,_MatMul_1_post_reshape:OpId_42 (cycles)
358771060307,EXECUTE,0,CYCLES,BACKEND,SUB-EVENT,_MatMul_2:OpId_45 (cycles)
358771060307,EXECUTE,0,CYCLES,BACKEND,SUB-EVENT,_MatMul_2_post_reshape:OpId_47 (cycles)
358771060307,EXECUTE,33680,CYCLES,BACKEND,SUB-EVENT,_Transpose:OpId_49 (cycles)
358771060307,EXECUTE,15573,CYCLES,BACKEND,SUB-EVENT,_Transpose_1:OpId_51 (cycles)
358771060307,EXECUTE,14896,CYCLES,BACKEND,SUB-EVENT,_Transpose_2:OpId_53 (cycles)
358771060307,EXECUTE,22352,CYCLES,BACKEND,SUB-EVENT,_Slice:OpId_55 (cycles)
358771060307,EXECUTE,7302,CYCLES,BACKEND,SUB-EVENT,_Slice_1:OpId_61 (cycles)
358771060307,EXECUTE,9017,CYCLES,BACKEND,SUB-EVENT,_Mul_2:OpId_67 (cycles)
358771060307,EXECUTE,11912,CYCLES,BACKEND,SUB-EVENT,_Mul_3:OpId_70 (cycles)
358771060307,EXECUTE,877,CYCLES,BACKEND,SUB-EVENT,_Sub:OpId_72 (cycles)
358771060307,EXECUTE,6060,CYCLES,BACKEND,SUB-EVENT,_Mul_4:OpId_74 (cycles)
358771060307,EXECUTE,4953,CYCLES,BACKEND,SUB-EVENT,_Mul_5:OpId_76 (cycles)
358771060307,EXECUTE,11180,CYCLES,BACKEND,SUB-EVENT,_Add_4:OpId_78 (cycles)
358771060307,EXECUTE,0,CYCLES,BACKEND,SUB-EVENT,_Unsqueeze:OpId_80 (cycles)
358771060307,EXECUTE,0,CYCLES,BACKEND,SUB-EVENT,_Unsqueeze_1:OpId_81 (cycles)
358771060307,EXECUTE,4382,CYCLES,BACKEND,SUB-EVENT,_Concat:OpId_82 (cycles)
358771060307,EXECUTE,0,CYCLES,BACKEND,SUB-EVENT,_Reshape_3:OpId_84 (cycles)
358771060307,EXECUTE,58387,CYCLES,BACKEND,SUB-EVENT,_Slice_3:OpId_86 (cycles)
358771060307,EXECUTE,6318,CYCLES,BACKEND,SUB-EVENT,_Slice_4:OpId_92 (cycles)
358771060307,EXECUTE,12353,CYCLES,BACKEND,SUB-EVENT,_Mul_6:OpId_97 (cycles)
358771060307,EXECUTE,10206,CYCLES,BACKEND,SUB-EVENT,_Mul_7:OpId_99 (cycles)
358771060307,EXECUTE,766,CYCLES,BACKEND,SUB-EVENT,_Sub_1:OpId_101 (cycles)
358771060307,EXECUTE,13081,CYCLES,BACKEND,SUB-EVENT,_Mul_8:OpId_103 (cycles)
358771060307,EXECUTE,9193,CYCLES,BACKEND,SUB-EVENT,_Mul_9:OpId_105 (cycles)
358771060307,EXECUTE,1049,CYCLES,BACKEND,SUB-EVENT,_Add_5:OpId_107 (cycles)
358771060307,EXECUTE,0,CYCLES,BACKEND,SUB-EVENT,_Unsqueeze_2:OpId_109 (cycles)
358771060307,EXECUTE,0,CYCLES,BACKEND,SUB-EVENT,_Unsqueeze_3:OpId_110 (cycles)
358771060307,EXECUTE,3433,CYCLES,BACKEND,SUB-EVENT,_Concat_2:OpId_111 (cycles)
358771060307,EXECUTE,4237,CYCLES,BACKEND,SUB-EVENT,_Reshape_4:OpId_113 (cycles)
358771060307,EXECUTE,0,CYCLES,BACKEND,SUB-EVENT,_Unsqueeze_4:OpId_114 (cycles)
358771060307,EXECUTE,3593,CYCLES,BACKEND,SUB-EVENT,_Tile:OpId_116 (cycles)
358771060307,EXECUTE,0,CYCLES,BACKEND,SUB-EVENT,_Reshape_5:OpId_117 (cycles)
358771060307,EXECUTE,0,CYCLES,BACKEND,SUB-EVENT,_Unsqueeze_5:OpId_118 (cycles)
358771060307,EXECUTE,11933,CYCLES,BACKEND,SUB-EVENT,_Tile_1:OpId_120 (cycles)
358771060307,EXECUTE,0,CYCLES,BACKEND,SUB-EVENT,_Reshape_6:OpId_121 (cycles)
358771060307,EXECUTE,0,CYCLES,BACKEND,SUB-EVENT,_Transpose_3:OpId_123 (cycles)
358771060307,EXECUTE,140420,CYCLES,BACKEND,SUB-EVENT,_MatMul_3:OpId_124 (cycles)
358771060307,EXECUTE,13355,CYCLES,BACKEND,SUB-EVENT,_Div_1:OpId_129 (cycles)
358771060307,EXECUTE,9015,CYCLES,BACKEND,SUB-EVENT,_Add_6:OpId_132 (cycles)
358771060307,EXECUTE,58506,CYCLES,BACKEND,SUB-EVENT,_Softmax:OpId_134 (cycles)
358771060307,EXECUTE,58613,CYCLES,BACKEND,SUB-EVENT,_MatMul_4:OpId_137 (cycles)
358771060307,EXECUTE,0,CYCLES,BACKEND,SUB-EVENT,_Transpose_4:OpId_142 (cycles)
358771060307,EXECUTE,0,CYCLES,BACKEND,SUB-EVENT,_Reshape_7:OpId_143 (cycles)
358771060307,EXECUTE,26271,CYCLES,BACKEND,SUB-EVENT,_MatMul_5:OpId_145 (cycles)
358771060307,EXECUTE,0,CYCLES,BACKEND,SUB-EVENT,_MatMul_5_post_reshape:OpId_148 (cycles)
358771060307,EXECUTE,0,CYCLES,BACKEND,SUB-EVENT,_MatMul_5_output_0_nfc:OpId_150 (cycles)
358771060307,EXECUTE,2636,CYCLES,BACKEND,SUB-EVENT,_Add_7:OpId_152 (cycles)
358771060307,EXECUTE,0,CYCLES,BACKEND,SUB-EVENT,_Add_7_output_0_ncf:OpId_155 (cycles)
358771060307,EXECUTE,14994,CYCLES,BACKEND,SUB-EVENT,rms_norm__Mul_11_output_0:OpId_160 (cycles)
358771060307,EXECUTE,0,CYCLES,BACKEND,SUB-EVENT,_MatMul_7_pre_reshape:OpId_163 (cycles)
358771060307,EXECUTE,0,CYCLES,BACKEND,SUB-EVENT,_MatMul_6_pre_reshape:OpId_164 (cycles)
358771060307,EXECUTE,231841,CYCLES,BACKEND,SUB-EVENT,_MatMul_6:OpId_166 (cycles)
358771060307,EXECUTE,0,CYCLES,BACKEND,SUB-EVENT,_MatMul_6_post_reshape:OpId_169 (cycles)
358771060307,EXECUTE,330190,CYCLES,BACKEND,SUB-EVENT,_MatMul_7:OpId_171 (cycles)
358771060307,EXECUTE,0,CYCLES,BACKEND,SUB-EVENT,_MatMul_7_post_reshape:OpId_174 (cycles)
358771060307,EXECUTE,0,CYCLES,BACKEND,SUB-EVENT,_Sigmoid:OpId_175 (cycles)
358771060307,EXECUTE,273232,CYCLES,BACKEND,SUB-EVENT,_Mul_12:OpId_182 (cycles)
358771060307,EXECUTE,115856,CYCLES,BACKEND,SUB-EVENT,_Mul_13:OpId_184 (cycles)
358771060307,EXECUTE,0,CYCLES,BACKEND,SUB-EVENT,_MatMul_8_pre_reshape:OpId_186 (cycles)
358771060307,EXECUTE,382464,CYCLES,BACKEND,SUB-EVENT,_MatMul_8:OpId_188 (cycles)
358771060307,EXECUTE,0,CYCLES,BACKEND,SUB-EVENT,_MatMul_8_post_reshape:OpId_191 (cycles)
358771060307,EXECUTE,0,CYCLES,BACKEND,SUB-EVENT,_MatMul_8_output_0_nfc:OpId_193 (cycles)
358771060307,EXECUTE,7214,CYCLES,BACKEND,SUB-EVENT,_Add_9:OpId_195 (cycles)
358771060307,EXECUTE,40502,CYCLES,BACKEND,SUB-EVENT,hidden_out_ncf:OpId_198 (cycles)
358771060307,EXECUTE,16693,CYCLES,BACKEND,SUB-EVENT,Output OpId_3 (cycles)
358771060307,EXECUTE,8209,US,BACKEND,ROOT,Accelerator (execute) time
358771060307,EXECUTE,6317,US,BACKEND,ROOT,Accelerator (execute excluding wait) time
358771060307,EXECUTE,16278,US,BACKEND,ROOT,QNN (execute) time
358771065652,EXECUTE IPS,44.412071,INF/SEC,NETRUN,ROOT,null
