input log file location, tiny_llm_block_custom_matmul/device_output/prefill_q_proj_custom/qnn-profiling-data_0.log
qnn-profile-viewer version, v2.47.0.260601114230
qnn-net-run version, v2.47.0.260601114230
Backend version, v2.47.0.260601114230
Msg Timestamp, Message, Time, Unit of Measurement, Timing Source, Event Level, Event Identifier
299303646338,INIT,210134,US,NETRUN,ROOT,null
299303748477,COMPOSE GRAPHS,101199,US,NETRUN,ROOT,null
299303850722,FINALIZE,102035,US,NETRUN,ROOT,Graph 0: tiny_block_prefill
299303850722,FINALIZE,5249,US,BACKEND,ROOT,RPC (finalize) time
299303850722,FINALIZE,4875,US,BACKEND,ROOT,QNN accelerator (finalize) time
299303850722,FINALIZE,4742,US,BACKEND,ROOT,Accelerator (finalize) time
299303850722,FINALIZE,101991,US,BACKEND,ROOT,QNN (finalize) time
299303850722,FINALIZE,264,US,BACKEND,SUB-EVENT,Graph Preparation Initializing
299303850722,FINALIZE,61582,US,BACKEND,SUB-EVENT,Graph Optimizations
299303850722,FINALIZE,1881,US,BACKEND,SUB-EVENT,Post Graph Optimization
299303850722,FINALIZE,13065,US,BACKEND,SUB-EVENT,Graph Sequencing for Target
299303850722,FINALIZE,896,US,BACKEND,SUB-EVENT,VTCM Allocation
299303850722,FINALIZE,212,US,BACKEND,SUB-EVENT,Parallelization Optimization
299303850722,FINALIZE,746,US,BACKEND,SUB-EVENT,Finalizing Graph Sequence
299303850722,FINALIZE,31,US,BACKEND,SUB-EVENT,Completion
299304011342,DE-INIT,29343,US,NETRUN,ROOT,null
299304011342,DE-INIT,6359,US,BACKEND,ROOT,RPC (deinit) time
299304011342,DE-INIT,5127,US,BACKEND,ROOT,QNN Accelerator (deinit) time
299304011342,DE-INIT,4980,US,BACKEND,ROOT,Accelerator (deinit) time
299304011342,DE-INIT,29297,US,BACKEND,ROOT,QNN (deinit) time
299303863507,EXECUTE,10852,US,NETRUN,ROOT,Graph 0: tiny_block_prefill
299303863507,EXECUTE,4,COUNT,BACKEND,ROOT,Number of HVX threads used
299303863507,EXECUTE,10548,US,BACKEND,ROOT,RPC (execute) time
299303863507,EXECUTE,9656,US,BACKEND,ROOT,QNN accelerator (execute) time
299303863507,EXECUTE,0,COUNT,BACKEND,ROOT,Num times yield occured
299303863507,EXECUTE,2765,US,BACKEND,ROOT,Time for initial VTCM acquire
299303863507,EXECUTE,38974,US,BACKEND,ROOT,Time for HVX + HMX power on and acquire
299303863507,EXECUTE,3942444,CYCLES,BACKEND,ROOT,Accelerator (execute) time (cycles)
299303863507,EXECUTE,3833,CYCLES,BACKEND,SUB-EVENT,Input OpId_2 (cycles)
299303863507,EXECUTE,0,CYCLES,BACKEND,SUB-EVENT,hidden_states_nfc:OpId_17 (cycles)
299303863507,EXECUTE,19620,CYCLES,BACKEND,SUB-EVENT,rms_norm__Mul_2_output_0:OpId_22 (cycles)
299303863507,EXECUTE,0,CYCLES,BACKEND,SUB-EVENT,_MatMul_2_pre_reshape:OpId_25 (cycles)
299303863507,EXECUTE,0,CYCLES,BACKEND,SUB-EVENT,_MatMul_1_pre_reshape:OpId_26 (cycles)
299303863507,EXECUTE,0,CYCLES,BACKEND,SUB-EVENT,_MatMul_pre_reshape:OpId_27 (cycles)
299303863507,EXECUTE,0,CYCLES,BACKEND,SUB-EVENT,_MatMul_lhs_reshape:OpId_30 (cycles)
299303863507,EXECUTE,0,CYCLES,BACKEND,SUB-EVENT,_MatMul_lhs_cast_fp16:OpId_31 (cycles)
299303863507,EXECUTE,3255,CYCLES,BACKEND,SUB-EVENT,_MatMul_rhs_cast_fp16:OpId_32 (cycles)
299303863507,EXECUTE,3573939,CYCLES,BACKEND,SUB-EVENT,_MatMul:OpId_33 (cycles)
299303863507,EXECUTE,0,CYCLES,BACKEND,SUB-EVENT,_MatMul_output_reshape:OpId_34 (cycles)
299303863507,EXECUTE,2032,CYCLES,BACKEND,SUB-EVENT,_MatMul_post_reshape:OpId_35 (cycles)
299303863507,EXECUTE,1936,CYCLES,BACKEND,SUB-EVENT,_Transpose:OpId_37 (cycles)
299303863507,EXECUTE,0,CYCLES,BACKEND,SUB-EVENT,_MatMul_1:OpId_40 (cycles)
299303863507,EXECUTE,0,CYCLES,BACKEND,SUB-EVENT,_MatMul_1_post_reshape:OpId_42 (cycles)
299303863507,EXECUTE,4168,CYCLES,BACKEND,SUB-EVENT,_Transpose_1:OpId_44 (cycles)
299303863507,EXECUTE,0,CYCLES,BACKEND,SUB-EVENT,_MatMul_2:OpId_47 (cycles)
299303863507,EXECUTE,0,CYCLES,BACKEND,SUB-EVENT,_MatMul_2_post_reshape:OpId_49 (cycles)
299303863507,EXECUTE,8142,CYCLES,BACKEND,SUB-EVENT,_Transpose_2:OpId_51 (cycles)
299303863507,EXECUTE,0,CYCLES,BACKEND,SUB-EVENT,_Slice:OpId_53 (cycles)
299303863507,EXECUTE,680,CYCLES,BACKEND,SUB-EVENT,_Slice_1:OpId_59 (cycles)
299303863507,EXECUTE,5914,CYCLES,BACKEND,SUB-EVENT,_Mul_3:OpId_65 (cycles)
299303863507,EXECUTE,5731,CYCLES,BACKEND,SUB-EVENT,_Mul_4:OpId_68 (cycles)
299303863507,EXECUTE,831,CYCLES,BACKEND,SUB-EVENT,_Sub:OpId_70 (cycles)
299303863507,EXECUTE,5243,CYCLES,BACKEND,SUB-EVENT,_Mul_5:OpId_72 (cycles)
299303863507,EXECUTE,5893,CYCLES,BACKEND,SUB-EVENT,_Mul_6:OpId_74 (cycles)
299303863507,EXECUTE,808,CYCLES,BACKEND,SUB-EVENT,_Add_4:OpId_76 (cycles)
299303863507,EXECUTE,1159,CYCLES,BACKEND,SUB-EVENT,_Concat:OpId_78 (cycles)
299303863507,EXECUTE,0,CYCLES,BACKEND,SUB-EVENT,_Slice_2:OpId_81 (cycles)
299303863507,EXECUTE,1294,CYCLES,BACKEND,SUB-EVENT,_Slice_3:OpId_87 (cycles)
299303863507,EXECUTE,6379,CYCLES,BACKEND,SUB-EVENT,_Mul_7:OpId_92 (cycles)
299303863507,EXECUTE,3924,CYCLES,BACKEND,SUB-EVENT,_Mul_8:OpId_94 (cycles)
299303863507,EXECUTE,1112,CYCLES,BACKEND,SUB-EVENT,_Sub_1:OpId_96 (cycles)
299303863507,EXECUTE,4099,CYCLES,BACKEND,SUB-EVENT,_Mul_9:OpId_98 (cycles)
299303863507,EXECUTE,6370,CYCLES,BACKEND,SUB-EVENT,_Mul_10:OpId_100 (cycles)
299303863507,EXECUTE,814,CYCLES,BACKEND,SUB-EVENT,_Add_5:OpId_102 (cycles)
299303863507,EXECUTE,3961,CYCLES,BACKEND,SUB-EVENT,_Concat_1:OpId_104 (cycles)
299303863507,EXECUTE,0,CYCLES,BACKEND,SUB-EVENT,_Unsqueeze_4:OpId_106 (cycles)
299303863507,EXECUTE,1769,CYCLES,BACKEND,SUB-EVENT,_Tile:OpId_108 (cycles)
299303863507,EXECUTE,0,CYCLES,BACKEND,SUB-EVENT,_Reshape_3:OpId_109 (cycles)
299303863507,EXECUTE,0,CYCLES,BACKEND,SUB-EVENT,_Unsqueeze_5:OpId_110 (cycles)
299303863507,EXECUTE,1945,CYCLES,BACKEND,SUB-EVENT,_Tile_1:OpId_112 (cycles)
299303863507,EXECUTE,0,CYCLES,BACKEND,SUB-EVENT,_Reshape_4:OpId_113 (cycles)
299303863507,EXECUTE,0,CYCLES,BACKEND,SUB-EVENT,_Transpose_3:OpId_115 (cycles)
299303863507,EXECUTE,45629,CYCLES,BACKEND,SUB-EVENT,_MatMul_3:OpId_116 (cycles)
299303863507,EXECUTE,14931,CYCLES,BACKEND,SUB-EVENT,_Mul_11:OpId_121 (cycles)
299303863507,EXECUTE,0,CYCLES,BACKEND,SUB-EVENT,_Unsqueeze_7_output_0_cast_to_bool:OpId_124 (cycles)
299303863507,EXECUTE,15491,CYCLES,BACKEND,SUB-EVENT,_Where:OpId_126 (cycles)
299303863507,EXECUTE,18572,CYCLES,BACKEND,SUB-EVENT,_Softmax:OpId_127 (cycles)
299303863507,EXECUTE,15209,CYCLES,BACKEND,SUB-EVENT,_MatMul_4:OpId_130 (cycles)
299303863507,EXECUTE,0,CYCLES,BACKEND,SUB-EVENT,_Transpose_4:OpId_135 (cycles)
299303863507,EXECUTE,0,CYCLES,BACKEND,SUB-EVENT,_Reshape_5:OpId_136 (cycles)
299303863507,EXECUTE,1298,CYCLES,BACKEND,SUB-EVENT,_MatMul_5:OpId_138 (cycles)
299303863507,EXECUTE,0,CYCLES,BACKEND,SUB-EVENT,_MatMul_5_post_reshape:OpId_141 (cycles)
299303863507,EXECUTE,0,CYCLES,BACKEND,SUB-EVENT,_MatMul_5_output_0_nfc:OpId_143 (cycles)
299303863507,EXECUTE,1365,CYCLES,BACKEND,SUB-EVENT,_Add_6:OpId_145 (cycles)
299303863507,EXECUTE,0,CYCLES,BACKEND,SUB-EVENT,_Add_6_output_0_ncf:OpId_148 (cycles)
299303863507,EXECUTE,5703,CYCLES,BACKEND,SUB-EVENT,rms_norm__Mul_14_output_0:OpId_153 (cycles)
299303863507,EXECUTE,0,CYCLES,BACKEND,SUB-EVENT,_MatMul_7_pre_reshape:OpId_156 (cycles)
299303863507,EXECUTE,0,CYCLES,BACKEND,SUB-EVENT,_MatMul_6_pre_reshape:OpId_157 (cycles)
299303863507,EXECUTE,10323,CYCLES,BACKEND,SUB-EVENT,_MatMul_6:OpId_159 (cycles)
299303863507,EXECUTE,0,CYCLES,BACKEND,SUB-EVENT,_MatMul_6_post_reshape:OpId_162 (cycles)
299303863507,EXECUTE,0,CYCLES,BACKEND,SUB-EVENT,_Sigmoid:OpId_163 (cycles)
299303863507,EXECUTE,67810,CYCLES,BACKEND,SUB-EVENT,_Mul_15:OpId_170 (cycles)
299303863507,EXECUTE,3464,CYCLES,BACKEND,SUB-EVENT,_MatMul_7:OpId_173 (cycles)
299303863507,EXECUTE,0,CYCLES,BACKEND,SUB-EVENT,_MatMul_7_post_reshape:OpId_176 (cycles)
299303863507,EXECUTE,38691,CYCLES,BACKEND,SUB-EVENT,_Mul_16:OpId_177 (cycles)
299303863507,EXECUTE,0,CYCLES,BACKEND,SUB-EVENT,_MatMul_8_pre_reshape:OpId_179 (cycles)
299303863507,EXECUTE,2468,CYCLES,BACKEND,SUB-EVENT,_MatMul_8:OpId_181 (cycles)
299303863507,EXECUTE,0,CYCLES,BACKEND,SUB-EVENT,_MatMul_8_post_reshape:OpId_184 (cycles)
299303863507,EXECUTE,0,CYCLES,BACKEND,SUB-EVENT,_MatMul_8_output_0_nfc:OpId_186 (cycles)
299303863507,EXECUTE,2707,CYCLES,BACKEND,SUB-EVENT,_Add_8:OpId_188 (cycles)
299303863507,EXECUTE,10866,CYCLES,BACKEND,SUB-EVENT,hidden_out_ncf:OpId_191 (cycles)
299303863507,EXECUTE,13066,CYCLES,BACKEND,SUB-EVENT,Output OpId_3 (cycles)
299303863507,EXECUTE,6472,US,BACKEND,ROOT,Accelerator (execute) time
299303863507,EXECUTE,3179,US,BACKEND,ROOT,Accelerator (execute excluding wait) time
299303863507,EXECUTE,10823,US,BACKEND,ROOT,QNN (execute) time
299303875710,EXECUTE,7967,US,NETRUN,ROOT,Graph 0: tiny_block_prefill
299303875710,EXECUTE,4,COUNT,BACKEND,ROOT,Number of HVX threads used
299303875710,EXECUTE,7560,US,BACKEND,ROOT,RPC (execute) time
299303875710,EXECUTE,6581,US,BACKEND,ROOT,QNN accelerator (execute) time
299303875710,EXECUTE,0,COUNT,BACKEND,ROOT,Num times yield occured
299303875710,EXECUTE,7313,US,BACKEND,ROOT,Time for initial VTCM acquire
299303875710,EXECUTE,4651,US,BACKEND,ROOT,Time for HVX + HMX power on and acquire
299303875710,EXECUTE,3926376,CYCLES,BACKEND,ROOT,Accelerator (execute) time (cycles)
299303875710,EXECUTE,1050,CYCLES,BACKEND,SUB-EVENT,Input OpId_2 (cycles)
299303875710,EXECUTE,0,CYCLES,BACKEND,SUB-EVENT,hidden_states_nfc:OpId_17 (cycles)
299303875710,EXECUTE,15122,CYCLES,BACKEND,SUB-EVENT,rms_norm__Mul_2_output_0:OpId_22 (cycles)
299303875710,EXECUTE,0,CYCLES,BACKEND,SUB-EVENT,_MatMul_2_pre_reshape:OpId_25 (cycles)
299303875710,EXECUTE,0,CYCLES,BACKEND,SUB-EVENT,_MatMul_1_pre_reshape:OpId_26 (cycles)
299303875710,EXECUTE,0,CYCLES,BACKEND,SUB-EVENT,_MatMul_pre_reshape:OpId_27 (cycles)
299303875710,EXECUTE,0,CYCLES,BACKEND,SUB-EVENT,_MatMul_lhs_reshape:OpId_30 (cycles)
299303875710,EXECUTE,0,CYCLES,BACKEND,SUB-EVENT,_MatMul_lhs_cast_fp16:OpId_31 (cycles)
299303875710,EXECUTE,223,CYCLES,BACKEND,SUB-EVENT,_MatMul_rhs_cast_fp16:OpId_32 (cycles)
299303875710,EXECUTE,3627799,CYCLES,BACKEND,SUB-EVENT,_MatMul:OpId_33 (cycles)
299303875710,EXECUTE,0,CYCLES,BACKEND,SUB-EVENT,_MatMul_output_reshape:OpId_34 (cycles)
299303875710,EXECUTE,2088,CYCLES,BACKEND,SUB-EVENT,_MatMul_post_reshape:OpId_35 (cycles)
299303875710,EXECUTE,1926,CYCLES,BACKEND,SUB-EVENT,_Transpose:OpId_37 (cycles)
299303875710,EXECUTE,0,CYCLES,BACKEND,SUB-EVENT,_MatMul_1:OpId_40 (cycles)
299303875710,EXECUTE,0,CYCLES,BACKEND,SUB-EVENT,_MatMul_1_post_reshape:OpId_42 (cycles)
299303875710,EXECUTE,6183,CYCLES,BACKEND,SUB-EVENT,_Transpose_1:OpId_44 (cycles)
299303875710,EXECUTE,0,CYCLES,BACKEND,SUB-EVENT,_MatMul_2:OpId_47 (cycles)
299303875710,EXECUTE,0,CYCLES,BACKEND,SUB-EVENT,_MatMul_2_post_reshape:OpId_49 (cycles)
299303875710,EXECUTE,6235,CYCLES,BACKEND,SUB-EVENT,_Transpose_2:OpId_51 (cycles)
299303875710,EXECUTE,0,CYCLES,BACKEND,SUB-EVENT,_Slice:OpId_53 (cycles)
299303875710,EXECUTE,675,CYCLES,BACKEND,SUB-EVENT,_Slice_1:OpId_59 (cycles)
299303875710,EXECUTE,5946,CYCLES,BACKEND,SUB-EVENT,_Mul_3:OpId_65 (cycles)
299303875710,EXECUTE,5207,CYCLES,BACKEND,SUB-EVENT,_Mul_4:OpId_68 (cycles)
299303875710,EXECUTE,826,CYCLES,BACKEND,SUB-EVENT,_Sub:OpId_70 (cycles)
299303875710,EXECUTE,5016,CYCLES,BACKEND,SUB-EVENT,_Mul_5:OpId_72 (cycles)
299303875710,EXECUTE,5911,CYCLES,BACKEND,SUB-EVENT,_Mul_6:OpId_74 (cycles)
299303875710,EXECUTE,1109,CYCLES,BACKEND,SUB-EVENT,_Add_4:OpId_76 (cycles)
299303875710,EXECUTE,1304,CYCLES,BACKEND,SUB-EVENT,_Concat:OpId_78 (cycles)
299303875710,EXECUTE,0,CYCLES,BACKEND,SUB-EVENT,_Slice_2:OpId_81 (cycles)
299303875710,EXECUTE,1047,CYCLES,BACKEND,SUB-EVENT,_Slice_3:OpId_87 (cycles)
299303875710,EXECUTE,6083,CYCLES,BACKEND,SUB-EVENT,_Mul_7:OpId_92 (cycles)
299303875710,EXECUTE,3734,CYCLES,BACKEND,SUB-EVENT,_Mul_8:OpId_94 (cycles)
299303875710,EXECUTE,844,CYCLES,BACKEND,SUB-EVENT,_Sub_1:OpId_96 (cycles)
299303875710,EXECUTE,3600,CYCLES,BACKEND,SUB-EVENT,_Mul_9:OpId_98 (cycles)
299303875710,EXECUTE,6076,CYCLES,BACKEND,SUB-EVENT,_Mul_10:OpId_100 (cycles)
299303875710,EXECUTE,619,CYCLES,BACKEND,SUB-EVENT,_Add_5:OpId_102 (cycles)
299303875710,EXECUTE,1999,CYCLES,BACKEND,SUB-EVENT,_Concat_1:OpId_104 (cycles)
299303875710,EXECUTE,0,CYCLES,BACKEND,SUB-EVENT,_Unsqueeze_4:OpId_106 (cycles)
299303875710,EXECUTE,2028,CYCLES,BACKEND,SUB-EVENT,_Tile:OpId_108 (cycles)
299303875710,EXECUTE,0,CYCLES,BACKEND,SUB-EVENT,_Reshape_3:OpId_109 (cycles)
299303875710,EXECUTE,0,CYCLES,BACKEND,SUB-EVENT,_Unsqueeze_5:OpId_110 (cycles)
299303875710,EXECUTE,1792,CYCLES,BACKEND,SUB-EVENT,_Tile_1:OpId_112 (cycles)
299303875710,EXECUTE,0,CYCLES,BACKEND,SUB-EVENT,_Reshape_4:OpId_113 (cycles)
299303875710,EXECUTE,0,CYCLES,BACKEND,SUB-EVENT,_Transpose_3:OpId_115 (cycles)
299303875710,EXECUTE,39994,CYCLES,BACKEND,SUB-EVENT,_MatMul_3:OpId_116 (cycles)
299303875710,EXECUTE,21329,CYCLES,BACKEND,SUB-EVENT,_Mul_11:OpId_121 (cycles)
299303875710,EXECUTE,0,CYCLES,BACKEND,SUB-EVENT,_Unsqueeze_7_output_0_cast_to_bool:OpId_124 (cycles)
299303875710,EXECUTE,12657,CYCLES,BACKEND,SUB-EVENT,_Where:OpId_126 (cycles)
299303875710,EXECUTE,16645,CYCLES,BACKEND,SUB-EVENT,_Softmax:OpId_127 (cycles)
299303875710,EXECUTE,14801,CYCLES,BACKEND,SUB-EVENT,_MatMul_4:OpId_130 (cycles)
299303875710,EXECUTE,0,CYCLES,BACKEND,SUB-EVENT,_Transpose_4:OpId_135 (cycles)
299303875710,EXECUTE,0,CYCLES,BACKEND,SUB-EVENT,_Reshape_5:OpId_136 (cycles)
299303875710,EXECUTE,1098,CYCLES,BACKEND,SUB-EVENT,_MatMul_5:OpId_138 (cycles)
299303875710,EXECUTE,0,CYCLES,BACKEND,SUB-EVENT,_MatMul_5_post_reshape:OpId_141 (cycles)
299303875710,EXECUTE,0,CYCLES,BACKEND,SUB-EVENT,_MatMul_5_output_0_nfc:OpId_143 (cycles)
299303875710,EXECUTE,1085,CYCLES,BACKEND,SUB-EVENT,_Add_6:OpId_145 (cycles)
299303875710,EXECUTE,0,CYCLES,BACKEND,SUB-EVENT,_Add_6_output_0_ncf:OpId_148 (cycles)
299303875710,EXECUTE,5682,CYCLES,BACKEND,SUB-EVENT,rms_norm__Mul_14_output_0:OpId_153 (cycles)
299303875710,EXECUTE,0,CYCLES,BACKEND,SUB-EVENT,_MatMul_7_pre_reshape:OpId_156 (cycles)
299303875710,EXECUTE,0,CYCLES,BACKEND,SUB-EVENT,_MatMul_6_pre_reshape:OpId_157 (cycles)
299303875710,EXECUTE,2766,CYCLES,BACKEND,SUB-EVENT,_MatMul_6:OpId_159 (cycles)
299303875710,EXECUTE,0,CYCLES,BACKEND,SUB-EVENT,_MatMul_6_post_reshape:OpId_162 (cycles)
299303875710,EXECUTE,0,CYCLES,BACKEND,SUB-EVENT,_Sigmoid:OpId_163 (cycles)
299303875710,EXECUTE,38833,CYCLES,BACKEND,SUB-EVENT,_Mul_15:OpId_170 (cycles)
299303875710,EXECUTE,2847,CYCLES,BACKEND,SUB-EVENT,_MatMul_7:OpId_173 (cycles)
299303875710,EXECUTE,0,CYCLES,BACKEND,SUB-EVENT,_MatMul_7_post_reshape:OpId_176 (cycles)
299303875710,EXECUTE,31243,CYCLES,BACKEND,SUB-EVENT,_Mul_16:OpId_177 (cycles)
299303875710,EXECUTE,0,CYCLES,BACKEND,SUB-EVENT,_MatMul_8_pre_reshape:OpId_179 (cycles)
299303875710,EXECUTE,2808,CYCLES,BACKEND,SUB-EVENT,_MatMul_8:OpId_181 (cycles)
299303875710,EXECUTE,0,CYCLES,BACKEND,SUB-EVENT,_MatMul_8_post_reshape:OpId_184 (cycles)
299303875710,EXECUTE,0,CYCLES,BACKEND,SUB-EVENT,_MatMul_8_output_0_nfc:OpId_186 (cycles)
299303875710,EXECUTE,2668,CYCLES,BACKEND,SUB-EVENT,_Add_8:OpId_188 (cycles)
299303875710,EXECUTE,9254,CYCLES,BACKEND,SUB-EVENT,hidden_out_ncf:OpId_191 (cycles)
299303875710,EXECUTE,8224,CYCLES,BACKEND,SUB-EVENT,Output OpId_3 (cycles)
299303875710,EXECUTE,4914,US,BACKEND,ROOT,Accelerator (execute) time
299303875710,EXECUTE,3093,US,BACKEND,ROOT,Accelerator (execute excluding wait) time
299303875710,EXECUTE,7919,US,BACKEND,ROOT,QNN (execute) time
299303888119,EXECUTE,7917,US,NETRUN,ROOT,Graph 0: tiny_block_prefill
299303888119,EXECUTE,4,COUNT,BACKEND,ROOT,Number of HVX threads used
299303888119,EXECUTE,7493,US,BACKEND,ROOT,RPC (execute) time
299303888119,EXECUTE,6508,US,BACKEND,ROOT,QNN accelerator (execute) time
299303888119,EXECUTE,0,COUNT,BACKEND,ROOT,Num times yield occured
299303888119,EXECUTE,7169,US,BACKEND,ROOT,Time for initial VTCM acquire
299303888119,EXECUTE,4564,US,BACKEND,ROOT,Time for HVX + HMX power on and acquire
299303888119,EXECUTE,3865509,CYCLES,BACKEND,ROOT,Accelerator (execute) time (cycles)
299303888119,EXECUTE,863,CYCLES,BACKEND,SUB-EVENT,Input OpId_2 (cycles)
299303888119,EXECUTE,0,CYCLES,BACKEND,SUB-EVENT,hidden_states_nfc:OpId_17 (cycles)
299303888119,EXECUTE,12637,CYCLES,BACKEND,SUB-EVENT,rms_norm__Mul_2_output_0:OpId_22 (cycles)
299303888119,EXECUTE,0,CYCLES,BACKEND,SUB-EVENT,_MatMul_2_pre_reshape:OpId_25 (cycles)
299303888119,EXECUTE,0,CYCLES,BACKEND,SUB-EVENT,_MatMul_1_pre_reshape:OpId_26 (cycles)
299303888119,EXECUTE,0,CYCLES,BACKEND,SUB-EVENT,_MatMul_pre_reshape:OpId_27 (cycles)
299303888119,EXECUTE,0,CYCLES,BACKEND,SUB-EVENT,_MatMul_lhs_reshape:OpId_30 (cycles)
299303888119,EXECUTE,0,CYCLES,BACKEND,SUB-EVENT,_MatMul_lhs_cast_fp16:OpId_31 (cycles)
299303888119,EXECUTE,241,CYCLES,BACKEND,SUB-EVENT,_MatMul_rhs_cast_fp16:OpId_32 (cycles)
299303888119,EXECUTE,3591280,CYCLES,BACKEND,SUB-EVENT,_MatMul:OpId_33 (cycles)
299303888119,EXECUTE,0,CYCLES,BACKEND,SUB-EVENT,_MatMul_output_reshape:OpId_34 (cycles)
299303888119,EXECUTE,2082,CYCLES,BACKEND,SUB-EVENT,_MatMul_post_reshape:OpId_35 (cycles)
299303888119,EXECUTE,1600,CYCLES,BACKEND,SUB-EVENT,_Transpose:OpId_37 (cycles)
299303888119,EXECUTE,0,CYCLES,BACKEND,SUB-EVENT,_MatMul_1:OpId_40 (cycles)
299303888119,EXECUTE,0,CYCLES,BACKEND,SUB-EVENT,_MatMul_1_post_reshape:OpId_42 (cycles)
299303888119,EXECUTE,3072,CYCLES,BACKEND,SUB-EVENT,_Transpose_1:OpId_44 (cycles)
299303888119,EXECUTE,0,CYCLES,BACKEND,SUB-EVENT,_MatMul_2:OpId_47 (cycles)
299303888119,EXECUTE,0,CYCLES,BACKEND,SUB-EVENT,_MatMul_2_post_reshape:OpId_49 (cycles)
299303888119,EXECUTE,4509,CYCLES,BACKEND,SUB-EVENT,_Transpose_2:OpId_51 (cycles)
299303888119,EXECUTE,0,CYCLES,BACKEND,SUB-EVENT,_Slice:OpId_53 (cycles)
299303888119,EXECUTE,692,CYCLES,BACKEND,SUB-EVENT,_Slice_1:OpId_59 (cycles)
299303888119,EXECUTE,5674,CYCLES,BACKEND,SUB-EVENT,_Mul_3:OpId_65 (cycles)
299303888119,EXECUTE,4883,CYCLES,BACKEND,SUB-EVENT,_Mul_4:OpId_68 (cycles)
299303888119,EXECUTE,835,CYCLES,BACKEND,SUB-EVENT,_Sub:OpId_70 (cycles)
299303888119,EXECUTE,4744,CYCLES,BACKEND,SUB-EVENT,_Mul_5:OpId_72 (cycles)
299303888119,EXECUTE,5549,CYCLES,BACKEND,SUB-EVENT,_Mul_6:OpId_74 (cycles)
299303888119,EXECUTE,1085,CYCLES,BACKEND,SUB-EVENT,_Add_4:OpId_76 (cycles)
299303888119,EXECUTE,1206,CYCLES,BACKEND,SUB-EVENT,_Concat:OpId_78 (cycles)
299303888119,EXECUTE,0,CYCLES,BACKEND,SUB-EVENT,_Slice_2:OpId_81 (cycles)
299303888119,EXECUTE,1289,CYCLES,BACKEND,SUB-EVENT,_Slice_3:OpId_87 (cycles)
299303888119,EXECUTE,6073,CYCLES,BACKEND,SUB-EVENT,_Mul_7:OpId_92 (cycles)
299303888119,EXECUTE,3934,CYCLES,BACKEND,SUB-EVENT,_Mul_8:OpId_94 (cycles)
299303888119,EXECUTE,1049,CYCLES,BACKEND,SUB-EVENT,_Sub_1:OpId_96 (cycles)
299303888119,EXECUTE,3776,CYCLES,BACKEND,SUB-EVENT,_Mul_9:OpId_98 (cycles)
299303888119,EXECUTE,6056,CYCLES,BACKEND,SUB-EVENT,_Mul_10:OpId_100 (cycles)
299303888119,EXECUTE,539,CYCLES,BACKEND,SUB-EVENT,_Add_5:OpId_102 (cycles)
299303888119,EXECUTE,1876,CYCLES,BACKEND,SUB-EVENT,_Concat_1:OpId_104 (cycles)
299303888119,EXECUTE,0,CYCLES,BACKEND,SUB-EVENT,_Unsqueeze_4:OpId_106 (cycles)
299303888119,EXECUTE,1698,CYCLES,BACKEND,SUB-EVENT,_Tile:OpId_108 (cycles)
299303888119,EXECUTE,0,CYCLES,BACKEND,SUB-EVENT,_Reshape_3:OpId_109 (cycles)
299303888119,EXECUTE,0,CYCLES,BACKEND,SUB-EVENT,_Unsqueeze_5:OpId_110 (cycles)
299303888119,EXECUTE,1634,CYCLES,BACKEND,SUB-EVENT,_Tile_1:OpId_112 (cycles)
299303888119,EXECUTE,0,CYCLES,BACKEND,SUB-EVENT,_Reshape_4:OpId_113 (cycles)
299303888119,EXECUTE,0,CYCLES,BACKEND,SUB-EVENT,_Transpose_3:OpId_115 (cycles)
299303888119,EXECUTE,37742,CYCLES,BACKEND,SUB-EVENT,_MatMul_3:OpId_116 (cycles)
299303888119,EXECUTE,19444,CYCLES,BACKEND,SUB-EVENT,_Mul_11:OpId_121 (cycles)
299303888119,EXECUTE,0,CYCLES,BACKEND,SUB-EVENT,_Unsqueeze_7_output_0_cast_to_bool:OpId_124 (cycles)
299303888119,EXECUTE,13890,CYCLES,BACKEND,SUB-EVENT,_Where:OpId_126 (cycles)
299303888119,EXECUTE,15916,CYCLES,BACKEND,SUB-EVENT,_Softmax:OpId_127 (cycles)
299303888119,EXECUTE,13280,CYCLES,BACKEND,SUB-EVENT,_MatMul_4:OpId_130 (cycles)
299303888119,EXECUTE,0,CYCLES,BACKEND,SUB-EVENT,_Transpose_4:OpId_135 (cycles)
299303888119,EXECUTE,0,CYCLES,BACKEND,SUB-EVENT,_Reshape_5:OpId_136 (cycles)
299303888119,EXECUTE,1126,CYCLES,BACKEND,SUB-EVENT,_MatMul_5:OpId_138 (cycles)
299303888119,EXECUTE,0,CYCLES,BACKEND,SUB-EVENT,_MatMul_5_post_reshape:OpId_141 (cycles)
299303888119,EXECUTE,0,CYCLES,BACKEND,SUB-EVENT,_MatMul_5_output_0_nfc:OpId_143 (cycles)
299303888119,EXECUTE,1094,CYCLES,BACKEND,SUB-EVENT,_Add_6:OpId_145 (cycles)
299303888119,EXECUTE,0,CYCLES,BACKEND,SUB-EVENT,_Add_6_output_0_ncf:OpId_148 (cycles)
299303888119,EXECUTE,5716,CYCLES,BACKEND,SUB-EVENT,rms_norm__Mul_14_output_0:OpId_153 (cycles)
299303888119,EXECUTE,0,CYCLES,BACKEND,SUB-EVENT,_MatMul_7_pre_reshape:OpId_156 (cycles)
299303888119,EXECUTE,0,CYCLES,BACKEND,SUB-EVENT,_MatMul_6_pre_reshape:OpId_157 (cycles)
299303888119,EXECUTE,2546,CYCLES,BACKEND,SUB-EVENT,_MatMul_6:OpId_159 (cycles)
299303888119,EXECUTE,0,CYCLES,BACKEND,SUB-EVENT,_MatMul_6_post_reshape:OpId_162 (cycles)
299303888119,EXECUTE,0,CYCLES,BACKEND,SUB-EVENT,_Sigmoid:OpId_163 (cycles)
299303888119,EXECUTE,39699,CYCLES,BACKEND,SUB-EVENT,_Mul_15:OpId_170 (cycles)
299303888119,EXECUTE,2847,CYCLES,BACKEND,SUB-EVENT,_MatMul_7:OpId_173 (cycles)
299303888119,EXECUTE,0,CYCLES,BACKEND,SUB-EVENT,_MatMul_7_post_reshape:OpId_176 (cycles)
299303888119,EXECUTE,25298,CYCLES,BACKEND,SUB-EVENT,_Mul_16:OpId_177 (cycles)
299303888119,EXECUTE,0,CYCLES,BACKEND,SUB-EVENT,_MatMul_8_pre_reshape:OpId_179 (cycles)
299303888119,EXECUTE,2269,CYCLES,BACKEND,SUB-EVENT,_MatMul_8:OpId_181 (cycles)
299303888119,EXECUTE,0,CYCLES,BACKEND,SUB-EVENT,_MatMul_8_post_reshape:OpId_184 (cycles)
299303888119,EXECUTE,0,CYCLES,BACKEND,SUB-EVENT,_MatMul_8_output_0_nfc:OpId_186 (cycles)
299303888119,EXECUTE,2705,CYCLES,BACKEND,SUB-EVENT,_Add_8:OpId_188 (cycles)
299303888119,EXECUTE,6044,CYCLES,BACKEND,SUB-EVENT,hidden_out_ncf:OpId_191 (cycles)
299303888119,EXECUTE,7017,CYCLES,BACKEND,SUB-EVENT,Output OpId_3 (cycles)
299303888119,EXECUTE,4862,US,BACKEND,ROOT,Accelerator (execute) time
299303888119,EXECUTE,3080,US,BACKEND,ROOT,Accelerator (execute excluding wait) time
299303888119,EXECUTE,7865,US,BACKEND,ROOT,QNN (execute) time
299303900543,EXECUTE,7931,US,NETRUN,ROOT,Graph 0: tiny_block_prefill
299303900543,EXECUTE,4,COUNT,BACKEND,ROOT,Number of HVX threads used
299303900543,EXECUTE,7515,US,BACKEND,ROOT,RPC (execute) time
299303900543,EXECUTE,6551,US,BACKEND,ROOT,QNN accelerator (execute) time
299303900543,EXECUTE,0,COUNT,BACKEND,ROOT,Num times yield occured
299303900543,EXECUTE,7123,US,BACKEND,ROOT,Time for initial VTCM acquire
299303900543,EXECUTE,4822,US,BACKEND,ROOT,Time for HVX + HMX power on and acquire
299303900543,EXECUTE,3914447,CYCLES,BACKEND,ROOT,Accelerator (execute) time (cycles)
299303900543,EXECUTE,908,CYCLES,BACKEND,SUB-EVENT,Input OpId_2 (cycles)
299303900543,EXECUTE,0,CYCLES,BACKEND,SUB-EVENT,hidden_states_nfc:OpId_17 (cycles)
299303900543,EXECUTE,13870,CYCLES,BACKEND,SUB-EVENT,rms_norm__Mul_2_output_0:OpId_22 (cycles)
299303900543,EXECUTE,0,CYCLES,BACKEND,SUB-EVENT,_MatMul_2_pre_reshape:OpId_25 (cycles)
299303900543,EXECUTE,0,CYCLES,BACKEND,SUB-EVENT,_MatMul_1_pre_reshape:OpId_26 (cycles)
299303900543,EXECUTE,0,CYCLES,BACKEND,SUB-EVENT,_MatMul_pre_reshape:OpId_27 (cycles)
299303900543,EXECUTE,0,CYCLES,BACKEND,SUB-EVENT,_MatMul_lhs_reshape:OpId_30 (cycles)
299303900543,EXECUTE,0,CYCLES,BACKEND,SUB-EVENT,_MatMul_lhs_cast_fp16:OpId_31 (cycles)
299303900543,EXECUTE,280,CYCLES,BACKEND,SUB-EVENT,_MatMul_rhs_cast_fp16:OpId_32 (cycles)
299303900543,EXECUTE,3626491,CYCLES,BACKEND,SUB-EVENT,_MatMul:OpId_33 (cycles)
299303900543,EXECUTE,0,CYCLES,BACKEND,SUB-EVENT,_MatMul_output_reshape:OpId_34 (cycles)
299303900543,EXECUTE,2056,CYCLES,BACKEND,SUB-EVENT,_MatMul_post_reshape:OpId_35 (cycles)
299303900543,EXECUTE,1612,CYCLES,BACKEND,SUB-EVENT,_Transpose:OpId_37 (cycles)
299303900543,EXECUTE,0,CYCLES,BACKEND,SUB-EVENT,_MatMul_1:OpId_40 (cycles)
299303900543,EXECUTE,0,CYCLES,BACKEND,SUB-EVENT,_MatMul_1_post_reshape:OpId_42 (cycles)
299303900543,EXECUTE,4037,CYCLES,BACKEND,SUB-EVENT,_Transpose_1:OpId_44 (cycles)
299303900543,EXECUTE,0,CYCLES,BACKEND,SUB-EVENT,_MatMul_2:OpId_47 (cycles)
299303900543,EXECUTE,0,CYCLES,BACKEND,SUB-EVENT,_MatMul_2_post_reshape:OpId_49 (cycles)
299303900543,EXECUTE,5003,CYCLES,BACKEND,SUB-EVENT,_Transpose_2:OpId_51 (cycles)
299303900543,EXECUTE,0,CYCLES,BACKEND,SUB-EVENT,_Slice:OpId_53 (cycles)
299303900543,EXECUTE,684,CYCLES,BACKEND,SUB-EVENT,_Slice_1:OpId_59 (cycles)
299303900543,EXECUTE,5744,CYCLES,BACKEND,SUB-EVENT,_Mul_3:OpId_65 (cycles)
299303900543,EXECUTE,4951,CYCLES,BACKEND,SUB-EVENT,_Mul_4:OpId_68 (cycles)
299303900543,EXECUTE,840,CYCLES,BACKEND,SUB-EVENT,_Sub:OpId_70 (cycles)
299303900543,EXECUTE,4648,CYCLES,BACKEND,SUB-EVENT,_Mul_5:OpId_72 (cycles)
299303900543,EXECUTE,5674,CYCLES,BACKEND,SUB-EVENT,_Mul_6:OpId_74 (cycles)
299303900543,EXECUTE,1172,CYCLES,BACKEND,SUB-EVENT,_Add_4:OpId_76 (cycles)
299303900543,EXECUTE,1382,CYCLES,BACKEND,SUB-EVENT,_Concat:OpId_78 (cycles)
299303900543,EXECUTE,0,CYCLES,BACKEND,SUB-EVENT,_Slice_2:OpId_81 (cycles)
299303900543,EXECUTE,1295,CYCLES,BACKEND,SUB-EVENT,_Slice_3:OpId_87 (cycles)
299303900543,EXECUTE,6258,CYCLES,BACKEND,SUB-EVENT,_Mul_7:OpId_92 (cycles)
299303900543,EXECUTE,4128,CYCLES,BACKEND,SUB-EVENT,_Mul_8:OpId_94 (cycles)
299303900543,EXECUTE,1038,CYCLES,BACKEND,SUB-EVENT,_Sub_1:OpId_96 (cycles)
299303900543,EXECUTE,3973,CYCLES,BACKEND,SUB-EVENT,_Mul_9:OpId_98 (cycles)
299303900543,EXECUTE,6253,CYCLES,BACKEND,SUB-EVENT,_Mul_10:OpId_100 (cycles)
299303900543,EXECUTE,492,CYCLES,BACKEND,SUB-EVENT,_Add_5:OpId_102 (cycles)
299303900543,EXECUTE,1805,CYCLES,BACKEND,SUB-EVENT,_Concat_1:OpId_104 (cycles)
299303900543,EXECUTE,0,CYCLES,BACKEND,SUB-EVENT,_Unsqueeze_4:OpId_106 (cycles)
299303900543,EXECUTE,1768,CYCLES,BACKEND,SUB-EVENT,_Tile:OpId_108 (cycles)
299303900543,EXECUTE,0,CYCLES,BACKEND,SUB-EVENT,_Reshape_3:OpId_109 (cycles)
299303900543,EXECUTE,0,CYCLES,BACKEND,SUB-EVENT,_Unsqueeze_5:OpId_110 (cycles)
299303900543,EXECUTE,1686,CYCLES,BACKEND,SUB-EVENT,_Tile_1:OpId_112 (cycles)
299303900543,EXECUTE,0,CYCLES,BACKEND,SUB-EVENT,_Reshape_4:OpId_113 (cycles)
299303900543,EXECUTE,0,CYCLES,BACKEND,SUB-EVENT,_Transpose_3:OpId_115 (cycles)
299303900543,EXECUTE,39988,CYCLES,BACKEND,SUB-EVENT,_MatMul_3:OpId_116 (cycles)
299303900543,EXECUTE,21840,CYCLES,BACKEND,SUB-EVENT,_Mul_11:OpId_121 (cycles)
299303900543,EXECUTE,0,CYCLES,BACKEND,SUB-EVENT,_Unsqueeze_7_output_0_cast_to_bool:OpId_124 (cycles)
299303900543,EXECUTE,12884,CYCLES,BACKEND,SUB-EVENT,_Where:OpId_126 (cycles)
299303900543,EXECUTE,16711,CYCLES,BACKEND,SUB-EVENT,_Softmax:OpId_127 (cycles)
299303900543,EXECUTE,13606,CYCLES,BACKEND,SUB-EVENT,_MatMul_4:OpId_130 (cycles)
299303900543,EXECUTE,0,CYCLES,BACKEND,SUB-EVENT,_Transpose_4:OpId_135 (cycles)
299303900543,EXECUTE,0,CYCLES,BACKEND,SUB-EVENT,_Reshape_5:OpId_136 (cycles)
299303900543,EXECUTE,1138,CYCLES,BACKEND,SUB-EVENT,_MatMul_5:OpId_138 (cycles)
299303900543,EXECUTE,0,CYCLES,BACKEND,SUB-EVENT,_MatMul_5_post_reshape:OpId_141 (cycles)
299303900543,EXECUTE,0,CYCLES,BACKEND,SUB-EVENT,_MatMul_5_output_0_nfc:OpId_143 (cycles)
299303900543,EXECUTE,1253,CYCLES,BACKEND,SUB-EVENT,_Add_6:OpId_145 (cycles)
299303900543,EXECUTE,0,CYCLES,BACKEND,SUB-EVENT,_Add_6_output_0_ncf:OpId_148 (cycles)
299303900543,EXECUTE,5692,CYCLES,BACKEND,SUB-EVENT,rms_norm__Mul_14_output_0:OpId_153 (cycles)
299303900543,EXECUTE,0,CYCLES,BACKEND,SUB-EVENT,_MatMul_7_pre_reshape:OpId_156 (cycles)
299303900543,EXECUTE,0,CYCLES,BACKEND,SUB-EVENT,_MatMul_6_pre_reshape:OpId_157 (cycles)
299303900543,EXECUTE,2506,CYCLES,BACKEND,SUB-EVENT,_MatMul_6:OpId_159 (cycles)
299303900543,EXECUTE,0,CYCLES,BACKEND,SUB-EVENT,_MatMul_6_post_reshape:OpId_162 (cycles)
299303900543,EXECUTE,0,CYCLES,BACKEND,SUB-EVENT,_Sigmoid:OpId_163 (cycles)
299303900543,EXECUTE,40015,CYCLES,BACKEND,SUB-EVENT,_Mul_15:OpId_170 (cycles)
299303900543,EXECUTE,2705,CYCLES,BACKEND,SUB-EVENT,_MatMul_7:OpId_173 (cycles)
299303900543,EXECUTE,0,CYCLES,BACKEND,SUB-EVENT,_MatMul_7_post_reshape:OpId_176 (cycles)
299303900543,EXECUTE,28725,CYCLES,BACKEND,SUB-EVENT,_Mul_16:OpId_177 (cycles)
299303900543,EXECUTE,0,CYCLES,BACKEND,SUB-EVENT,_MatMul_8_pre_reshape:OpId_179 (cycles)
299303900543,EXECUTE,2712,CYCLES,BACKEND,SUB-EVENT,_MatMul_8:OpId_181 (cycles)
299303900543,EXECUTE,0,CYCLES,BACKEND,SUB-EVENT,_MatMul_8_post_reshape:OpId_184 (cycles)
299303900543,EXECUTE,0,CYCLES,BACKEND,SUB-EVENT,_MatMul_8_output_0_nfc:OpId_186 (cycles)
299303900543,EXECUTE,2703,CYCLES,BACKEND,SUB-EVENT,_Add_8:OpId_188 (cycles)
299303900543,EXECUTE,6912,CYCLES,BACKEND,SUB-EVENT,hidden_out_ncf:OpId_191 (cycles)
299303900543,EXECUTE,7009,CYCLES,BACKEND,SUB-EVENT,Output OpId_3 (cycles)
299303900543,EXECUTE,4901,US,BACKEND,ROOT,Accelerator (execute) time
299303900543,EXECUTE,3086,US,BACKEND,ROOT,Accelerator (execute excluding wait) time
299303900543,EXECUTE,7880,US,BACKEND,ROOT,QNN (execute) time
299303913396,EXECUTE,8340,US,NETRUN,ROOT,Graph 0: tiny_block_prefill
299303913396,EXECUTE,4,COUNT,BACKEND,ROOT,Number of HVX threads used
299303913396,EXECUTE,7684,US,BACKEND,ROOT,RPC (execute) time
299303913396,EXECUTE,6687,US,BACKEND,ROOT,QNN accelerator (execute) time
299303913396,EXECUTE,0,COUNT,BACKEND,ROOT,Num times yield occured
299303913396,EXECUTE,7066,US,BACKEND,ROOT,Time for initial VTCM acquire
299303913396,EXECUTE,4802,US,BACKEND,ROOT,Time for HVX + HMX power on and acquire
299303913396,EXECUTE,3904866,CYCLES,BACKEND,ROOT,Accelerator (execute) time (cycles)
299303913396,EXECUTE,1002,CYCLES,BACKEND,SUB-EVENT,Input OpId_2 (cycles)
299303913396,EXECUTE,0,CYCLES,BACKEND,SUB-EVENT,hidden_states_nfc:OpId_17 (cycles)
299303913396,EXECUTE,14302,CYCLES,BACKEND,SUB-EVENT,rms_norm__Mul_2_output_0:OpId_22 (cycles)
299303913396,EXECUTE,0,CYCLES,BACKEND,SUB-EVENT,_MatMul_2_pre_reshape:OpId_25 (cycles)
299303913396,EXECUTE,0,CYCLES,BACKEND,SUB-EVENT,_MatMul_1_pre_reshape:OpId_26 (cycles)
299303913396,EXECUTE,0,CYCLES,BACKEND,SUB-EVENT,_MatMul_pre_reshape:OpId_27 (cycles)
299303913396,EXECUTE,0,CYCLES,BACKEND,SUB-EVENT,_MatMul_lhs_reshape:OpId_30 (cycles)
299303913396,EXECUTE,0,CYCLES,BACKEND,SUB-EVENT,_MatMul_lhs_cast_fp16:OpId_31 (cycles)
299303913396,EXECUTE,239,CYCLES,BACKEND,SUB-EVENT,_MatMul_rhs_cast_fp16:OpId_32 (cycles)
299303913396,EXECUTE,3570842,CYCLES,BACKEND,SUB-EVENT,_MatMul:OpId_33 (cycles)
299303913396,EXECUTE,0,CYCLES,BACKEND,SUB-EVENT,_MatMul_output_reshape:OpId_34 (cycles)
299303913396,EXECUTE,2072,CYCLES,BACKEND,SUB-EVENT,_MatMul_post_reshape:OpId_35 (cycles)
299303913396,EXECUTE,1601,CYCLES,BACKEND,SUB-EVENT,_Transpose:OpId_37 (cycles)
299303913396,EXECUTE,0,CYCLES,BACKEND,SUB-EVENT,_MatMul_1:OpId_40 (cycles)
299303913396,EXECUTE,0,CYCLES,BACKEND,SUB-EVENT,_MatMul_1_post_reshape:OpId_42 (cycles)
299303913396,EXECUTE,2688,CYCLES,BACKEND,SUB-EVENT,_Transpose_1:OpId_44 (cycles)
299303913396,EXECUTE,0,CYCLES,BACKEND,SUB-EVENT,_MatMul_2:OpId_47 (cycles)
299303913396,EXECUTE,0,CYCLES,BACKEND,SUB-EVENT,_MatMul_2_post_reshape:OpId_49 (cycles)
299303913396,EXECUTE,5288,CYCLES,BACKEND,SUB-EVENT,_Transpose_2:OpId_51 (cycles)
299303913396,EXECUTE,0,CYCLES,BACKEND,SUB-EVENT,_Slice:OpId_53 (cycles)
299303913396,EXECUTE,648,CYCLES,BACKEND,SUB-EVENT,_Slice_1:OpId_59 (cycles)
299303913396,EXECUTE,6480,CYCLES,BACKEND,SUB-EVENT,_Mul_3:OpId_65 (cycles)
299303913396,EXECUTE,5604,CYCLES,BACKEND,SUB-EVENT,_Mul_4:OpId_68 (cycles)
299303913396,EXECUTE,836,CYCLES,BACKEND,SUB-EVENT,_Sub:OpId_70 (cycles)
299303913396,EXECUTE,5193,CYCLES,BACKEND,SUB-EVENT,_Mul_5:OpId_72 (cycles)
299303913396,EXECUTE,6263,CYCLES,BACKEND,SUB-EVENT,_Mul_6:OpId_74 (cycles)
299303913396,EXECUTE,3313,CYCLES,BACKEND,SUB-EVENT,_Add_4:OpId_76 (cycles)
299303913396,EXECUTE,1105,CYCLES,BACKEND,SUB-EVENT,_Concat:OpId_78 (cycles)
299303913396,EXECUTE,0,CYCLES,BACKEND,SUB-EVENT,_Slice_2:OpId_81 (cycles)
299303913396,EXECUTE,1148,CYCLES,BACKEND,SUB-EVENT,_Slice_3:OpId_87 (cycles)
299303913396,EXECUTE,8150,CYCLES,BACKEND,SUB-EVENT,_Mul_7:OpId_92 (cycles)
299303913396,EXECUTE,5906,CYCLES,BACKEND,SUB-EVENT,_Mul_8:OpId_94 (cycles)
299303913396,EXECUTE,1173,CYCLES,BACKEND,SUB-EVENT,_Sub_1:OpId_96 (cycles)
299303913396,EXECUTE,5862,CYCLES,BACKEND,SUB-EVENT,_Mul_9:OpId_98 (cycles)
299303913396,EXECUTE,8136,CYCLES,BACKEND,SUB-EVENT,_Mul_10:OpId_100 (cycles)
299303913396,EXECUTE,553,CYCLES,BACKEND,SUB-EVENT,_Add_5:OpId_102 (cycles)
299303913396,EXECUTE,2253,CYCLES,BACKEND,SUB-EVENT,_Concat_1:OpId_104 (cycles)
299303913396,EXECUTE,0,CYCLES,BACKEND,SUB-EVENT,_Unsqueeze_4:OpId_106 (cycles)
299303913396,EXECUTE,1719,CYCLES,BACKEND,SUB-EVENT,_Tile:OpId_108 (cycles)
299303913396,EXECUTE,0,CYCLES,BACKEND,SUB-EVENT,_Reshape_3:OpId_109 (cycles)
299303913396,EXECUTE,0,CYCLES,BACKEND,SUB-EVENT,_Unsqueeze_5:OpId_110 (cycles)
299303913396,EXECUTE,1774,CYCLES,BACKEND,SUB-EVENT,_Tile_1:OpId_112 (cycles)
299303913396,EXECUTE,0,CYCLES,BACKEND,SUB-EVENT,_Reshape_4:OpId_113 (cycles)
299303913396,EXECUTE,0,CYCLES,BACKEND,SUB-EVENT,_Transpose_3:OpId_115 (cycles)
299303913396,EXECUTE,50085,CYCLES,BACKEND,SUB-EVENT,_MatMul_3:OpId_116 (cycles)
299303913396,EXECUTE,30080,CYCLES,BACKEND,SUB-EVENT,_Mul_11:OpId_121 (cycles)
299303913396,EXECUTE,0,CYCLES,BACKEND,SUB-EVENT,_Unsqueeze_7_output_0_cast_to_bool:OpId_124 (cycles)
299303913396,EXECUTE,23823,CYCLES,BACKEND,SUB-EVENT,_Where:OpId_126 (cycles)
299303913396,EXECUTE,20131,CYCLES,BACKEND,SUB-EVENT,_Softmax:OpId_127 (cycles)
299303913396,EXECUTE,14067,CYCLES,BACKEND,SUB-EVENT,_MatMul_4:OpId_130 (cycles)
299303913396,EXECUTE,0,CYCLES,BACKEND,SUB-EVENT,_Transpose_4:OpId_135 (cycles)
299303913396,EXECUTE,0,CYCLES,BACKEND,SUB-EVENT,_Reshape_5:OpId_136 (cycles)
299303913396,EXECUTE,1066,CYCLES,BACKEND,SUB-EVENT,_MatMul_5:OpId_138 (cycles)
299303913396,EXECUTE,0,CYCLES,BACKEND,SUB-EVENT,_MatMul_5_post_reshape:OpId_141 (cycles)
299303913396,EXECUTE,0,CYCLES,BACKEND,SUB-EVENT,_MatMul_5_output_0_nfc:OpId_143 (cycles)
299303913396,EXECUTE,1075,CYCLES,BACKEND,SUB-EVENT,_Add_6:OpId_145 (cycles)
299303913396,EXECUTE,0,CYCLES,BACKEND,SUB-EVENT,_Add_6_output_0_ncf:OpId_148 (cycles)
299303913396,EXECUTE,5695,CYCLES,BACKEND,SUB-EVENT,rms_norm__Mul_14_output_0:OpId_153 (cycles)
299303913396,EXECUTE,0,CYCLES,BACKEND,SUB-EVENT,_MatMul_7_pre_reshape:OpId_156 (cycles)
299303913396,EXECUTE,0,CYCLES,BACKEND,SUB-EVENT,_MatMul_6_pre_reshape:OpId_157 (cycles)
299303913396,EXECUTE,2632,CYCLES,BACKEND,SUB-EVENT,_MatMul_6:OpId_159 (cycles)
299303913396,EXECUTE,0,CYCLES,BACKEND,SUB-EVENT,_MatMul_6_post_reshape:OpId_162 (cycles)
299303913396,EXECUTE,0,CYCLES,BACKEND,SUB-EVENT,_Sigmoid:OpId_163 (cycles)
299303913396,EXECUTE,41292,CYCLES,BACKEND,SUB-EVENT,_Mul_15:OpId_170 (cycles)
299303913396,EXECUTE,2798,CYCLES,BACKEND,SUB-EVENT,_MatMul_7:OpId_173 (cycles)
299303913396,EXECUTE,0,CYCLES,BACKEND,SUB-EVENT,_MatMul_7_post_reshape:OpId_176 (cycles)
299303913396,EXECUTE,29370,CYCLES,BACKEND,SUB-EVENT,_Mul_16:OpId_177 (cycles)
299303913396,EXECUTE,0,CYCLES,BACKEND,SUB-EVENT,_MatMul_8_pre_reshape:OpId_179 (cycles)
299303913396,EXECUTE,2862,CYCLES,BACKEND,SUB-EVENT,_MatMul_8:OpId_181 (cycles)
299303913396,EXECUTE,0,CYCLES,BACKEND,SUB-EVENT,_MatMul_8_post_reshape:OpId_184 (cycles)
299303913396,EXECUTE,0,CYCLES,BACKEND,SUB-EVENT,_MatMul_8_output_0_nfc:OpId_186 (cycles)
299303913396,EXECUTE,2692,CYCLES,BACKEND,SUB-EVENT,_Add_8:OpId_188 (cycles)
299303913396,EXECUTE,6528,CYCLES,BACKEND,SUB-EVENT,hidden_out_ncf:OpId_191 (cycles)
299303913396,EXECUTE,6520,CYCLES,BACKEND,SUB-EVENT,Output OpId_3 (cycles)
299303913396,EXECUTE,4922,US,BACKEND,ROOT,Accelerator (execute) time
299303913396,EXECUTE,3116,US,BACKEND,ROOT,Accelerator (execute excluding wait) time
299303913396,EXECUTE,8172,US,BACKEND,ROOT,QNN (execute) time
299303925779,EXECUTE,8241,US,NETRUN,ROOT,Graph 0: tiny_block_prefill
299303925779,EXECUTE,4,COUNT,BACKEND,ROOT,Number of HVX threads used
299303925779,EXECUTE,7799,US,BACKEND,ROOT,RPC (execute) time
299303925779,EXECUTE,6796,US,BACKEND,ROOT,QNN accelerator (execute) time
299303925779,EXECUTE,0,COUNT,BACKEND,ROOT,Num times yield occured
299303925779,EXECUTE,7040,US,BACKEND,ROOT,Time for initial VTCM acquire
299303925779,EXECUTE,4621,US,BACKEND,ROOT,Time for HVX + HMX power on and acquire
299303925779,EXECUTE,3938677,CYCLES,BACKEND,ROOT,Accelerator (execute) time (cycles)
299303925779,EXECUTE,1017,CYCLES,BACKEND,SUB-EVENT,Input OpId_2 (cycles)
299303925779,EXECUTE,0,CYCLES,BACKEND,SUB-EVENT,hidden_states_nfc:OpId_17 (cycles)
299303925779,EXECUTE,13485,CYCLES,BACKEND,SUB-EVENT,rms_norm__Mul_2_output_0:OpId_22 (cycles)
299303925779,EXECUTE,0,CYCLES,BACKEND,SUB-EVENT,_MatMul_2_pre_reshape:OpId_25 (cycles)
299303925779,EXECUTE,0,CYCLES,BACKEND,SUB-EVENT,_MatMul_1_pre_reshape:OpId_26 (cycles)
299303925779,EXECUTE,0,CYCLES,BACKEND,SUB-EVENT,_MatMul_pre_reshape:OpId_27 (cycles)
299303925779,EXECUTE,0,CYCLES,BACKEND,SUB-EVENT,_MatMul_lhs_reshape:OpId_30 (cycles)
299303925779,EXECUTE,0,CYCLES,BACKEND,SUB-EVENT,_MatMul_lhs_cast_fp16:OpId_31 (cycles)
299303925779,EXECUTE,1120,CYCLES,BACKEND,SUB-EVENT,_MatMul_rhs_cast_fp16:OpId_32 (cycles)
299303925779,EXECUTE,3595062,CYCLES,BACKEND,SUB-EVENT,_MatMul:OpId_33 (cycles)
299303925779,EXECUTE,0,CYCLES,BACKEND,SUB-EVENT,_MatMul_output_reshape:OpId_34 (cycles)
299303925779,EXECUTE,2090,CYCLES,BACKEND,SUB-EVENT,_MatMul_post_reshape:OpId_35 (cycles)
299303925779,EXECUTE,1611,CYCLES,BACKEND,SUB-EVENT,_Transpose:OpId_37 (cycles)
299303925779,EXECUTE,0,CYCLES,BACKEND,SUB-EVENT,_MatMul_1:OpId_40 (cycles)
299303925779,EXECUTE,0,CYCLES,BACKEND,SUB-EVENT,_MatMul_1_post_reshape:OpId_42 (cycles)
299303925779,EXECUTE,6786,CYCLES,BACKEND,SUB-EVENT,_Transpose_1:OpId_44 (cycles)
299303925779,EXECUTE,0,CYCLES,BACKEND,SUB-EVENT,_MatMul_2:OpId_47 (cycles)
299303925779,EXECUTE,0,CYCLES,BACKEND,SUB-EVENT,_MatMul_2_post_reshape:OpId_49 (cycles)
299303925779,EXECUTE,6783,CYCLES,BACKEND,SUB-EVENT,_Transpose_2:OpId_51 (cycles)
299303925779,EXECUTE,0,CYCLES,BACKEND,SUB-EVENT,_Slice:OpId_53 (cycles)
299303925779,EXECUTE,661,CYCLES,BACKEND,SUB-EVENT,_Slice_1:OpId_59 (cycles)
299303925779,EXECUTE,6433,CYCLES,BACKEND,SUB-EVENT,_Mul_3:OpId_65 (cycles)
299303925779,EXECUTE,5638,CYCLES,BACKEND,SUB-EVENT,_Mul_4:OpId_68 (cycles)
299303925779,EXECUTE,813,CYCLES,BACKEND,SUB-EVENT,_Sub:OpId_70 (cycles)
299303925779,EXECUTE,5501,CYCLES,BACKEND,SUB-EVENT,_Mul_5:OpId_72 (cycles)
299303925779,EXECUTE,6310,CYCLES,BACKEND,SUB-EVENT,_Mul_6:OpId_74 (cycles)
299303925779,EXECUTE,5145,CYCLES,BACKEND,SUB-EVENT,_Add_4:OpId_76 (cycles)
299303925779,EXECUTE,1261,CYCLES,BACKEND,SUB-EVENT,_Concat:OpId_78 (cycles)
299303925779,EXECUTE,0,CYCLES,BACKEND,SUB-EVENT,_Slice_2:OpId_81 (cycles)
299303925779,EXECUTE,1174,CYCLES,BACKEND,SUB-EVENT,_Slice_3:OpId_87 (cycles)
299303925779,EXECUTE,8068,CYCLES,BACKEND,SUB-EVENT,_Mul_7:OpId_92 (cycles)
299303925779,EXECUTE,6038,CYCLES,BACKEND,SUB-EVENT,_Mul_8:OpId_94 (cycles)
299303925779,EXECUTE,840,CYCLES,BACKEND,SUB-EVENT,_Sub_1:OpId_96 (cycles)
299303925779,EXECUTE,5768,CYCLES,BACKEND,SUB-EVENT,_Mul_9:OpId_98 (cycles)
299303925779,EXECUTE,7999,CYCLES,BACKEND,SUB-EVENT,_Mul_10:OpId_100 (cycles)
299303925779,EXECUTE,585,CYCLES,BACKEND,SUB-EVENT,_Add_5:OpId_102 (cycles)
299303925779,EXECUTE,2202,CYCLES,BACKEND,SUB-EVENT,_Concat_1:OpId_104 (cycles)
299303925779,EXECUTE,0,CYCLES,BACKEND,SUB-EVENT,_Unsqueeze_4:OpId_106 (cycles)
299303925779,EXECUTE,1680,CYCLES,BACKEND,SUB-EVENT,_Tile:OpId_108 (cycles)
299303925779,EXECUTE,0,CYCLES,BACKEND,SUB-EVENT,_Reshape_3:OpId_109 (cycles)
299303925779,EXECUTE,0,CYCLES,BACKEND,SUB-EVENT,_Unsqueeze_5:OpId_110 (cycles)
299303925779,EXECUTE,1823,CYCLES,BACKEND,SUB-EVENT,_Tile_1:OpId_112 (cycles)
299303925779,EXECUTE,0,CYCLES,BACKEND,SUB-EVENT,_Reshape_4:OpId_113 (cycles)
299303925779,EXECUTE,0,CYCLES,BACKEND,SUB-EVENT,_Transpose_3:OpId_115 (cycles)
299303925779,EXECUTE,58967,CYCLES,BACKEND,SUB-EVENT,_MatMul_3:OpId_116 (cycles)
299303925779,EXECUTE,25971,CYCLES,BACKEND,SUB-EVENT,_Mul_11:OpId_121 (cycles)
299303925779,EXECUTE,0,CYCLES,BACKEND,SUB-EVENT,_Unsqueeze_7_output_0_cast_to_bool:OpId_124 (cycles)
299303925779,EXECUTE,19456,CYCLES,BACKEND,SUB-EVENT,_Where:OpId_126 (cycles)
299303925779,EXECUTE,18696,CYCLES,BACKEND,SUB-EVENT,_Softmax:OpId_127 (cycles)
299303925779,EXECUTE,14755,CYCLES,BACKEND,SUB-EVENT,_MatMul_4:OpId_130 (cycles)
299303925779,EXECUTE,0,CYCLES,BACKEND,SUB-EVENT,_Transpose_4:OpId_135 (cycles)
299303925779,EXECUTE,0,CYCLES,BACKEND,SUB-EVENT,_Reshape_5:OpId_136 (cycles)
299303925779,EXECUTE,1042,CYCLES,BACKEND,SUB-EVENT,_MatMul_5:OpId_138 (cycles)
299303925779,EXECUTE,0,CYCLES,BACKEND,SUB-EVENT,_MatMul_5_post_reshape:OpId_141 (cycles)
299303925779,EXECUTE,0,CYCLES,BACKEND,SUB-EVENT,_MatMul_5_output_0_nfc:OpId_143 (cycles)
299303925779,EXECUTE,1099,CYCLES,BACKEND,SUB-EVENT,_Add_6:OpId_145 (cycles)
299303925779,EXECUTE,0,CYCLES,BACKEND,SUB-EVENT,_Add_6_output_0_ncf:OpId_148 (cycles)
299303925779,EXECUTE,5713,CYCLES,BACKEND,SUB-EVENT,rms_norm__Mul_14_output_0:OpId_153 (cycles)
299303925779,EXECUTE,0,CYCLES,BACKEND,SUB-EVENT,_MatMul_7_pre_reshape:OpId_156 (cycles)
299303925779,EXECUTE,0,CYCLES,BACKEND,SUB-EVENT,_MatMul_6_pre_reshape:OpId_157 (cycles)
299303925779,EXECUTE,2731,CYCLES,BACKEND,SUB-EVENT,_MatMul_6:OpId_159 (cycles)
299303925779,EXECUTE,0,CYCLES,BACKEND,SUB-EVENT,_MatMul_6_post_reshape:OpId_162 (cycles)
299303925779,EXECUTE,0,CYCLES,BACKEND,SUB-EVENT,_Sigmoid:OpId_163 (cycles)
299303925779,EXECUTE,41437,CYCLES,BACKEND,SUB-EVENT,_Mul_15:OpId_170 (cycles)
299303925779,EXECUTE,2841,CYCLES,BACKEND,SUB-EVENT,_MatMul_7:OpId_173 (cycles)
299303925779,EXECUTE,0,CYCLES,BACKEND,SUB-EVENT,_MatMul_7_post_reshape:OpId_176 (cycles)
299303925779,EXECUTE,29442,CYCLES,BACKEND,SUB-EVENT,_Mul_16:OpId_177 (cycles)
299303925779,EXECUTE,0,CYCLES,BACKEND,SUB-EVENT,_MatMul_8_pre_reshape:OpId_179 (cycles)
299303925779,EXECUTE,2911,CYCLES,BACKEND,SUB-EVENT,_MatMul_8:OpId_181 (cycles)
299303925779,EXECUTE,0,CYCLES,BACKEND,SUB-EVENT,_MatMul_8_post_reshape:OpId_184 (cycles)
299303925779,EXECUTE,0,CYCLES,BACKEND,SUB-EVENT,_MatMul_8_output_0_nfc:OpId_186 (cycles)
299303925779,EXECUTE,2693,CYCLES,BACKEND,SUB-EVENT,_Add_8:OpId_188 (cycles)
299303925779,EXECUTE,8387,CYCLES,BACKEND,SUB-EVENT,hidden_out_ncf:OpId_191 (cycles)
299303925779,EXECUTE,6643,CYCLES,BACKEND,SUB-EVENT,Output OpId_3 (cycles)
299303925779,EXECUTE,4986,US,BACKEND,ROOT,Accelerator (execute) time
299303925779,EXECUTE,3192,US,BACKEND,ROOT,Accelerator (execute excluding wait) time
299303925779,EXECUTE,8193,US,BACKEND,ROOT,QNN (execute) time
299303939214,EXECUTE,8999,US,NETRUN,ROOT,Graph 0: tiny_block_prefill
299303939214,EXECUTE,4,COUNT,BACKEND,ROOT,Number of HVX threads used
299303939214,EXECUTE,8522,US,BACKEND,ROOT,RPC (execute) time
299303939214,EXECUTE,6864,US,BACKEND,ROOT,QNN accelerator (execute) time
299303939214,EXECUTE,0,COUNT,BACKEND,ROOT,Num times yield occured
299303939214,EXECUTE,7358,US,BACKEND,ROOT,Time for initial VTCM acquire
299303939214,EXECUTE,4980,US,BACKEND,ROOT,Time for HVX + HMX power on and acquire
299303939214,EXECUTE,3958829,CYCLES,BACKEND,ROOT,Accelerator (execute) time (cycles)
299303939214,EXECUTE,1020,CYCLES,BACKEND,SUB-EVENT,Input OpId_2 (cycles)
299303939214,EXECUTE,0,CYCLES,BACKEND,SUB-EVENT,hidden_states_nfc:OpId_17 (cycles)
299303939214,EXECUTE,14015,CYCLES,BACKEND,SUB-EVENT,rms_norm__Mul_2_output_0:OpId_22 (cycles)
299303939214,EXECUTE,0,CYCLES,BACKEND,SUB-EVENT,_MatMul_2_pre_reshape:OpId_25 (cycles)
299303939214,EXECUTE,0,CYCLES,BACKEND,SUB-EVENT,_MatMul_1_pre_reshape:OpId_26 (cycles)
299303939214,EXECUTE,0,CYCLES,BACKEND,SUB-EVENT,_MatMul_pre_reshape:OpId_27 (cycles)
299303939214,EXECUTE,0,CYCLES,BACKEND,SUB-EVENT,_MatMul_lhs_reshape:OpId_30 (cycles)
299303939214,EXECUTE,0,CYCLES,BACKEND,SUB-EVENT,_MatMul_lhs_cast_fp16:OpId_31 (cycles)
299303939214,EXECUTE,270,CYCLES,BACKEND,SUB-EVENT,_MatMul_rhs_cast_fp16:OpId_32 (cycles)
299303939214,EXECUTE,3628149,CYCLES,BACKEND,SUB-EVENT,_MatMul:OpId_33 (cycles)
299303939214,EXECUTE,0,CYCLES,BACKEND,SUB-EVENT,_MatMul_output_reshape:OpId_34 (cycles)
299303939214,EXECUTE,2075,CYCLES,BACKEND,SUB-EVENT,_MatMul_post_reshape:OpId_35 (cycles)
299303939214,EXECUTE,1594,CYCLES,BACKEND,SUB-EVENT,_Transpose:OpId_37 (cycles)
299303939214,EXECUTE,0,CYCLES,BACKEND,SUB-EVENT,_MatMul_1:OpId_40 (cycles)
299303939214,EXECUTE,0,CYCLES,BACKEND,SUB-EVENT,_MatMul_1_post_reshape:OpId_42 (cycles)
299303939214,EXECUTE,6008,CYCLES,BACKEND,SUB-EVENT,_Transpose_1:OpId_44 (cycles)
299303939214,EXECUTE,0,CYCLES,BACKEND,SUB-EVENT,_MatMul_2:OpId_47 (cycles)
299303939214,EXECUTE,0,CYCLES,BACKEND,SUB-EVENT,_MatMul_2_post_reshape:OpId_49 (cycles)
299303939214,EXECUTE,5854,CYCLES,BACKEND,SUB-EVENT,_Transpose_2:OpId_51 (cycles)
299303939214,EXECUTE,0,CYCLES,BACKEND,SUB-EVENT,_Slice:OpId_53 (cycles)
299303939214,EXECUTE,669,CYCLES,BACKEND,SUB-EVENT,_Slice_1:OpId_59 (cycles)
299303939214,EXECUTE,6531,CYCLES,BACKEND,SUB-EVENT,_Mul_3:OpId_65 (cycles)
299303939214,EXECUTE,5721,CYCLES,BACKEND,SUB-EVENT,_Mul_4:OpId_68 (cycles)
299303939214,EXECUTE,1108,CYCLES,BACKEND,SUB-EVENT,_Sub:OpId_70 (cycles)
299303939214,EXECUTE,5515,CYCLES,BACKEND,SUB-EVENT,_Mul_5:OpId_72 (cycles)
299303939214,EXECUTE,6325,CYCLES,BACKEND,SUB-EVENT,_Mul_6:OpId_74 (cycles)
299303939214,EXECUTE,5208,CYCLES,BACKEND,SUB-EVENT,_Add_4:OpId_76 (cycles)
299303939214,EXECUTE,1317,CYCLES,BACKEND,SUB-EVENT,_Concat:OpId_78 (cycles)
299303939214,EXECUTE,0,CYCLES,BACKEND,SUB-EVENT,_Slice_2:OpId_81 (cycles)
299303939214,EXECUTE,1537,CYCLES,BACKEND,SUB-EVENT,_Slice_3:OpId_87 (cycles)
299303939214,EXECUTE,7540,CYCLES,BACKEND,SUB-EVENT,_Mul_7:OpId_92 (cycles)
299303939214,EXECUTE,4982,CYCLES,BACKEND,SUB-EVENT,_Mul_8:OpId_94 (cycles)
299303939214,EXECUTE,845,CYCLES,BACKEND,SUB-EVENT,_Sub_1:OpId_96 (cycles)
299303939214,EXECUTE,5060,CYCLES,BACKEND,SUB-EVENT,_Mul_9:OpId_98 (cycles)
299303939214,EXECUTE,7350,CYCLES,BACKEND,SUB-EVENT,_Mul_10:OpId_100 (cycles)
299303939214,EXECUTE,632,CYCLES,BACKEND,SUB-EVENT,_Add_5:OpId_102 (cycles)
299303939214,EXECUTE,2771,CYCLES,BACKEND,SUB-EVENT,_Concat_1:OpId_104 (cycles)
299303939214,EXECUTE,0,CYCLES,BACKEND,SUB-EVENT,_Unsqueeze_4:OpId_106 (cycles)
299303939214,EXECUTE,1708,CYCLES,BACKEND,SUB-EVENT,_Tile:OpId_108 (cycles)
299303939214,EXECUTE,0,CYCLES,BACKEND,SUB-EVENT,_Reshape_3:OpId_109 (cycles)
299303939214,EXECUTE,0,CYCLES,BACKEND,SUB-EVENT,_Unsqueeze_5:OpId_110 (cycles)
299303939214,EXECUTE,1780,CYCLES,BACKEND,SUB-EVENT,_Tile_1:OpId_112 (cycles)
299303939214,EXECUTE,0,CYCLES,BACKEND,SUB-EVENT,_Reshape_4:OpId_113 (cycles)
299303939214,EXECUTE,0,CYCLES,BACKEND,SUB-EVENT,_Transpose_3:OpId_115 (cycles)
299303939214,EXECUTE,53352,CYCLES,BACKEND,SUB-EVENT,_MatMul_3:OpId_116 (cycles)
299303939214,EXECUTE,28023,CYCLES,BACKEND,SUB-EVENT,_Mul_11:OpId_121 (cycles)
299303939214,EXECUTE,0,CYCLES,BACKEND,SUB-EVENT,_Unsqueeze_7_output_0_cast_to_bool:OpId_124 (cycles)
299303939214,EXECUTE,18359,CYCLES,BACKEND,SUB-EVENT,_Where:OpId_126 (cycles)
299303939214,EXECUTE,18638,CYCLES,BACKEND,SUB-EVENT,_Softmax:OpId_127 (cycles)
299303939214,EXECUTE,14675,CYCLES,BACKEND,SUB-EVENT,_MatMul_4:OpId_130 (cycles)
299303939214,EXECUTE,0,CYCLES,BACKEND,SUB-EVENT,_Transpose_4:OpId_135 (cycles)
299303939214,EXECUTE,0,CYCLES,BACKEND,SUB-EVENT,_Reshape_5:OpId_136 (cycles)
299303939214,EXECUTE,1061,CYCLES,BACKEND,SUB-EVENT,_MatMul_5:OpId_138 (cycles)
299303939214,EXECUTE,0,CYCLES,BACKEND,SUB-EVENT,_MatMul_5_post_reshape:OpId_141 (cycles)
299303939214,EXECUTE,0,CYCLES,BACKEND,SUB-EVENT,_MatMul_5_output_0_nfc:OpId_143 (cycles)
299303939214,EXECUTE,1133,CYCLES,BACKEND,SUB-EVENT,_Add_6:OpId_145 (cycles)
299303939214,EXECUTE,0,CYCLES,BACKEND,SUB-EVENT,_Add_6_output_0_ncf:OpId_148 (cycles)
299303939214,EXECUTE,5680,CYCLES,BACKEND,SUB-EVENT,rms_norm__Mul_14_output_0:OpId_153 (cycles)
299303939214,EXECUTE,0,CYCLES,BACKEND,SUB-EVENT,_MatMul_7_pre_reshape:OpId_156 (cycles)
299303939214,EXECUTE,0,CYCLES,BACKEND,SUB-EVENT,_MatMul_6_pre_reshape:OpId_157 (cycles)
299303939214,EXECUTE,2788,CYCLES,BACKEND,SUB-EVENT,_MatMul_6:OpId_159 (cycles)
299303939214,EXECUTE,0,CYCLES,BACKEND,SUB-EVENT,_MatMul_6_post_reshape:OpId_162 (cycles)
299303939214,EXECUTE,0,CYCLES,BACKEND,SUB-EVENT,_Sigmoid:OpId_163 (cycles)
299303939214,EXECUTE,41360,CYCLES,BACKEND,SUB-EVENT,_Mul_15:OpId_170 (cycles)
299303939214,EXECUTE,2897,CYCLES,BACKEND,SUB-EVENT,_MatMul_7:OpId_173 (cycles)
299303939214,EXECUTE,0,CYCLES,BACKEND,SUB-EVENT,_MatMul_7_post_reshape:OpId_176 (cycles)
299303939214,EXECUTE,29732,CYCLES,BACKEND,SUB-EVENT,_Mul_16:OpId_177 (cycles)
299303939214,EXECUTE,0,CYCLES,BACKEND,SUB-EVENT,_MatMul_8_pre_reshape:OpId_179 (cycles)
299303939214,EXECUTE,2203,CYCLES,BACKEND,SUB-EVENT,_MatMul_8:OpId_181 (cycles)
299303939214,EXECUTE,0,CYCLES,BACKEND,SUB-EVENT,_MatMul_8_post_reshape:OpId_184 (cycles)
299303939214,EXECUTE,0,CYCLES,BACKEND,SUB-EVENT,_MatMul_8_output_0_nfc:OpId_186 (cycles)
299303939214,EXECUTE,2701,CYCLES,BACKEND,SUB-EVENT,_Add_8:OpId_188 (cycles)
299303939214,EXECUTE,4175,CYCLES,BACKEND,SUB-EVENT,hidden_out_ncf:OpId_191 (cycles)
299303939214,EXECUTE,6468,CYCLES,BACKEND,SUB-EVENT,Output OpId_3 (cycles)
299303939214,EXECUTE,5057,US,BACKEND,ROOT,Accelerator (execute) time
299303939214,EXECUTE,3176,US,BACKEND,ROOT,Accelerator (execute excluding wait) time
299303939214,EXECUTE,8952,US,BACKEND,ROOT,QNN (execute) time
299303952236,EXECUTE,8294,US,NETRUN,ROOT,Graph 0: tiny_block_prefill
299303952236,EXECUTE,4,COUNT,BACKEND,ROOT,Number of HVX threads used
299303952236,EXECUTE,7876,US,BACKEND,ROOT,RPC (execute) time
299303952236,EXECUTE,6806,US,BACKEND,ROOT,QNN accelerator (execute) time
299303952236,EXECUTE,0,COUNT,BACKEND,ROOT,Num times yield occured
299303952236,EXECUTE,7221,US,BACKEND,ROOT,Time for initial VTCM acquire
299303952236,EXECUTE,4734,US,BACKEND,ROOT,Time for HVX + HMX power on and acquire
299303952236,EXECUTE,3976776,CYCLES,BACKEND,ROOT,Accelerator (execute) time (cycles)
299303952236,EXECUTE,5615,CYCLES,BACKEND,SUB-EVENT,Input OpId_2 (cycles)
299303952236,EXECUTE,0,CYCLES,BACKEND,SUB-EVENT,hidden_states_nfc:OpId_17 (cycles)
299303952236,EXECUTE,17857,CYCLES,BACKEND,SUB-EVENT,rms_norm__Mul_2_output_0:OpId_22 (cycles)
299303952236,EXECUTE,0,CYCLES,BACKEND,SUB-EVENT,_MatMul_2_pre_reshape:OpId_25 (cycles)
299303952236,EXECUTE,0,CYCLES,BACKEND,SUB-EVENT,_MatMul_1_pre_reshape:OpId_26 (cycles)
299303952236,EXECUTE,0,CYCLES,BACKEND,SUB-EVENT,_MatMul_pre_reshape:OpId_27 (cycles)
299303952236,EXECUTE,0,CYCLES,BACKEND,SUB-EVENT,_MatMul_lhs_reshape:OpId_30 (cycles)
299303952236,EXECUTE,0,CYCLES,BACKEND,SUB-EVENT,_MatMul_lhs_cast_fp16:OpId_31 (cycles)
299303952236,EXECUTE,7448,CYCLES,BACKEND,SUB-EVENT,_MatMul_rhs_cast_fp16:OpId_32 (cycles)
299303952236,EXECUTE,3618124,CYCLES,BACKEND,SUB-EVENT,_MatMul:OpId_33 (cycles)
299303952236,EXECUTE,0,CYCLES,BACKEND,SUB-EVENT,_MatMul_output_reshape:OpId_34 (cycles)
299303952236,EXECUTE,2062,CYCLES,BACKEND,SUB-EVENT,_MatMul_post_reshape:OpId_35 (cycles)
299303952236,EXECUTE,2039,CYCLES,BACKEND,SUB-EVENT,_Transpose:OpId_37 (cycles)
299303952236,EXECUTE,0,CYCLES,BACKEND,SUB-EVENT,_MatMul_1:OpId_40 (cycles)
299303952236,EXECUTE,0,CYCLES,BACKEND,SUB-EVENT,_MatMul_1_post_reshape:OpId_42 (cycles)
299303952236,EXECUTE,3716,CYCLES,BACKEND,SUB-EVENT,_Transpose_1:OpId_44 (cycles)
299303952236,EXECUTE,0,CYCLES,BACKEND,SUB-EVENT,_MatMul_2:OpId_47 (cycles)
299303952236,EXECUTE,0,CYCLES,BACKEND,SUB-EVENT,_MatMul_2_post_reshape:OpId_49 (cycles)
299303952236,EXECUTE,5756,CYCLES,BACKEND,SUB-EVENT,_Transpose_2:OpId_51 (cycles)
299303952236,EXECUTE,0,CYCLES,BACKEND,SUB-EVENT,_Slice:OpId_53 (cycles)
299303952236,EXECUTE,671,CYCLES,BACKEND,SUB-EVENT,_Slice_1:OpId_59 (cycles)
299303952236,EXECUTE,6388,CYCLES,BACKEND,SUB-EVENT,_Mul_3:OpId_65 (cycles)
299303952236,EXECUTE,5563,CYCLES,BACKEND,SUB-EVENT,_Mul_4:OpId_68 (cycles)
299303952236,EXECUTE,1071,CYCLES,BACKEND,SUB-EVENT,_Sub:OpId_70 (cycles)
299303952236,EXECUTE,5389,CYCLES,BACKEND,SUB-EVENT,_Mul_5:OpId_72 (cycles)
299303952236,EXECUTE,6218,CYCLES,BACKEND,SUB-EVENT,_Mul_6:OpId_74 (cycles)
299303952236,EXECUTE,1103,CYCLES,BACKEND,SUB-EVENT,_Add_4:OpId_76 (cycles)
299303952236,EXECUTE,1162,CYCLES,BACKEND,SUB-EVENT,_Concat:OpId_78 (cycles)
299303952236,EXECUTE,0,CYCLES,BACKEND,SUB-EVENT,_Slice_2:OpId_81 (cycles)
299303952236,EXECUTE,1173,CYCLES,BACKEND,SUB-EVENT,_Slice_3:OpId_87 (cycles)
299303952236,EXECUTE,7705,CYCLES,BACKEND,SUB-EVENT,_Mul_7:OpId_92 (cycles)
299303952236,EXECUTE,5238,CYCLES,BACKEND,SUB-EVENT,_Mul_8:OpId_94 (cycles)
299303952236,EXECUTE,847,CYCLES,BACKEND,SUB-EVENT,_Sub_1:OpId_96 (cycles)
299303952236,EXECUTE,5074,CYCLES,BACKEND,SUB-EVENT,_Mul_9:OpId_98 (cycles)
299303952236,EXECUTE,7689,CYCLES,BACKEND,SUB-EVENT,_Mul_10:OpId_100 (cycles)
299303952236,EXECUTE,732,CYCLES,BACKEND,SUB-EVENT,_Add_5:OpId_102 (cycles)
299303952236,EXECUTE,2264,CYCLES,BACKEND,SUB-EVENT,_Concat_1:OpId_104 (cycles)
299303952236,EXECUTE,0,CYCLES,BACKEND,SUB-EVENT,_Unsqueeze_4:OpId_106 (cycles)
299303952236,EXECUTE,1733,CYCLES,BACKEND,SUB-EVENT,_Tile:OpId_108 (cycles)
299303952236,EXECUTE,0,CYCLES,BACKEND,SUB-EVENT,_Reshape_3:OpId_109 (cycles)
299303952236,EXECUTE,0,CYCLES,BACKEND,SUB-EVENT,_Unsqueeze_5:OpId_110 (cycles)
299303952236,EXECUTE,1436,CYCLES,BACKEND,SUB-EVENT,_Tile_1:OpId_112 (cycles)
299303952236,EXECUTE,0,CYCLES,BACKEND,SUB-EVENT,_Reshape_4:OpId_113 (cycles)
299303952236,EXECUTE,0,CYCLES,BACKEND,SUB-EVENT,_Transpose_3:OpId_115 (cycles)
299303952236,EXECUTE,48524,CYCLES,BACKEND,SUB-EVENT,_MatMul_3:OpId_116 (cycles)
299303952236,EXECUTE,16378,CYCLES,BACKEND,SUB-EVENT,_Mul_11:OpId_121 (cycles)
299303952236,EXECUTE,0,CYCLES,BACKEND,SUB-EVENT,_Unsqueeze_7_output_0_cast_to_bool:OpId_124 (cycles)
299303952236,EXECUTE,13610,CYCLES,BACKEND,SUB-EVENT,_Where:OpId_126 (cycles)
299303952236,EXECUTE,16265,CYCLES,BACKEND,SUB-EVENT,_Softmax:OpId_127 (cycles)
299303952236,EXECUTE,14158,CYCLES,BACKEND,SUB-EVENT,_MatMul_4:OpId_130 (cycles)
299303952236,EXECUTE,0,CYCLES,BACKEND,SUB-EVENT,_Transpose_4:OpId_135 (cycles)
299303952236,EXECUTE,0,CYCLES,BACKEND,SUB-EVENT,_Reshape_5:OpId_136 (cycles)
299303952236,EXECUTE,1341,CYCLES,BACKEND,SUB-EVENT,_MatMul_5:OpId_138 (cycles)
299303952236,EXECUTE,0,CYCLES,BACKEND,SUB-EVENT,_MatMul_5_post_reshape:OpId_141 (cycles)
299303952236,EXECUTE,0,CYCLES,BACKEND,SUB-EVENT,_MatMul_5_output_0_nfc:OpId_143 (cycles)
299303952236,EXECUTE,1080,CYCLES,BACKEND,SUB-EVENT,_Add_6:OpId_145 (cycles)
299303952236,EXECUTE,0,CYCLES,BACKEND,SUB-EVENT,_Add_6_output_0_ncf:OpId_148 (cycles)
299303952236,EXECUTE,5731,CYCLES,BACKEND,SUB-EVENT,rms_norm__Mul_14_output_0:OpId_153 (cycles)
299303952236,EXECUTE,0,CYCLES,BACKEND,SUB-EVENT,_MatMul_7_pre_reshape:OpId_156 (cycles)
299303952236,EXECUTE,0,CYCLES,BACKEND,SUB-EVENT,_MatMul_6_pre_reshape:OpId_157 (cycles)
299303952236,EXECUTE,15979,CYCLES,BACKEND,SUB-EVENT,_MatMul_6:OpId_159 (cycles)
299303952236,EXECUTE,0,CYCLES,BACKEND,SUB-EVENT,_MatMul_6_post_reshape:OpId_162 (cycles)
299303952236,EXECUTE,0,CYCLES,BACKEND,SUB-EVENT,_Sigmoid:OpId_163 (cycles)
299303952236,EXECUTE,57985,CYCLES,BACKEND,SUB-EVENT,_Mul_15:OpId_170 (cycles)
299303952236,EXECUTE,2815,CYCLES,BACKEND,SUB-EVENT,_MatMul_7:OpId_173 (cycles)
299303952236,EXECUTE,0,CYCLES,BACKEND,SUB-EVENT,_MatMul_7_post_reshape:OpId_176 (cycles)
299303952236,EXECUTE,33633,CYCLES,BACKEND,SUB-EVENT,_Mul_16:OpId_177 (cycles)
299303952236,EXECUTE,0,CYCLES,BACKEND,SUB-EVENT,_MatMul_8_pre_reshape:OpId_179 (cycles)
299303952236,EXECUTE,2729,CYCLES,BACKEND,SUB-EVENT,_MatMul_8:OpId_181 (cycles)
299303952236,EXECUTE,0,CYCLES,BACKEND,SUB-EVENT,_MatMul_8_post_reshape:OpId_184 (cycles)
299303952236,EXECUTE,0,CYCLES,BACKEND,SUB-EVENT,_MatMul_8_output_0_nfc:OpId_186 (cycles)
299303952236,EXECUTE,2720,CYCLES,BACKEND,SUB-EVENT,_Add_8:OpId_188 (cycles)
299303952236,EXECUTE,6420,CYCLES,BACKEND,SUB-EVENT,hidden_out_ncf:OpId_191 (cycles)
299303952236,EXECUTE,13335,CYCLES,BACKEND,SUB-EVENT,Output OpId_3 (cycles)
299303952236,EXECUTE,5012,US,BACKEND,ROOT,Accelerator (execute) time
299303952236,EXECUTE,3212,US,BACKEND,ROOT,Accelerator (execute excluding wait) time
299303952236,EXECUTE,8256,US,BACKEND,ROOT,QNN (execute) time
299303964590,EXECUTE,8156,US,NETRUN,ROOT,Graph 0: tiny_block_prefill
299303964590,EXECUTE,4,COUNT,BACKEND,ROOT,Number of HVX threads used
299303964590,EXECUTE,7763,US,BACKEND,ROOT,RPC (execute) time
299303964590,EXECUTE,6717,US,BACKEND,ROOT,QNN accelerator (execute) time
299303964590,EXECUTE,0,COUNT,BACKEND,ROOT,Num times yield occured
299303964590,EXECUTE,7071,US,BACKEND,ROOT,Time for initial VTCM acquire
299303964590,EXECUTE,4752,US,BACKEND,ROOT,Time for HVX + HMX power on and acquire
299303964590,EXECUTE,3933728,CYCLES,BACKEND,ROOT,Accelerator (execute) time (cycles)
299303964590,EXECUTE,893,CYCLES,BACKEND,SUB-EVENT,Input OpId_2 (cycles)
299303964590,EXECUTE,0,CYCLES,BACKEND,SUB-EVENT,hidden_states_nfc:OpId_17 (cycles)
299303964590,EXECUTE,14615,CYCLES,BACKEND,SUB-EVENT,rms_norm__Mul_2_output_0:OpId_22 (cycles)
299303964590,EXECUTE,0,CYCLES,BACKEND,SUB-EVENT,_MatMul_2_pre_reshape:OpId_25 (cycles)
299303964590,EXECUTE,0,CYCLES,BACKEND,SUB-EVENT,_MatMul_1_pre_reshape:OpId_26 (cycles)
299303964590,EXECUTE,0,CYCLES,BACKEND,SUB-EVENT,_MatMul_pre_reshape:OpId_27 (cycles)
299303964590,EXECUTE,0,CYCLES,BACKEND,SUB-EVENT,_MatMul_lhs_reshape:OpId_30 (cycles)
299303964590,EXECUTE,0,CYCLES,BACKEND,SUB-EVENT,_MatMul_lhs_cast_fp16:OpId_31 (cycles)
299303964590,EXECUTE,242,CYCLES,BACKEND,SUB-EVENT,_MatMul_rhs_cast_fp16:OpId_32 (cycles)
299303964590,EXECUTE,3603462,CYCLES,BACKEND,SUB-EVENT,_MatMul:OpId_33 (cycles)
299303964590,EXECUTE,0,CYCLES,BACKEND,SUB-EVENT,_MatMul_output_reshape:OpId_34 (cycles)
299303964590,EXECUTE,2087,CYCLES,BACKEND,SUB-EVENT,_MatMul_post_reshape:OpId_35 (cycles)
299303964590,EXECUTE,1617,CYCLES,BACKEND,SUB-EVENT,_Transpose:OpId_37 (cycles)
299303964590,EXECUTE,0,CYCLES,BACKEND,SUB-EVENT,_MatMul_1:OpId_40 (cycles)
299303964590,EXECUTE,0,CYCLES,BACKEND,SUB-EVENT,_MatMul_1_post_reshape:OpId_42 (cycles)
299303964590,EXECUTE,8996,CYCLES,BACKEND,SUB-EVENT,_Transpose_1:OpId_44 (cycles)
299303964590,EXECUTE,0,CYCLES,BACKEND,SUB-EVENT,_MatMul_2:OpId_47 (cycles)
299303964590,EXECUTE,0,CYCLES,BACKEND,SUB-EVENT,_MatMul_2_post_reshape:OpId_49 (cycles)
299303964590,EXECUTE,7583,CYCLES,BACKEND,SUB-EVENT,_Transpose_2:OpId_51 (cycles)
299303964590,EXECUTE,0,CYCLES,BACKEND,SUB-EVENT,_Slice:OpId_53 (cycles)
299303964590,EXECUTE,718,CYCLES,BACKEND,SUB-EVENT,_Slice_1:OpId_59 (cycles)
299303964590,EXECUTE,5975,CYCLES,BACKEND,SUB-EVENT,_Mul_3:OpId_65 (cycles)
299303964590,EXECUTE,5393,CYCLES,BACKEND,SUB-EVENT,_Mul_4:OpId_68 (cycles)
299303964590,EXECUTE,1021,CYCLES,BACKEND,SUB-EVENT,_Sub:OpId_70 (cycles)
299303964590,EXECUTE,4782,CYCLES,BACKEND,SUB-EVENT,_Mul_5:OpId_72 (cycles)
299303964590,EXECUTE,6096,CYCLES,BACKEND,SUB-EVENT,_Mul_6:OpId_74 (cycles)
299303964590,EXECUTE,1595,CYCLES,BACKEND,SUB-EVENT,_Add_4:OpId_76 (cycles)
299303964590,EXECUTE,1160,CYCLES,BACKEND,SUB-EVENT,_Concat:OpId_78 (cycles)
299303964590,EXECUTE,0,CYCLES,BACKEND,SUB-EVENT,_Slice_2:OpId_81 (cycles)
299303964590,EXECUTE,1297,CYCLES,BACKEND,SUB-EVENT,_Slice_3:OpId_87 (cycles)
299303964590,EXECUTE,7410,CYCLES,BACKEND,SUB-EVENT,_Mul_7:OpId_92 (cycles)
299303964590,EXECUTE,5382,CYCLES,BACKEND,SUB-EVENT,_Mul_8:OpId_94 (cycles)
299303964590,EXECUTE,1056,CYCLES,BACKEND,SUB-EVENT,_Sub_1:OpId_96 (cycles)
299303964590,EXECUTE,5309,CYCLES,BACKEND,SUB-EVENT,_Mul_9:OpId_98 (cycles)
299303964590,EXECUTE,7345,CYCLES,BACKEND,SUB-EVENT,_Mul_10:OpId_100 (cycles)
299303964590,EXECUTE,610,CYCLES,BACKEND,SUB-EVENT,_Add_5:OpId_102 (cycles)
299303964590,EXECUTE,2626,CYCLES,BACKEND,SUB-EVENT,_Concat_1:OpId_104 (cycles)
299303964590,EXECUTE,0,CYCLES,BACKEND,SUB-EVENT,_Unsqueeze_4:OpId_106 (cycles)
299303964590,EXECUTE,1711,CYCLES,BACKEND,SUB-EVENT,_Tile:OpId_108 (cycles)
299303964590,EXECUTE,0,CYCLES,BACKEND,SUB-EVENT,_Reshape_3:OpId_109 (cycles)
299303964590,EXECUTE,0,CYCLES,BACKEND,SUB-EVENT,_Unsqueeze_5:OpId_110 (cycles)
299303964590,EXECUTE,1684,CYCLES,BACKEND,SUB-EVENT,_Tile_1:OpId_112 (cycles)
299303964590,EXECUTE,0,CYCLES,BACKEND,SUB-EVENT,_Reshape_4:OpId_113 (cycles)
299303964590,EXECUTE,0,CYCLES,BACKEND,SUB-EVENT,_Transpose_3:OpId_115 (cycles)
299303964590,EXECUTE,56983,CYCLES,BACKEND,SUB-EVENT,_MatMul_3:OpId_116 (cycles)
299303964590,EXECUTE,26063,CYCLES,BACKEND,SUB-EVENT,_Mul_11:OpId_121 (cycles)
299303964590,EXECUTE,0,CYCLES,BACKEND,SUB-EVENT,_Unsqueeze_7_output_0_cast_to_bool:OpId_124 (cycles)
299303964590,EXECUTE,19572,CYCLES,BACKEND,SUB-EVENT,_Where:OpId_126 (cycles)
299303964590,EXECUTE,17922,CYCLES,BACKEND,SUB-EVENT,_Softmax:OpId_127 (cycles)
299303964590,EXECUTE,12745,CYCLES,BACKEND,SUB-EVENT,_MatMul_4:OpId_130 (cycles)
299303964590,EXECUTE,0,CYCLES,BACKEND,SUB-EVENT,_Transpose_4:OpId_135 (cycles)
299303964590,EXECUTE,0,CYCLES,BACKEND,SUB-EVENT,_Reshape_5:OpId_136 (cycles)
299303964590,EXECUTE,1062,CYCLES,BACKEND,SUB-EVENT,_MatMul_5:OpId_138 (cycles)
299303964590,EXECUTE,0,CYCLES,BACKEND,SUB-EVENT,_MatMul_5_post_reshape:OpId_141 (cycles)
299303964590,EXECUTE,0,CYCLES,BACKEND,SUB-EVENT,_MatMul_5_output_0_nfc:OpId_143 (cycles)
299303964590,EXECUTE,1135,CYCLES,BACKEND,SUB-EVENT,_Add_6:OpId_145 (cycles)
299303964590,EXECUTE,0,CYCLES,BACKEND,SUB-EVENT,_Add_6_output_0_ncf:OpId_148 (cycles)
299303964590,EXECUTE,5702,CYCLES,BACKEND,SUB-EVENT,rms_norm__Mul_14_output_0:OpId_153 (cycles)
299303964590,EXECUTE,0,CYCLES,BACKEND,SUB-EVENT,_MatMul_7_pre_reshape:OpId_156 (cycles)
299303964590,EXECUTE,0,CYCLES,BACKEND,SUB-EVENT,_MatMul_6_pre_reshape:OpId_157 (cycles)
299303964590,EXECUTE,2940,CYCLES,BACKEND,SUB-EVENT,_MatMul_6:OpId_159 (cycles)
299303964590,EXECUTE,0,CYCLES,BACKEND,SUB-EVENT,_MatMul_6_post_reshape:OpId_162 (cycles)
299303964590,EXECUTE,0,CYCLES,BACKEND,SUB-EVENT,_Sigmoid:OpId_163 (cycles)
299303964590,EXECUTE,43198,CYCLES,BACKEND,SUB-EVENT,_Mul_15:OpId_170 (cycles)
299303964590,EXECUTE,2913,CYCLES,BACKEND,SUB-EVENT,_MatMul_7:OpId_173 (cycles)
299303964590,EXECUTE,0,CYCLES,BACKEND,SUB-EVENT,_MatMul_7_post_reshape:OpId_176 (cycles)
299303964590,EXECUTE,27093,CYCLES,BACKEND,SUB-EVENT,_Mul_16:OpId_177 (cycles)
299303964590,EXECUTE,0,CYCLES,BACKEND,SUB-EVENT,_MatMul_8_pre_reshape:OpId_179 (cycles)
299303964590,EXECUTE,2262,CYCLES,BACKEND,SUB-EVENT,_MatMul_8:OpId_181 (cycles)
299303964590,EXECUTE,0,CYCLES,BACKEND,SUB-EVENT,_MatMul_8_post_reshape:OpId_184 (cycles)
299303964590,EXECUTE,0,CYCLES,BACKEND,SUB-EVENT,_MatMul_8_output_0_nfc:OpId_186 (cycles)
299303964590,EXECUTE,2695,CYCLES,BACKEND,SUB-EVENT,_Add_8:OpId_188 (cycles)
299303964590,EXECUTE,4417,CYCLES,BACKEND,SUB-EVENT,hidden_out_ncf:OpId_191 (cycles)
299303964590,EXECUTE,6361,CYCLES,BACKEND,SUB-EVENT,Output OpId_3 (cycles)
299303964590,EXECUTE,4930,US,BACKEND,ROOT,Accelerator (execute) time
299303964590,EXECUTE,3134,US,BACKEND,ROOT,Accelerator (execute excluding wait) time
299303964590,EXECUTE,8121,US,BACKEND,ROOT,QNN (execute) time
299303977176,EXECUTE,8252,US,NETRUN,ROOT,Graph 0: tiny_block_prefill
299303977176,EXECUTE,4,COUNT,BACKEND,ROOT,Number of HVX threads used
299303977176,EXECUTE,7826,US,BACKEND,ROOT,RPC (execute) time
299303977176,EXECUTE,6823,US,BACKEND,ROOT,QNN accelerator (execute) time
299303977176,EXECUTE,0,COUNT,BACKEND,ROOT,Num times yield occured
299303977176,EXECUTE,7130,US,BACKEND,ROOT,Time for initial VTCM acquire
299303977176,EXECUTE,4887,US,BACKEND,ROOT,Time for HVX + HMX power on and acquire
299303977176,EXECUTE,3994903,CYCLES,BACKEND,ROOT,Accelerator (execute) time (cycles)
299303977176,EXECUTE,1018,CYCLES,BACKEND,SUB-EVENT,Input OpId_2 (cycles)
299303977176,EXECUTE,0,CYCLES,BACKEND,SUB-EVENT,hidden_states_nfc:OpId_17 (cycles)
299303977176,EXECUTE,14231,CYCLES,BACKEND,SUB-EVENT,rms_norm__Mul_2_output_0:OpId_22 (cycles)
299303977176,EXECUTE,0,CYCLES,BACKEND,SUB-EVENT,_MatMul_2_pre_reshape:OpId_25 (cycles)
299303977176,EXECUTE,0,CYCLES,BACKEND,SUB-EVENT,_MatMul_1_pre_reshape:OpId_26 (cycles)
299303977176,EXECUTE,0,CYCLES,BACKEND,SUB-EVENT,_MatMul_pre_reshape:OpId_27 (cycles)
299303977176,EXECUTE,0,CYCLES,BACKEND,SUB-EVENT,_MatMul_lhs_reshape:OpId_30 (cycles)
299303977176,EXECUTE,0,CYCLES,BACKEND,SUB-EVENT,_MatMul_lhs_cast_fp16:OpId_31 (cycles)
299303977176,EXECUTE,236,CYCLES,BACKEND,SUB-EVENT,_MatMul_rhs_cast_fp16:OpId_32 (cycles)
299303977176,EXECUTE,3672571,CYCLES,BACKEND,SUB-EVENT,_MatMul:OpId_33 (cycles)
299303977176,EXECUTE,0,CYCLES,BACKEND,SUB-EVENT,_MatMul_output_reshape:OpId_34 (cycles)
299303977176,EXECUTE,2094,CYCLES,BACKEND,SUB-EVENT,_MatMul_post_reshape:OpId_35 (cycles)
299303977176,EXECUTE,1607,CYCLES,BACKEND,SUB-EVENT,_Transpose:OpId_37 (cycles)
299303977176,EXECUTE,0,CYCLES,BACKEND,SUB-EVENT,_MatMul_1:OpId_40 (cycles)
299303977176,EXECUTE,0,CYCLES,BACKEND,SUB-EVENT,_MatMul_1_post_reshape:OpId_42 (cycles)
299303977176,EXECUTE,5758,CYCLES,BACKEND,SUB-EVENT,_Transpose_1:OpId_44 (cycles)
299303977176,EXECUTE,0,CYCLES,BACKEND,SUB-EVENT,_MatMul_2:OpId_47 (cycles)
299303977176,EXECUTE,0,CYCLES,BACKEND,SUB-EVENT,_MatMul_2_post_reshape:OpId_49 (cycles)
299303977176,EXECUTE,5344,CYCLES,BACKEND,SUB-EVENT,_Transpose_2:OpId_51 (cycles)
299303977176,EXECUTE,0,CYCLES,BACKEND,SUB-EVENT,_Slice:OpId_53 (cycles)
299303977176,EXECUTE,664,CYCLES,BACKEND,SUB-EVENT,_Slice_1:OpId_59 (cycles)
299303977176,EXECUTE,6291,CYCLES,BACKEND,SUB-EVENT,_Mul_3:OpId_65 (cycles)
299303977176,EXECUTE,5499,CYCLES,BACKEND,SUB-EVENT,_Mul_4:OpId_68 (cycles)
299303977176,EXECUTE,836,CYCLES,BACKEND,SUB-EVENT,_Sub:OpId_70 (cycles)
299303977176,EXECUTE,5339,CYCLES,BACKEND,SUB-EVENT,_Mul_5:OpId_72 (cycles)
299303977176,EXECUTE,6165,CYCLES,BACKEND,SUB-EVENT,_Mul_6:OpId_74 (cycles)
299303977176,EXECUTE,4914,CYCLES,BACKEND,SUB-EVENT,_Add_4:OpId_76 (cycles)
299303977176,EXECUTE,1118,CYCLES,BACKEND,SUB-EVENT,_Concat:OpId_78 (cycles)
299303977176,EXECUTE,0,CYCLES,BACKEND,SUB-EVENT,_Slice_2:OpId_81 (cycles)
299303977176,EXECUTE,1183,CYCLES,BACKEND,SUB-EVENT,_Slice_3:OpId_87 (cycles)
299303977176,EXECUTE,7796,CYCLES,BACKEND,SUB-EVENT,_Mul_7:OpId_92 (cycles)
299303977176,EXECUTE,5737,CYCLES,BACKEND,SUB-EVENT,_Mul_8:OpId_94 (cycles)
299303977176,EXECUTE,840,CYCLES,BACKEND,SUB-EVENT,_Sub_1:OpId_96 (cycles)
299303977176,EXECUTE,5538,CYCLES,BACKEND,SUB-EVENT,_Mul_9:OpId_98 (cycles)
299303977176,EXECUTE,7775,CYCLES,BACKEND,SUB-EVENT,_Mul_10:OpId_100 (cycles)
299303977176,EXECUTE,715,CYCLES,BACKEND,SUB-EVENT,_Add_5:OpId_102 (cycles)
299303977176,EXECUTE,2531,CYCLES,BACKEND,SUB-EVENT,_Concat_1:OpId_104 (cycles)
299303977176,EXECUTE,0,CYCLES,BACKEND,SUB-EVENT,_Unsqueeze_4:OpId_106 (cycles)
299303977176,EXECUTE,1741,CYCLES,BACKEND,SUB-EVENT,_Tile:OpId_108 (cycles)
299303977176,EXECUTE,0,CYCLES,BACKEND,SUB-EVENT,_Reshape_3:OpId_109 (cycles)
299303977176,EXECUTE,0,CYCLES,BACKEND,SUB-EVENT,_Unsqueeze_5:OpId_110 (cycles)
299303977176,EXECUTE,1723,CYCLES,BACKEND,SUB-EVENT,_Tile_1:OpId_112 (cycles)
299303977176,EXECUTE,0,CYCLES,BACKEND,SUB-EVENT,_Reshape_4:OpId_113 (cycles)
299303977176,EXECUTE,0,CYCLES,BACKEND,SUB-EVENT,_Transpose_3:OpId_115 (cycles)
299303977176,EXECUTE,46165,CYCLES,BACKEND,SUB-EVENT,_MatMul_3:OpId_116 (cycles)
299303977176,EXECUTE,25228,CYCLES,BACKEND,SUB-EVENT,_Mul_11:OpId_121 (cycles)
299303977176,EXECUTE,0,CYCLES,BACKEND,SUB-EVENT,_Unsqueeze_7_output_0_cast_to_bool:OpId_124 (cycles)
299303977176,EXECUTE,20279,CYCLES,BACKEND,SUB-EVENT,_Where:OpId_126 (cycles)
299303977176,EXECUTE,18392,CYCLES,BACKEND,SUB-EVENT,_Softmax:OpId_127 (cycles)
299303977176,EXECUTE,13876,CYCLES,BACKEND,SUB-EVENT,_MatMul_4:OpId_130 (cycles)
299303977176,EXECUTE,0,CYCLES,BACKEND,SUB-EVENT,_Transpose_4:OpId_135 (cycles)
299303977176,EXECUTE,0,CYCLES,BACKEND,SUB-EVENT,_Reshape_5:OpId_136 (cycles)
299303977176,EXECUTE,1126,CYCLES,BACKEND,SUB-EVENT,_MatMul_5:OpId_138 (cycles)
299303977176,EXECUTE,0,CYCLES,BACKEND,SUB-EVENT,_MatMul_5_post_reshape:OpId_141 (cycles)
299303977176,EXECUTE,0,CYCLES,BACKEND,SUB-EVENT,_MatMul_5_output_0_nfc:OpId_143 (cycles)
299303977176,EXECUTE,1113,CYCLES,BACKEND,SUB-EVENT,_Add_6:OpId_145 (cycles)
299303977176,EXECUTE,0,CYCLES,BACKEND,SUB-EVENT,_Add_6_output_0_ncf:OpId_148 (cycles)
299303977176,EXECUTE,5688,CYCLES,BACKEND,SUB-EVENT,rms_norm__Mul_14_output_0:OpId_153 (cycles)
299303977176,EXECUTE,0,CYCLES,BACKEND,SUB-EVENT,_MatMul_7_pre_reshape:OpId_156 (cycles)
299303977176,EXECUTE,0,CYCLES,BACKEND,SUB-EVENT,_MatMul_6_pre_reshape:OpId_157 (cycles)
299303977176,EXECUTE,2516,CYCLES,BACKEND,SUB-EVENT,_MatMul_6:OpId_159 (cycles)
299303977176,EXECUTE,0,CYCLES,BACKEND,SUB-EVENT,_MatMul_6_post_reshape:OpId_162 (cycles)
299303977176,EXECUTE,0,CYCLES,BACKEND,SUB-EVENT,_Sigmoid:OpId_163 (cycles)
299303977176,EXECUTE,41874,CYCLES,BACKEND,SUB-EVENT,_Mul_15:OpId_170 (cycles)
299303977176,EXECUTE,2855,CYCLES,BACKEND,SUB-EVENT,_MatMul_7:OpId_173 (cycles)
299303977176,EXECUTE,0,CYCLES,BACKEND,SUB-EVENT,_MatMul_7_post_reshape:OpId_176 (cycles)
299303977176,EXECUTE,27400,CYCLES,BACKEND,SUB-EVENT,_Mul_16:OpId_177 (cycles)
299303977176,EXECUTE,0,CYCLES,BACKEND,SUB-EVENT,_MatMul_8_pre_reshape:OpId_179 (cycles)
299303977176,EXECUTE,2190,CYCLES,BACKEND,SUB-EVENT,_MatMul_8:OpId_181 (cycles)
299303977176,EXECUTE,0,CYCLES,BACKEND,SUB-EVENT,_MatMul_8_post_reshape:OpId_184 (cycles)
299303977176,EXECUTE,0,CYCLES,BACKEND,SUB-EVENT,_MatMul_8_output_0_nfc:OpId_186 (cycles)
299303977176,EXECUTE,3279,CYCLES,BACKEND,SUB-EVENT,_Add_8:OpId_188 (cycles)
299303977176,EXECUTE,6617,CYCLES,BACKEND,SUB-EVENT,hidden_out_ncf:OpId_191 (cycles)
299303977176,EXECUTE,7041,CYCLES,BACKEND,SUB-EVENT,Output OpId_3 (cycles)
299303977176,EXECUTE,5015,US,BACKEND,ROOT,Accelerator (execute) time
299303977176,EXECUTE,3200,US,BACKEND,ROOT,Accelerator (execute excluding wait) time
299303977176,EXECUTE,8209,US,BACKEND,ROOT,QNN (execute) time
299303980875,EXECUTE IPS,79.231140,INF/SEC,NETRUN,ROOT,null
