input log file location, tiny_llm_block/device_output/prefill/qnn-profiling-data_0.log
qnn-profile-viewer version, v2.47.0.260601114230
qnn-net-run version, v2.47.0.260601114230
Backend version, v2.47.0.260601114230
Msg Timestamp, Message, Time, Unit of Measurement, Timing Source, Event Level, Event Identifier
994363482822,INIT,224589,US,NETRUN,ROOT,null
994363642478,COMPOSE GRAPHS,158577,US,NETRUN,ROOT,null
994363708632,FINALIZE,65960,US,NETRUN,ROOT,Graph 0: tiny_block_prefill
994363708632,FINALIZE,4858,US,BACKEND,ROOT,RPC (finalize) time
994363708632,FINALIZE,2983,US,BACKEND,ROOT,QNN accelerator (finalize) time
994363708632,FINALIZE,2825,US,BACKEND,ROOT,Accelerator (finalize) time
994363708632,FINALIZE,65932,US,BACKEND,ROOT,QNN (finalize) time
994363708632,FINALIZE,185,US,BACKEND,SUB-EVENT,Graph Preparation Initializing
994363708632,FINALIZE,40652,US,BACKEND,SUB-EVENT,Graph Optimizations
994363708632,FINALIZE,1191,US,BACKEND,SUB-EVENT,Post Graph Optimization
994363708632,FINALIZE,5250,US,BACKEND,SUB-EVENT,Graph Sequencing for Target
994363708632,FINALIZE,578,US,BACKEND,SUB-EVENT,VTCM Allocation
994363708632,FINALIZE,131,US,BACKEND,SUB-EVENT,Parallelization Optimization
994363708632,FINALIZE,441,US,BACKEND,SUB-EVENT,Finalizing Graph Sequence
994363708632,FINALIZE,20,US,BACKEND,SUB-EVENT,Completion
994363798427,DE-INIT,31695,US,NETRUN,ROOT,null
994363798427,DE-INIT,5857,US,BACKEND,ROOT,RPC (deinit) time
994363798427,DE-INIT,4784,US,BACKEND,ROOT,QNN Accelerator (deinit) time
994363798427,DE-INIT,4668,US,BACKEND,ROOT,Accelerator (deinit) time
994363798427,DE-INIT,31657,US,BACKEND,ROOT,QNN (deinit) time
994363718169,EXECUTE,8540,US,NETRUN,ROOT,Graph 0: tiny_block_prefill
994363718169,EXECUTE,4,COUNT,BACKEND,ROOT,Number of HVX threads used
994363718169,EXECUTE,8169,US,BACKEND,ROOT,RPC (execute) time
994363718169,EXECUTE,6319,US,BACKEND,ROOT,QNN accelerator (execute) time
994363718169,EXECUTE,0,COUNT,BACKEND,ROOT,Num times yield occured
994363718169,EXECUTE,722,US,BACKEND,ROOT,Time for initial VTCM acquire
994363718169,EXECUTE,38444,US,BACKEND,ROOT,Time for HVX + HMX power on and acquire
994363718169,EXECUTE,599195,CYCLES,BACKEND,ROOT,Accelerator (execute) time (cycles)
994363718169,EXECUTE,5385,CYCLES,BACKEND,SUB-EVENT,Input OpId_2 (cycles)
994363718169,EXECUTE,0,CYCLES,BACKEND,SUB-EVENT,hidden_states_nfc:OpId_17 (cycles)
994363718169,EXECUTE,26408,CYCLES,BACKEND,SUB-EVENT,rms_norm__Mul_2_output_0:OpId_22 (cycles)
994363718169,EXECUTE,0,CYCLES,BACKEND,SUB-EVENT,_MatMul_2_pre_reshape:OpId_25 (cycles)
994363718169,EXECUTE,0,CYCLES,BACKEND,SUB-EVENT,_MatMul_1_pre_reshape:OpId_26 (cycles)
994363718169,EXECUTE,0,CYCLES,BACKEND,SUB-EVENT,_MatMul_pre_reshape:OpId_27 (cycles)
994363718169,EXECUTE,0,CYCLES,BACKEND,SUB-EVENT,_MatMul:OpId_30 (cycles)
994363718169,EXECUTE,0,CYCLES,BACKEND,SUB-EVENT,_MatMul_post_reshape:OpId_32 (cycles)
994363718169,EXECUTE,10611,CYCLES,BACKEND,SUB-EVENT,_Transpose:OpId_34 (cycles)
994363718169,EXECUTE,0,CYCLES,BACKEND,SUB-EVENT,_MatMul_1:OpId_37 (cycles)
994363718169,EXECUTE,0,CYCLES,BACKEND,SUB-EVENT,_MatMul_1_post_reshape:OpId_39 (cycles)
994363718169,EXECUTE,13416,CYCLES,BACKEND,SUB-EVENT,_Transpose_1:OpId_41 (cycles)
994363718169,EXECUTE,0,CYCLES,BACKEND,SUB-EVENT,_MatMul_2:OpId_44 (cycles)
994363718169,EXECUTE,0,CYCLES,BACKEND,SUB-EVENT,_MatMul_2_post_reshape:OpId_46 (cycles)
994363718169,EXECUTE,16971,CYCLES,BACKEND,SUB-EVENT,_Transpose_2:OpId_48 (cycles)
994363718169,EXECUTE,0,CYCLES,BACKEND,SUB-EVENT,_Slice:OpId_50 (cycles)
994363718169,EXECUTE,689,CYCLES,BACKEND,SUB-EVENT,_Slice_1:OpId_56 (cycles)
994363718169,EXECUTE,8361,CYCLES,BACKEND,SUB-EVENT,_Mul_3:OpId_62 (cycles)
994363718169,EXECUTE,6994,CYCLES,BACKEND,SUB-EVENT,_Mul_4:OpId_65 (cycles)
994363718169,EXECUTE,834,CYCLES,BACKEND,SUB-EVENT,_Sub:OpId_67 (cycles)
994363718169,EXECUTE,6560,CYCLES,BACKEND,SUB-EVENT,_Mul_5:OpId_69 (cycles)
994363718169,EXECUTE,7642,CYCLES,BACKEND,SUB-EVENT,_Mul_6:OpId_71 (cycles)
994363718169,EXECUTE,647,CYCLES,BACKEND,SUB-EVENT,_Add_4:OpId_73 (cycles)
994363718169,EXECUTE,1758,CYCLES,BACKEND,SUB-EVENT,_Concat:OpId_75 (cycles)
994363718169,EXECUTE,0,CYCLES,BACKEND,SUB-EVENT,_Slice_2:OpId_78 (cycles)
994363718169,EXECUTE,1990,CYCLES,BACKEND,SUB-EVENT,_Slice_3:OpId_84 (cycles)
994363718169,EXECUTE,10871,CYCLES,BACKEND,SUB-EVENT,_Mul_7:OpId_89 (cycles)
994363718169,EXECUTE,7419,CYCLES,BACKEND,SUB-EVENT,_Mul_8:OpId_91 (cycles)
994363718169,EXECUTE,1691,CYCLES,BACKEND,SUB-EVENT,_Sub_1:OpId_93 (cycles)
994363718169,EXECUTE,7353,CYCLES,BACKEND,SUB-EVENT,_Mul_9:OpId_95 (cycles)
994363718169,EXECUTE,10870,CYCLES,BACKEND,SUB-EVENT,_Mul_10:OpId_97 (cycles)
994363718169,EXECUTE,1303,CYCLES,BACKEND,SUB-EVENT,_Add_5:OpId_99 (cycles)
994363718169,EXECUTE,6759,CYCLES,BACKEND,SUB-EVENT,_Concat_1:OpId_101 (cycles)
994363718169,EXECUTE,0,CYCLES,BACKEND,SUB-EVENT,_Unsqueeze_4:OpId_103 (cycles)
994363718169,EXECUTE,1880,CYCLES,BACKEND,SUB-EVENT,_Tile:OpId_105 (cycles)
994363718169,EXECUTE,0,CYCLES,BACKEND,SUB-EVENT,_Reshape_3:OpId_106 (cycles)
994363718169,EXECUTE,0,CYCLES,BACKEND,SUB-EVENT,_Unsqueeze_5:OpId_107 (cycles)
994363718169,EXECUTE,2653,CYCLES,BACKEND,SUB-EVENT,_Tile_1:OpId_109 (cycles)
994363718169,EXECUTE,0,CYCLES,BACKEND,SUB-EVENT,_Reshape_4:OpId_110 (cycles)
994363718169,EXECUTE,0,CYCLES,BACKEND,SUB-EVENT,_Transpose_3:OpId_112 (cycles)
994363718169,EXECUTE,179542,CYCLES,BACKEND,SUB-EVENT,_MatMul_3:OpId_113 (cycles)
994363718169,EXECUTE,30495,CYCLES,BACKEND,SUB-EVENT,_Mul_11:OpId_118 (cycles)
994363718169,EXECUTE,0,CYCLES,BACKEND,SUB-EVENT,_Unsqueeze_7_output_0_cast_to_bool:OpId_121 (cycles)
994363718169,EXECUTE,19951,CYCLES,BACKEND,SUB-EVENT,_Where:OpId_123 (cycles)
994363718169,EXECUTE,22953,CYCLES,BACKEND,SUB-EVENT,_Softmax:OpId_124 (cycles)
994363718169,EXECUTE,19022,CYCLES,BACKEND,SUB-EVENT,_MatMul_4:OpId_127 (cycles)
994363718169,EXECUTE,0,CYCLES,BACKEND,SUB-EVENT,_Transpose_4:OpId_132 (cycles)
994363718169,EXECUTE,0,CYCLES,BACKEND,SUB-EVENT,_Reshape_5:OpId_133 (cycles)
994363718169,EXECUTE,1124,CYCLES,BACKEND,SUB-EVENT,_MatMul_5:OpId_135 (cycles)
994363718169,EXECUTE,0,CYCLES,BACKEND,SUB-EVENT,_MatMul_5_post_reshape:OpId_138 (cycles)
994363718169,EXECUTE,0,CYCLES,BACKEND,SUB-EVENT,_MatMul_5_output_0_nfc:OpId_140 (cycles)
994363718169,EXECUTE,1090,CYCLES,BACKEND,SUB-EVENT,_Add_6:OpId_142 (cycles)
994363718169,EXECUTE,0,CYCLES,BACKEND,SUB-EVENT,_Add_6_output_0_ncf:OpId_145 (cycles)
994363718169,EXECUTE,5665,CYCLES,BACKEND,SUB-EVENT,rms_norm__Mul_14_output_0:OpId_150 (cycles)
994363718169,EXECUTE,0,CYCLES,BACKEND,SUB-EVENT,_MatMul_7_pre_reshape:OpId_153 (cycles)
994363718169,EXECUTE,0,CYCLES,BACKEND,SUB-EVENT,_MatMul_6_pre_reshape:OpId_154 (cycles)
994363718169,EXECUTE,2559,CYCLES,BACKEND,SUB-EVENT,_MatMul_6:OpId_156 (cycles)
994363718169,EXECUTE,0,CYCLES,BACKEND,SUB-EVENT,_MatMul_6_post_reshape:OpId_159 (cycles)
994363718169,EXECUTE,0,CYCLES,BACKEND,SUB-EVENT,_Sigmoid:OpId_160 (cycles)
994363718169,EXECUTE,59877,CYCLES,BACKEND,SUB-EVENT,_Mul_15:OpId_167 (cycles)
994363718169,EXECUTE,2697,CYCLES,BACKEND,SUB-EVENT,_MatMul_7:OpId_170 (cycles)
994363718169,EXECUTE,0,CYCLES,BACKEND,SUB-EVENT,_MatMul_7_post_reshape:OpId_173 (cycles)
994363718169,EXECUTE,52310,CYCLES,BACKEND,SUB-EVENT,_Mul_16:OpId_174 (cycles)
994363718169,EXECUTE,0,CYCLES,BACKEND,SUB-EVENT,_MatMul_8_pre_reshape:OpId_176 (cycles)
994363718169,EXECUTE,7255,CYCLES,BACKEND,SUB-EVENT,_MatMul_8:OpId_178 (cycles)
994363718169,EXECUTE,0,CYCLES,BACKEND,SUB-EVENT,_MatMul_8_post_reshape:OpId_181 (cycles)
994363718169,EXECUTE,0,CYCLES,BACKEND,SUB-EVENT,_MatMul_8_output_0_nfc:OpId_183 (cycles)
994363718169,EXECUTE,3057,CYCLES,BACKEND,SUB-EVENT,_Add_8:OpId_185 (cycles)
994363718169,EXECUTE,15709,CYCLES,BACKEND,SUB-EVENT,hidden_out_ncf:OpId_188 (cycles)
994363718169,EXECUTE,16824,CYCLES,BACKEND,SUB-EVENT,Output OpId_3 (cycles)
994363718169,EXECUTE,2742,US,BACKEND,ROOT,Accelerator (execute) time
994363718169,EXECUTE,605,US,BACKEND,ROOT,Accelerator (execute excluding wait) time
994363718169,EXECUTE,8507,US,BACKEND,ROOT,QNN (execute) time
994363724741,EXECUTE,3139,US,NETRUN,ROOT,Graph 0: tiny_block_prefill
994363724741,EXECUTE,4,COUNT,BACKEND,ROOT,Number of HVX threads used
994363724741,EXECUTE,2798,US,BACKEND,ROOT,RPC (execute) time
994363724741,EXECUTE,2126,US,BACKEND,ROOT,QNN accelerator (execute) time
994363724741,EXECUTE,0,COUNT,BACKEND,ROOT,Num times yield occured
994363724741,EXECUTE,519,US,BACKEND,ROOT,Time for initial VTCM acquire
994363724741,EXECUTE,152,US,BACKEND,ROOT,Time for HVX + HMX power on and acquire
994363724741,EXECUTE,356030,CYCLES,BACKEND,ROOT,Accelerator (execute) time (cycles)
994363724741,EXECUTE,1168,CYCLES,BACKEND,SUB-EVENT,Input OpId_2 (cycles)
994363724741,EXECUTE,0,CYCLES,BACKEND,SUB-EVENT,hidden_states_nfc:OpId_17 (cycles)
994363724741,EXECUTE,15783,CYCLES,BACKEND,SUB-EVENT,rms_norm__Mul_2_output_0:OpId_22 (cycles)
994363724741,EXECUTE,0,CYCLES,BACKEND,SUB-EVENT,_MatMul_2_pre_reshape:OpId_25 (cycles)
994363724741,EXECUTE,0,CYCLES,BACKEND,SUB-EVENT,_MatMul_1_pre_reshape:OpId_26 (cycles)
994363724741,EXECUTE,0,CYCLES,BACKEND,SUB-EVENT,_MatMul_pre_reshape:OpId_27 (cycles)
994363724741,EXECUTE,0,CYCLES,BACKEND,SUB-EVENT,_MatMul:OpId_30 (cycles)
994363724741,EXECUTE,0,CYCLES,BACKEND,SUB-EVENT,_MatMul_post_reshape:OpId_32 (cycles)
994363724741,EXECUTE,10553,CYCLES,BACKEND,SUB-EVENT,_Transpose:OpId_34 (cycles)
994363724741,EXECUTE,0,CYCLES,BACKEND,SUB-EVENT,_MatMul_1:OpId_37 (cycles)
994363724741,EXECUTE,0,CYCLES,BACKEND,SUB-EVENT,_MatMul_1_post_reshape:OpId_39 (cycles)
994363724741,EXECUTE,4416,CYCLES,BACKEND,SUB-EVENT,_Transpose_1:OpId_41 (cycles)
994363724741,EXECUTE,0,CYCLES,BACKEND,SUB-EVENT,_MatMul_2:OpId_44 (cycles)
994363724741,EXECUTE,0,CYCLES,BACKEND,SUB-EVENT,_MatMul_2_post_reshape:OpId_46 (cycles)
994363724741,EXECUTE,4746,CYCLES,BACKEND,SUB-EVENT,_Transpose_2:OpId_48 (cycles)
994363724741,EXECUTE,0,CYCLES,BACKEND,SUB-EVENT,_Slice:OpId_50 (cycles)
994363724741,EXECUTE,698,CYCLES,BACKEND,SUB-EVENT,_Slice_1:OpId_56 (cycles)
994363724741,EXECUTE,6783,CYCLES,BACKEND,SUB-EVENT,_Mul_3:OpId_62 (cycles)
994363724741,EXECUTE,6454,CYCLES,BACKEND,SUB-EVENT,_Mul_4:OpId_65 (cycles)
994363724741,EXECUTE,811,CYCLES,BACKEND,SUB-EVENT,_Sub:OpId_67 (cycles)
994363724741,EXECUTE,4979,CYCLES,BACKEND,SUB-EVENT,_Mul_5:OpId_69 (cycles)
994363724741,EXECUTE,6664,CYCLES,BACKEND,SUB-EVENT,_Mul_6:OpId_71 (cycles)
994363724741,EXECUTE,676,CYCLES,BACKEND,SUB-EVENT,_Add_4:OpId_73 (cycles)
994363724741,EXECUTE,1261,CYCLES,BACKEND,SUB-EVENT,_Concat:OpId_75 (cycles)
994363724741,EXECUTE,0,CYCLES,BACKEND,SUB-EVENT,_Slice_2:OpId_78 (cycles)
994363724741,EXECUTE,1183,CYCLES,BACKEND,SUB-EVENT,_Slice_3:OpId_84 (cycles)
994363724741,EXECUTE,6669,CYCLES,BACKEND,SUB-EVENT,_Mul_7:OpId_89 (cycles)
994363724741,EXECUTE,5387,CYCLES,BACKEND,SUB-EVENT,_Mul_8:OpId_91 (cycles)
994363724741,EXECUTE,1202,CYCLES,BACKEND,SUB-EVENT,_Sub_1:OpId_93 (cycles)
994363724741,EXECUTE,4756,CYCLES,BACKEND,SUB-EVENT,_Mul_9:OpId_95 (cycles)
994363724741,EXECUTE,7202,CYCLES,BACKEND,SUB-EVENT,_Mul_10:OpId_97 (cycles)
994363724741,EXECUTE,278,CYCLES,BACKEND,SUB-EVENT,_Add_5:OpId_99 (cycles)
994363724741,EXECUTE,1953,CYCLES,BACKEND,SUB-EVENT,_Concat_1:OpId_101 (cycles)
994363724741,EXECUTE,0,CYCLES,BACKEND,SUB-EVENT,_Unsqueeze_4:OpId_103 (cycles)
994363724741,EXECUTE,1857,CYCLES,BACKEND,SUB-EVENT,_Tile:OpId_105 (cycles)
994363724741,EXECUTE,0,CYCLES,BACKEND,SUB-EVENT,_Reshape_3:OpId_106 (cycles)
994363724741,EXECUTE,0,CYCLES,BACKEND,SUB-EVENT,_Unsqueeze_5:OpId_107 (cycles)
994363724741,EXECUTE,2282,CYCLES,BACKEND,SUB-EVENT,_Tile_1:OpId_109 (cycles)
994363724741,EXECUTE,0,CYCLES,BACKEND,SUB-EVENT,_Reshape_4:OpId_110 (cycles)
994363724741,EXECUTE,0,CYCLES,BACKEND,SUB-EVENT,_Transpose_3:OpId_112 (cycles)
994363724741,EXECUTE,57630,CYCLES,BACKEND,SUB-EVENT,_MatMul_3:OpId_113 (cycles)
994363724741,EXECUTE,14035,CYCLES,BACKEND,SUB-EVENT,_Mul_11:OpId_118 (cycles)
994363724741,EXECUTE,0,CYCLES,BACKEND,SUB-EVENT,_Unsqueeze_7_output_0_cast_to_bool:OpId_121 (cycles)
994363724741,EXECUTE,13508,CYCLES,BACKEND,SUB-EVENT,_Where:OpId_123 (cycles)
994363724741,EXECUTE,16710,CYCLES,BACKEND,SUB-EVENT,_Softmax:OpId_124 (cycles)
994363724741,EXECUTE,14250,CYCLES,BACKEND,SUB-EVENT,_MatMul_4:OpId_127 (cycles)
994363724741,EXECUTE,0,CYCLES,BACKEND,SUB-EVENT,_Transpose_4:OpId_132 (cycles)
994363724741,EXECUTE,0,CYCLES,BACKEND,SUB-EVENT,_Reshape_5:OpId_133 (cycles)
994363724741,EXECUTE,2038,CYCLES,BACKEND,SUB-EVENT,_MatMul_5:OpId_135 (cycles)
994363724741,EXECUTE,0,CYCLES,BACKEND,SUB-EVENT,_MatMul_5_post_reshape:OpId_138 (cycles)
994363724741,EXECUTE,0,CYCLES,BACKEND,SUB-EVENT,_MatMul_5_output_0_nfc:OpId_140 (cycles)
994363724741,EXECUTE,1074,CYCLES,BACKEND,SUB-EVENT,_Add_6:OpId_142 (cycles)
994363724741,EXECUTE,0,CYCLES,BACKEND,SUB-EVENT,_Add_6_output_0_ncf:OpId_145 (cycles)
994363724741,EXECUTE,5683,CYCLES,BACKEND,SUB-EVENT,rms_norm__Mul_14_output_0:OpId_150 (cycles)
994363724741,EXECUTE,0,CYCLES,BACKEND,SUB-EVENT,_MatMul_7_pre_reshape:OpId_153 (cycles)
994363724741,EXECUTE,0,CYCLES,BACKEND,SUB-EVENT,_MatMul_6_pre_reshape:OpId_154 (cycles)
994363724741,EXECUTE,9840,CYCLES,BACKEND,SUB-EVENT,_MatMul_6:OpId_156 (cycles)
994363724741,EXECUTE,0,CYCLES,BACKEND,SUB-EVENT,_MatMul_6_post_reshape:OpId_159 (cycles)
994363724741,EXECUTE,0,CYCLES,BACKEND,SUB-EVENT,_Sigmoid:OpId_160 (cycles)
994363724741,EXECUTE,65003,CYCLES,BACKEND,SUB-EVENT,_Mul_15:OpId_167 (cycles)
994363724741,EXECUTE,2862,CYCLES,BACKEND,SUB-EVENT,_MatMul_7:OpId_170 (cycles)
994363724741,EXECUTE,0,CYCLES,BACKEND,SUB-EVENT,_MatMul_7_post_reshape:OpId_173 (cycles)
994363724741,EXECUTE,33376,CYCLES,BACKEND,SUB-EVENT,_Mul_16:OpId_174 (cycles)
994363724741,EXECUTE,0,CYCLES,BACKEND,SUB-EVENT,_MatMul_8_pre_reshape:OpId_176 (cycles)
994363724741,EXECUTE,3352,CYCLES,BACKEND,SUB-EVENT,_MatMul_8:OpId_178 (cycles)
994363724741,EXECUTE,0,CYCLES,BACKEND,SUB-EVENT,_MatMul_8_post_reshape:OpId_181 (cycles)
994363724741,EXECUTE,0,CYCLES,BACKEND,SUB-EVENT,_MatMul_8_output_0_nfc:OpId_183 (cycles)
994363724741,EXECUTE,3548,CYCLES,BACKEND,SUB-EVENT,_Add_8:OpId_185 (cycles)
994363724741,EXECUTE,8541,CYCLES,BACKEND,SUB-EVENT,hidden_out_ncf:OpId_188 (cycles)
994363724741,EXECUTE,6819,CYCLES,BACKEND,SUB-EVENT,Output OpId_3 (cycles)
994363724741,EXECUTE,461,US,BACKEND,ROOT,Accelerator (execute) time
994363724741,EXECUTE,370,US,BACKEND,ROOT,Accelerator (execute excluding wait) time
994363724741,EXECUTE,3121,US,BACKEND,ROOT,QNN (execute) time
994363730178,EXECUTE,4591,US,NETRUN,ROOT,Graph 0: tiny_block_prefill
994363730178,EXECUTE,4,COUNT,BACKEND,ROOT,Number of HVX threads used
994363730178,EXECUTE,4011,US,BACKEND,ROOT,RPC (execute) time
994363730178,EXECUTE,2019,US,BACKEND,ROOT,QNN accelerator (execute) time
994363730178,EXECUTE,0,COUNT,BACKEND,ROOT,Num times yield occured
994363730178,EXECUTE,458,US,BACKEND,ROOT,Time for initial VTCM acquire
994363730178,EXECUTE,92,US,BACKEND,ROOT,Time for HVX + HMX power on and acquire
994363730178,EXECUTE,322711,CYCLES,BACKEND,ROOT,Accelerator (execute) time (cycles)
994363730178,EXECUTE,450,CYCLES,BACKEND,SUB-EVENT,Input OpId_2 (cycles)
994363730178,EXECUTE,0,CYCLES,BACKEND,SUB-EVENT,hidden_states_nfc:OpId_17 (cycles)
994363730178,EXECUTE,9479,CYCLES,BACKEND,SUB-EVENT,rms_norm__Mul_2_output_0:OpId_22 (cycles)
994363730178,EXECUTE,0,CYCLES,BACKEND,SUB-EVENT,_MatMul_2_pre_reshape:OpId_25 (cycles)
994363730178,EXECUTE,0,CYCLES,BACKEND,SUB-EVENT,_MatMul_1_pre_reshape:OpId_26 (cycles)
994363730178,EXECUTE,0,CYCLES,BACKEND,SUB-EVENT,_MatMul_pre_reshape:OpId_27 (cycles)
994363730178,EXECUTE,0,CYCLES,BACKEND,SUB-EVENT,_MatMul:OpId_30 (cycles)
994363730178,EXECUTE,0,CYCLES,BACKEND,SUB-EVENT,_MatMul_post_reshape:OpId_32 (cycles)
994363730178,EXECUTE,8611,CYCLES,BACKEND,SUB-EVENT,_Transpose:OpId_34 (cycles)
994363730178,EXECUTE,0,CYCLES,BACKEND,SUB-EVENT,_MatMul_1:OpId_37 (cycles)
994363730178,EXECUTE,0,CYCLES,BACKEND,SUB-EVENT,_MatMul_1_post_reshape:OpId_39 (cycles)
994363730178,EXECUTE,2660,CYCLES,BACKEND,SUB-EVENT,_Transpose_1:OpId_41 (cycles)
994363730178,EXECUTE,0,CYCLES,BACKEND,SUB-EVENT,_MatMul_2:OpId_44 (cycles)
994363730178,EXECUTE,0,CYCLES,BACKEND,SUB-EVENT,_MatMul_2_post_reshape:OpId_46 (cycles)
994363730178,EXECUTE,3561,CYCLES,BACKEND,SUB-EVENT,_Transpose_2:OpId_48 (cycles)
994363730178,EXECUTE,0,CYCLES,BACKEND,SUB-EVENT,_Slice:OpId_50 (cycles)
994363730178,EXECUTE,641,CYCLES,BACKEND,SUB-EVENT,_Slice_1:OpId_56 (cycles)
994363730178,EXECUTE,6874,CYCLES,BACKEND,SUB-EVENT,_Mul_3:OpId_62 (cycles)
994363730178,EXECUTE,6227,CYCLES,BACKEND,SUB-EVENT,_Mul_4:OpId_65 (cycles)
994363730178,EXECUTE,830,CYCLES,BACKEND,SUB-EVENT,_Sub:OpId_67 (cycles)
994363730178,EXECUTE,5399,CYCLES,BACKEND,SUB-EVENT,_Mul_5:OpId_69 (cycles)
994363730178,EXECUTE,6336,CYCLES,BACKEND,SUB-EVENT,_Mul_6:OpId_71 (cycles)
994363730178,EXECUTE,2059,CYCLES,BACKEND,SUB-EVENT,_Add_4:OpId_73 (cycles)
994363730178,EXECUTE,1170,CYCLES,BACKEND,SUB-EVENT,_Concat:OpId_75 (cycles)
994363730178,EXECUTE,0,CYCLES,BACKEND,SUB-EVENT,_Slice_2:OpId_78 (cycles)
994363730178,EXECUTE,1628,CYCLES,BACKEND,SUB-EVENT,_Slice_3:OpId_84 (cycles)
994363730178,EXECUTE,6118,CYCLES,BACKEND,SUB-EVENT,_Mul_7:OpId_89 (cycles)
994363730178,EXECUTE,4925,CYCLES,BACKEND,SUB-EVENT,_Mul_8:OpId_91 (cycles)
994363730178,EXECUTE,835,CYCLES,BACKEND,SUB-EVENT,_Sub_1:OpId_93 (cycles)
994363730178,EXECUTE,4247,CYCLES,BACKEND,SUB-EVENT,_Mul_9:OpId_95 (cycles)
994363730178,EXECUTE,6709,CYCLES,BACKEND,SUB-EVENT,_Mul_10:OpId_97 (cycles)
994363730178,EXECUTE,311,CYCLES,BACKEND,SUB-EVENT,_Add_5:OpId_99 (cycles)
994363730178,EXECUTE,1542,CYCLES,BACKEND,SUB-EVENT,_Concat_1:OpId_101 (cycles)
994363730178,EXECUTE,0,CYCLES,BACKEND,SUB-EVENT,_Unsqueeze_4:OpId_103 (cycles)
994363730178,EXECUTE,1681,CYCLES,BACKEND,SUB-EVENT,_Tile:OpId_105 (cycles)
994363730178,EXECUTE,0,CYCLES,BACKEND,SUB-EVENT,_Reshape_3:OpId_106 (cycles)
994363730178,EXECUTE,0,CYCLES,BACKEND,SUB-EVENT,_Unsqueeze_5:OpId_107 (cycles)
994363730178,EXECUTE,2245,CYCLES,BACKEND,SUB-EVENT,_Tile_1:OpId_109 (cycles)
994363730178,EXECUTE,0,CYCLES,BACKEND,SUB-EVENT,_Reshape_4:OpId_110 (cycles)
994363730178,EXECUTE,0,CYCLES,BACKEND,SUB-EVENT,_Transpose_3:OpId_112 (cycles)
994363730178,EXECUTE,60482,CYCLES,BACKEND,SUB-EVENT,_MatMul_3:OpId_113 (cycles)
994363730178,EXECUTE,37237,CYCLES,BACKEND,SUB-EVENT,_Mul_11:OpId_118 (cycles)
994363730178,EXECUTE,0,CYCLES,BACKEND,SUB-EVENT,_Unsqueeze_7_output_0_cast_to_bool:OpId_121 (cycles)
994363730178,EXECUTE,19489,CYCLES,BACKEND,SUB-EVENT,_Where:OpId_123 (cycles)
994363730178,EXECUTE,16675,CYCLES,BACKEND,SUB-EVENT,_Softmax:OpId_124 (cycles)
994363730178,EXECUTE,11425,CYCLES,BACKEND,SUB-EVENT,_MatMul_4:OpId_127 (cycles)
994363730178,EXECUTE,0,CYCLES,BACKEND,SUB-EVENT,_Transpose_4:OpId_132 (cycles)
994363730178,EXECUTE,0,CYCLES,BACKEND,SUB-EVENT,_Reshape_5:OpId_133 (cycles)
994363730178,EXECUTE,1728,CYCLES,BACKEND,SUB-EVENT,_MatMul_5:OpId_135 (cycles)
994363730178,EXECUTE,0,CYCLES,BACKEND,SUB-EVENT,_MatMul_5_post_reshape:OpId_138 (cycles)
994363730178,EXECUTE,0,CYCLES,BACKEND,SUB-EVENT,_MatMul_5_output_0_nfc:OpId_140 (cycles)
994363730178,EXECUTE,1064,CYCLES,BACKEND,SUB-EVENT,_Add_6:OpId_142 (cycles)
994363730178,EXECUTE,0,CYCLES,BACKEND,SUB-EVENT,_Add_6_output_0_ncf:OpId_145 (cycles)
994363730178,EXECUTE,5655,CYCLES,BACKEND,SUB-EVENT,rms_norm__Mul_14_output_0:OpId_150 (cycles)
994363730178,EXECUTE,0,CYCLES,BACKEND,SUB-EVENT,_MatMul_7_pre_reshape:OpId_153 (cycles)
994363730178,EXECUTE,0,CYCLES,BACKEND,SUB-EVENT,_MatMul_6_pre_reshape:OpId_154 (cycles)
994363730178,EXECUTE,3963,CYCLES,BACKEND,SUB-EVENT,_MatMul_6:OpId_156 (cycles)
994363730178,EXECUTE,0,CYCLES,BACKEND,SUB-EVENT,_MatMul_6_post_reshape:OpId_159 (cycles)
994363730178,EXECUTE,0,CYCLES,BACKEND,SUB-EVENT,_Sigmoid:OpId_160 (cycles)
994363730178,EXECUTE,37724,CYCLES,BACKEND,SUB-EVENT,_Mul_15:OpId_167 (cycles)
994363730178,EXECUTE,2833,CYCLES,BACKEND,SUB-EVENT,_MatMul_7:OpId_170 (cycles)
994363730178,EXECUTE,0,CYCLES,BACKEND,SUB-EVENT,_MatMul_7_post_reshape:OpId_173 (cycles)
994363730178,EXECUTE,24419,CYCLES,BACKEND,SUB-EVENT,_Mul_16:OpId_174 (cycles)
994363730178,EXECUTE,0,CYCLES,BACKEND,SUB-EVENT,_MatMul_8_pre_reshape:OpId_176 (cycles)
994363730178,EXECUTE,2283,CYCLES,BACKEND,SUB-EVENT,_MatMul_8:OpId_178 (cycles)
994363730178,EXECUTE,0,CYCLES,BACKEND,SUB-EVENT,_MatMul_8_post_reshape:OpId_181 (cycles)
994363730178,EXECUTE,0,CYCLES,BACKEND,SUB-EVENT,_MatMul_8_output_0_nfc:OpId_183 (cycles)
994363730178,EXECUTE,2678,CYCLES,BACKEND,SUB-EVENT,_Add_8:OpId_185 (cycles)
994363730178,EXECUTE,4297,CYCLES,BACKEND,SUB-EVENT,hidden_out_ncf:OpId_188 (cycles)
994363730178,EXECUTE,6221,CYCLES,BACKEND,SUB-EVENT,Output OpId_3 (cycles)
994363730178,EXECUTE,419,US,BACKEND,ROOT,Accelerator (execute) time
994363730178,EXECUTE,351,US,BACKEND,ROOT,Accelerator (execute excluding wait) time
994363730178,EXECUTE,4541,US,BACKEND,ROOT,QNN (execute) time
994363734414,EXECUTE,3292,US,NETRUN,ROOT,Graph 0: tiny_block_prefill
994363734414,EXECUTE,4,COUNT,BACKEND,ROOT,Number of HVX threads used
994363734414,EXECUTE,2888,US,BACKEND,ROOT,RPC (execute) time
994363734414,EXECUTE,2138,US,BACKEND,ROOT,QNN accelerator (execute) time
994363734414,EXECUTE,0,COUNT,BACKEND,ROOT,Num times yield occured
994363734414,EXECUTE,503,US,BACKEND,ROOT,Time for initial VTCM acquire
994363734414,EXECUTE,111,US,BACKEND,ROOT,Time for HVX + HMX power on and acquire
994363734414,EXECUTE,382704,CYCLES,BACKEND,ROOT,Accelerator (execute) time (cycles)
994363734414,EXECUTE,412,CYCLES,BACKEND,SUB-EVENT,Input OpId_2 (cycles)
994363734414,EXECUTE,0,CYCLES,BACKEND,SUB-EVENT,hidden_states_nfc:OpId_17 (cycles)
994363734414,EXECUTE,10975,CYCLES,BACKEND,SUB-EVENT,rms_norm__Mul_2_output_0:OpId_22 (cycles)
994363734414,EXECUTE,0,CYCLES,BACKEND,SUB-EVENT,_MatMul_2_pre_reshape:OpId_25 (cycles)
994363734414,EXECUTE,0,CYCLES,BACKEND,SUB-EVENT,_MatMul_1_pre_reshape:OpId_26 (cycles)
994363734414,EXECUTE,0,CYCLES,BACKEND,SUB-EVENT,_MatMul_pre_reshape:OpId_27 (cycles)
994363734414,EXECUTE,0,CYCLES,BACKEND,SUB-EVENT,_MatMul:OpId_30 (cycles)
994363734414,EXECUTE,0,CYCLES,BACKEND,SUB-EVENT,_MatMul_post_reshape:OpId_32 (cycles)
994363734414,EXECUTE,8703,CYCLES,BACKEND,SUB-EVENT,_Transpose:OpId_34 (cycles)
994363734414,EXECUTE,0,CYCLES,BACKEND,SUB-EVENT,_MatMul_1:OpId_37 (cycles)
994363734414,EXECUTE,0,CYCLES,BACKEND,SUB-EVENT,_MatMul_1_post_reshape:OpId_39 (cycles)
994363734414,EXECUTE,2493,CYCLES,BACKEND,SUB-EVENT,_Transpose_1:OpId_41 (cycles)
994363734414,EXECUTE,0,CYCLES,BACKEND,SUB-EVENT,_MatMul_2:OpId_44 (cycles)
994363734414,EXECUTE,0,CYCLES,BACKEND,SUB-EVENT,_MatMul_2_post_reshape:OpId_46 (cycles)
994363734414,EXECUTE,2470,CYCLES,BACKEND,SUB-EVENT,_Transpose_2:OpId_48 (cycles)
994363734414,EXECUTE,0,CYCLES,BACKEND,SUB-EVENT,_Slice:OpId_50 (cycles)
994363734414,EXECUTE,644,CYCLES,BACKEND,SUB-EVENT,_Slice_1:OpId_56 (cycles)
994363734414,EXECUTE,7111,CYCLES,BACKEND,SUB-EVENT,_Mul_3:OpId_62 (cycles)
994363734414,EXECUTE,6434,CYCLES,BACKEND,SUB-EVENT,_Mul_4:OpId_65 (cycles)
994363734414,EXECUTE,825,CYCLES,BACKEND,SUB-EVENT,_Sub:OpId_67 (cycles)
994363734414,EXECUTE,5682,CYCLES,BACKEND,SUB-EVENT,_Mul_5:OpId_69 (cycles)
994363734414,EXECUTE,6565,CYCLES,BACKEND,SUB-EVENT,_Mul_6:OpId_71 (cycles)
994363734414,EXECUTE,3442,CYCLES,BACKEND,SUB-EVENT,_Add_4:OpId_73 (cycles)
994363734414,EXECUTE,1309,CYCLES,BACKEND,SUB-EVENT,_Concat:OpId_75 (cycles)
994363734414,EXECUTE,0,CYCLES,BACKEND,SUB-EVENT,_Slice_2:OpId_78 (cycles)
994363734414,EXECUTE,1631,CYCLES,BACKEND,SUB-EVENT,_Slice_3:OpId_84 (cycles)
994363734414,EXECUTE,6525,CYCLES,BACKEND,SUB-EVENT,_Mul_7:OpId_89 (cycles)
994363734414,EXECUTE,5242,CYCLES,BACKEND,SUB-EVENT,_Mul_8:OpId_91 (cycles)
994363734414,EXECUTE,835,CYCLES,BACKEND,SUB-EVENT,_Sub_1:OpId_93 (cycles)
994363734414,EXECUTE,4598,CYCLES,BACKEND,SUB-EVENT,_Mul_9:OpId_95 (cycles)
994363734414,EXECUTE,7090,CYCLES,BACKEND,SUB-EVENT,_Mul_10:OpId_97 (cycles)
994363734414,EXECUTE,299,CYCLES,BACKEND,SUB-EVENT,_Add_5:OpId_99 (cycles)
994363734414,EXECUTE,1310,CYCLES,BACKEND,SUB-EVENT,_Concat_1:OpId_101 (cycles)
994363734414,EXECUTE,0,CYCLES,BACKEND,SUB-EVENT,_Unsqueeze_4:OpId_103 (cycles)
994363734414,EXECUTE,2039,CYCLES,BACKEND,SUB-EVENT,_Tile:OpId_105 (cycles)
994363734414,EXECUTE,0,CYCLES,BACKEND,SUB-EVENT,_Reshape_3:OpId_106 (cycles)
994363734414,EXECUTE,0,CYCLES,BACKEND,SUB-EVENT,_Unsqueeze_5:OpId_107 (cycles)
994363734414,EXECUTE,2104,CYCLES,BACKEND,SUB-EVENT,_Tile_1:OpId_109 (cycles)
994363734414,EXECUTE,0,CYCLES,BACKEND,SUB-EVENT,_Reshape_4:OpId_110 (cycles)
994363734414,EXECUTE,0,CYCLES,BACKEND,SUB-EVENT,_Transpose_3:OpId_112 (cycles)
994363734414,EXECUTE,70201,CYCLES,BACKEND,SUB-EVENT,_MatMul_3:OpId_113 (cycles)
994363734414,EXECUTE,73202,CYCLES,BACKEND,SUB-EVENT,_Mul_11:OpId_118 (cycles)
994363734414,EXECUTE,0,CYCLES,BACKEND,SUB-EVENT,_Unsqueeze_7_output_0_cast_to_bool:OpId_121 (cycles)
994363734414,EXECUTE,25606,CYCLES,BACKEND,SUB-EVENT,_Where:OpId_123 (cycles)
994363734414,EXECUTE,16224,CYCLES,BACKEND,SUB-EVENT,_Softmax:OpId_124 (cycles)
994363734414,EXECUTE,11535,CYCLES,BACKEND,SUB-EVENT,_MatMul_4:OpId_127 (cycles)
994363734414,EXECUTE,0,CYCLES,BACKEND,SUB-EVENT,_Transpose_4:OpId_132 (cycles)
994363734414,EXECUTE,0,CYCLES,BACKEND,SUB-EVENT,_Reshape_5:OpId_133 (cycles)
994363734414,EXECUTE,1076,CYCLES,BACKEND,SUB-EVENT,_MatMul_5:OpId_135 (cycles)
994363734414,EXECUTE,0,CYCLES,BACKEND,SUB-EVENT,_MatMul_5_post_reshape:OpId_138 (cycles)
994363734414,EXECUTE,0,CYCLES,BACKEND,SUB-EVENT,_MatMul_5_output_0_nfc:OpId_140 (cycles)
994363734414,EXECUTE,1084,CYCLES,BACKEND,SUB-EVENT,_Add_6:OpId_142 (cycles)
994363734414,EXECUTE,0,CYCLES,BACKEND,SUB-EVENT,_Add_6_output_0_ncf:OpId_145 (cycles)
994363734414,EXECUTE,5749,CYCLES,BACKEND,SUB-EVENT,rms_norm__Mul_14_output_0:OpId_150 (cycles)
994363734414,EXECUTE,0,CYCLES,BACKEND,SUB-EVENT,_MatMul_7_pre_reshape:OpId_153 (cycles)
994363734414,EXECUTE,0,CYCLES,BACKEND,SUB-EVENT,_MatMul_6_pre_reshape:OpId_154 (cycles)
994363734414,EXECUTE,5713,CYCLES,BACKEND,SUB-EVENT,_MatMul_6:OpId_156 (cycles)
994363734414,EXECUTE,0,CYCLES,BACKEND,SUB-EVENT,_MatMul_6_post_reshape:OpId_159 (cycles)
994363734414,EXECUTE,0,CYCLES,BACKEND,SUB-EVENT,_Sigmoid:OpId_160 (cycles)
994363734414,EXECUTE,39185,CYCLES,BACKEND,SUB-EVENT,_Mul_15:OpId_167 (cycles)
994363734414,EXECUTE,2827,CYCLES,BACKEND,SUB-EVENT,_MatMul_7:OpId_170 (cycles)
994363734414,EXECUTE,0,CYCLES,BACKEND,SUB-EVENT,_MatMul_7_post_reshape:OpId_173 (cycles)
994363734414,EXECUTE,25103,CYCLES,BACKEND,SUB-EVENT,_Mul_16:OpId_174 (cycles)
994363734414,EXECUTE,0,CYCLES,BACKEND,SUB-EVENT,_MatMul_8_pre_reshape:OpId_176 (cycles)
994363734414,EXECUTE,2288,CYCLES,BACKEND,SUB-EVENT,_MatMul_8:OpId_178 (cycles)
994363734414,EXECUTE,0,CYCLES,BACKEND,SUB-EVENT,_MatMul_8_post_reshape:OpId_181 (cycles)
994363734414,EXECUTE,0,CYCLES,BACKEND,SUB-EVENT,_MatMul_8_output_0_nfc:OpId_183 (cycles)
994363734414,EXECUTE,2703,CYCLES,BACKEND,SUB-EVENT,_Add_8:OpId_185 (cycles)
994363734414,EXECUTE,4279,CYCLES,BACKEND,SUB-EVENT,hidden_out_ncf:OpId_188 (cycles)
994363734414,EXECUTE,7191,CYCLES,BACKEND,SUB-EVENT,Output OpId_3 (cycles)
994363734414,EXECUTE,501,US,BACKEND,ROOT,Accelerator (execute) time
994363734414,EXECUTE,424,US,BACKEND,ROOT,Accelerator (execute excluding wait) time
994363734414,EXECUTE,3265,US,BACKEND,ROOT,QNN (execute) time
994363738321,EXECUTE,3139,US,NETRUN,ROOT,Graph 0: tiny_block_prefill
994363738321,EXECUTE,4,COUNT,BACKEND,ROOT,Number of HVX threads used
994363738321,EXECUTE,2802,US,BACKEND,ROOT,RPC (execute) time
994363738321,EXECUTE,2131,US,BACKEND,ROOT,QNN accelerator (execute) time
994363738321,EXECUTE,0,COUNT,BACKEND,ROOT,Num times yield occured
994363738321,EXECUTE,502,US,BACKEND,ROOT,Time for initial VTCM acquire
994363738321,EXECUTE,96,US,BACKEND,ROOT,Time for HVX + HMX power on and acquire
994363738321,EXECUTE,356509,CYCLES,BACKEND,ROOT,Accelerator (execute) time (cycles)
994363738321,EXECUTE,910,CYCLES,BACKEND,SUB-EVENT,Input OpId_2 (cycles)
994363738321,EXECUTE,0,CYCLES,BACKEND,SUB-EVENT,hidden_states_nfc:OpId_17 (cycles)
994363738321,EXECUTE,9749,CYCLES,BACKEND,SUB-EVENT,rms_norm__Mul_2_output_0:OpId_22 (cycles)
994363738321,EXECUTE,0,CYCLES,BACKEND,SUB-EVENT,_MatMul_2_pre_reshape:OpId_25 (cycles)
994363738321,EXECUTE,0,CYCLES,BACKEND,SUB-EVENT,_MatMul_1_pre_reshape:OpId_26 (cycles)
994363738321,EXECUTE,0,CYCLES,BACKEND,SUB-EVENT,_MatMul_pre_reshape:OpId_27 (cycles)
994363738321,EXECUTE,0,CYCLES,BACKEND,SUB-EVENT,_MatMul:OpId_30 (cycles)
994363738321,EXECUTE,0,CYCLES,BACKEND,SUB-EVENT,_MatMul_post_reshape:OpId_32 (cycles)
994363738321,EXECUTE,8958,CYCLES,BACKEND,SUB-EVENT,_Transpose:OpId_34 (cycles)
994363738321,EXECUTE,0,CYCLES,BACKEND,SUB-EVENT,_MatMul_1:OpId_37 (cycles)
994363738321,EXECUTE,0,CYCLES,BACKEND,SUB-EVENT,_MatMul_1_post_reshape:OpId_39 (cycles)
994363738321,EXECUTE,2903,CYCLES,BACKEND,SUB-EVENT,_Transpose_1:OpId_41 (cycles)
994363738321,EXECUTE,0,CYCLES,BACKEND,SUB-EVENT,_MatMul_2:OpId_44 (cycles)
994363738321,EXECUTE,0,CYCLES,BACKEND,SUB-EVENT,_MatMul_2_post_reshape:OpId_46 (cycles)
994363738321,EXECUTE,3058,CYCLES,BACKEND,SUB-EVENT,_Transpose_2:OpId_48 (cycles)
994363738321,EXECUTE,0,CYCLES,BACKEND,SUB-EVENT,_Slice:OpId_50 (cycles)
994363738321,EXECUTE,641,CYCLES,BACKEND,SUB-EVENT,_Slice_1:OpId_56 (cycles)
994363738321,EXECUTE,7121,CYCLES,BACKEND,SUB-EVENT,_Mul_3:OpId_62 (cycles)
994363738321,EXECUTE,6398,CYCLES,BACKEND,SUB-EVENT,_Mul_4:OpId_65 (cycles)
994363738321,EXECUTE,835,CYCLES,BACKEND,SUB-EVENT,_Sub:OpId_67 (cycles)
994363738321,EXECUTE,5727,CYCLES,BACKEND,SUB-EVENT,_Mul_5:OpId_69 (cycles)
994363738321,EXECUTE,6627,CYCLES,BACKEND,SUB-EVENT,_Mul_6:OpId_71 (cycles)
994363738321,EXECUTE,3542,CYCLES,BACKEND,SUB-EVENT,_Add_4:OpId_73 (cycles)
994363738321,EXECUTE,1152,CYCLES,BACKEND,SUB-EVENT,_Concat:OpId_75 (cycles)
994363738321,EXECUTE,0,CYCLES,BACKEND,SUB-EVENT,_Slice_2:OpId_78 (cycles)
994363738321,EXECUTE,1153,CYCLES,BACKEND,SUB-EVENT,_Slice_3:OpId_84 (cycles)
994363738321,EXECUTE,6815,CYCLES,BACKEND,SUB-EVENT,_Mul_7:OpId_89 (cycles)
994363738321,EXECUTE,5780,CYCLES,BACKEND,SUB-EVENT,_Mul_8:OpId_91 (cycles)
994363738321,EXECUTE,848,CYCLES,BACKEND,SUB-EVENT,_Sub_1:OpId_93 (cycles)
994363738321,EXECUTE,5137,CYCLES,BACKEND,SUB-EVENT,_Mul_9:OpId_95 (cycles)
994363738321,EXECUTE,7306,CYCLES,BACKEND,SUB-EVENT,_Mul_10:OpId_97 (cycles)
994363738321,EXECUTE,286,CYCLES,BACKEND,SUB-EVENT,_Add_5:OpId_99 (cycles)
994363738321,EXECUTE,1295,CYCLES,BACKEND,SUB-EVENT,_Concat_1:OpId_101 (cycles)
994363738321,EXECUTE,0,CYCLES,BACKEND,SUB-EVENT,_Unsqueeze_4:OpId_103 (cycles)
994363738321,EXECUTE,1759,CYCLES,BACKEND,SUB-EVENT,_Tile:OpId_105 (cycles)
994363738321,EXECUTE,0,CYCLES,BACKEND,SUB-EVENT,_Reshape_3:OpId_106 (cycles)
994363738321,EXECUTE,0,CYCLES,BACKEND,SUB-EVENT,_Unsqueeze_5:OpId_107 (cycles)
994363738321,EXECUTE,2403,CYCLES,BACKEND,SUB-EVENT,_Tile_1:OpId_109 (cycles)
994363738321,EXECUTE,0,CYCLES,BACKEND,SUB-EVENT,_Reshape_4:OpId_110 (cycles)
994363738321,EXECUTE,0,CYCLES,BACKEND,SUB-EVENT,_Transpose_3:OpId_112 (cycles)
994363738321,EXECUTE,59632,CYCLES,BACKEND,SUB-EVENT,_MatMul_3:OpId_113 (cycles)
994363738321,EXECUTE,54050,CYCLES,BACKEND,SUB-EVENT,_Mul_11:OpId_118 (cycles)
994363738321,EXECUTE,0,CYCLES,BACKEND,SUB-EVENT,_Unsqueeze_7_output_0_cast_to_bool:OpId_121 (cycles)
994363738321,EXECUTE,35505,CYCLES,BACKEND,SUB-EVENT,_Where:OpId_123 (cycles)
994363738321,EXECUTE,15425,CYCLES,BACKEND,SUB-EVENT,_Softmax:OpId_124 (cycles)
994363738321,EXECUTE,11626,CYCLES,BACKEND,SUB-EVENT,_MatMul_4:OpId_127 (cycles)
994363738321,EXECUTE,0,CYCLES,BACKEND,SUB-EVENT,_Transpose_4:OpId_132 (cycles)
994363738321,EXECUTE,0,CYCLES,BACKEND,SUB-EVENT,_Reshape_5:OpId_133 (cycles)
994363738321,EXECUTE,1461,CYCLES,BACKEND,SUB-EVENT,_MatMul_5:OpId_135 (cycles)
994363738321,EXECUTE,0,CYCLES,BACKEND,SUB-EVENT,_MatMul_5_post_reshape:OpId_138 (cycles)
994363738321,EXECUTE,0,CYCLES,BACKEND,SUB-EVENT,_MatMul_5_output_0_nfc:OpId_140 (cycles)
994363738321,EXECUTE,1088,CYCLES,BACKEND,SUB-EVENT,_Add_6:OpId_142 (cycles)
994363738321,EXECUTE,0,CYCLES,BACKEND,SUB-EVENT,_Add_6_output_0_ncf:OpId_145 (cycles)
994363738321,EXECUTE,5645,CYCLES,BACKEND,SUB-EVENT,rms_norm__Mul_14_output_0:OpId_150 (cycles)
994363738321,EXECUTE,0,CYCLES,BACKEND,SUB-EVENT,_MatMul_7_pre_reshape:OpId_153 (cycles)
994363738321,EXECUTE,0,CYCLES,BACKEND,SUB-EVENT,_MatMul_6_pre_reshape:OpId_154 (cycles)
994363738321,EXECUTE,2569,CYCLES,BACKEND,SUB-EVENT,_MatMul_6:OpId_156 (cycles)
994363738321,EXECUTE,0,CYCLES,BACKEND,SUB-EVENT,_MatMul_6_post_reshape:OpId_159 (cycles)
994363738321,EXECUTE,0,CYCLES,BACKEND,SUB-EVENT,_Sigmoid:OpId_160 (cycles)
994363738321,EXECUTE,36073,CYCLES,BACKEND,SUB-EVENT,_Mul_15:OpId_167 (cycles)
994363738321,EXECUTE,2849,CYCLES,BACKEND,SUB-EVENT,_MatMul_7:OpId_170 (cycles)
994363738321,EXECUTE,0,CYCLES,BACKEND,SUB-EVENT,_MatMul_7_post_reshape:OpId_173 (cycles)
994363738321,EXECUTE,24210,CYCLES,BACKEND,SUB-EVENT,_Mul_16:OpId_174 (cycles)
994363738321,EXECUTE,0,CYCLES,BACKEND,SUB-EVENT,_MatMul_8_pre_reshape:OpId_176 (cycles)
994363738321,EXECUTE,2274,CYCLES,BACKEND,SUB-EVENT,_MatMul_8:OpId_178 (cycles)
994363738321,EXECUTE,0,CYCLES,BACKEND,SUB-EVENT,_MatMul_8_post_reshape:OpId_181 (cycles)
994363738321,EXECUTE,0,CYCLES,BACKEND,SUB-EVENT,_MatMul_8_output_0_nfc:OpId_183 (cycles)
994363738321,EXECUTE,2716,CYCLES,BACKEND,SUB-EVENT,_Add_8:OpId_185 (cycles)
994363738321,EXECUTE,4271,CYCLES,BACKEND,SUB-EVENT,hidden_out_ncf:OpId_188 (cycles)
994363738321,EXECUTE,6712,CYCLES,BACKEND,SUB-EVENT,Output OpId_3 (cycles)
994363738321,EXECUTE,493,US,BACKEND,ROOT,Accelerator (execute) time
994363738321,EXECUTE,410,US,BACKEND,ROOT,Accelerator (execute excluding wait) time
994363738321,EXECUTE,3120,US,BACKEND,ROOT,QNN (execute) time
994363742194,EXECUTE,3103,US,NETRUN,ROOT,Graph 0: tiny_block_prefill
994363742194,EXECUTE,4,COUNT,BACKEND,ROOT,Number of HVX threads used
994363742194,EXECUTE,2777,US,BACKEND,ROOT,RPC (execute) time
994363742194,EXECUTE,2090,US,BACKEND,ROOT,QNN accelerator (execute) time
994363742194,EXECUTE,0,COUNT,BACKEND,ROOT,Num times yield occured
994363742194,EXECUTE,473,US,BACKEND,ROOT,Time for initial VTCM acquire
994363742194,EXECUTE,109,US,BACKEND,ROOT,Time for HVX + HMX power on and acquire
994363742194,EXECUTE,344081,CYCLES,BACKEND,ROOT,Accelerator (execute) time (cycles)
994363742194,EXECUTE,416,CYCLES,BACKEND,SUB-EVENT,Input OpId_2 (cycles)
994363742194,EXECUTE,0,CYCLES,BACKEND,SUB-EVENT,hidden_states_nfc:OpId_17 (cycles)
994363742194,EXECUTE,9643,CYCLES,BACKEND,SUB-EVENT,rms_norm__Mul_2_output_0:OpId_22 (cycles)
994363742194,EXECUTE,0,CYCLES,BACKEND,SUB-EVENT,_MatMul_2_pre_reshape:OpId_25 (cycles)
994363742194,EXECUTE,0,CYCLES,BACKEND,SUB-EVENT,_MatMul_1_pre_reshape:OpId_26 (cycles)
994363742194,EXECUTE,0,CYCLES,BACKEND,SUB-EVENT,_MatMul_pre_reshape:OpId_27 (cycles)
994363742194,EXECUTE,0,CYCLES,BACKEND,SUB-EVENT,_MatMul:OpId_30 (cycles)
994363742194,EXECUTE,0,CYCLES,BACKEND,SUB-EVENT,_MatMul_post_reshape:OpId_32 (cycles)
994363742194,EXECUTE,8576,CYCLES,BACKEND,SUB-EVENT,_Transpose:OpId_34 (cycles)
994363742194,EXECUTE,0,CYCLES,BACKEND,SUB-EVENT,_MatMul_1:OpId_37 (cycles)
994363742194,EXECUTE,0,CYCLES,BACKEND,SUB-EVENT,_MatMul_1_post_reshape:OpId_39 (cycles)
994363742194,EXECUTE,2682,CYCLES,BACKEND,SUB-EVENT,_Transpose_1:OpId_41 (cycles)
994363742194,EXECUTE,0,CYCLES,BACKEND,SUB-EVENT,_MatMul_2:OpId_44 (cycles)
994363742194,EXECUTE,0,CYCLES,BACKEND,SUB-EVENT,_MatMul_2_post_reshape:OpId_46 (cycles)
994363742194,EXECUTE,5095,CYCLES,BACKEND,SUB-EVENT,_Transpose_2:OpId_48 (cycles)
994363742194,EXECUTE,0,CYCLES,BACKEND,SUB-EVENT,_Slice:OpId_50 (cycles)
994363742194,EXECUTE,653,CYCLES,BACKEND,SUB-EVENT,_Slice_1:OpId_56 (cycles)
994363742194,EXECUTE,7013,CYCLES,BACKEND,SUB-EVENT,_Mul_3:OpId_62 (cycles)
994363742194,EXECUTE,6322,CYCLES,BACKEND,SUB-EVENT,_Mul_4:OpId_65 (cycles)
994363742194,EXECUTE,807,CYCLES,BACKEND,SUB-EVENT,_Sub:OpId_67 (cycles)
994363742194,EXECUTE,5605,CYCLES,BACKEND,SUB-EVENT,_Mul_5:OpId_69 (cycles)
994363742194,EXECUTE,6470,CYCLES,BACKEND,SUB-EVENT,_Mul_6:OpId_71 (cycles)
994363742194,EXECUTE,3574,CYCLES,BACKEND,SUB-EVENT,_Add_4:OpId_73 (cycles)
994363742194,EXECUTE,1301,CYCLES,BACKEND,SUB-EVENT,_Concat:OpId_75 (cycles)
994363742194,EXECUTE,0,CYCLES,BACKEND,SUB-EVENT,_Slice_2:OpId_78 (cycles)
994363742194,EXECUTE,1627,CYCLES,BACKEND,SUB-EVENT,_Slice_3:OpId_84 (cycles)
994363742194,EXECUTE,7171,CYCLES,BACKEND,SUB-EVENT,_Mul_7:OpId_89 (cycles)
994363742194,EXECUTE,5828,CYCLES,BACKEND,SUB-EVENT,_Mul_8:OpId_91 (cycles)
994363742194,EXECUTE,825,CYCLES,BACKEND,SUB-EVENT,_Sub_1:OpId_93 (cycles)
994363742194,EXECUTE,5194,CYCLES,BACKEND,SUB-EVENT,_Mul_9:OpId_95 (cycles)
994363742194,EXECUTE,7633,CYCLES,BACKEND,SUB-EVENT,_Mul_10:OpId_97 (cycles)
994363742194,EXECUTE,287,CYCLES,BACKEND,SUB-EVENT,_Add_5:OpId_99 (cycles)
994363742194,EXECUTE,1308,CYCLES,BACKEND,SUB-EVENT,_Concat_1:OpId_101 (cycles)
994363742194,EXECUTE,0,CYCLES,BACKEND,SUB-EVENT,_Unsqueeze_4:OpId_103 (cycles)
994363742194,EXECUTE,1823,CYCLES,BACKEND,SUB-EVENT,_Tile:OpId_105 (cycles)
994363742194,EXECUTE,0,CYCLES,BACKEND,SUB-EVENT,_Reshape_3:OpId_106 (cycles)
994363742194,EXECUTE,0,CYCLES,BACKEND,SUB-EVENT,_Unsqueeze_5:OpId_107 (cycles)
994363742194,EXECUTE,2112,CYCLES,BACKEND,SUB-EVENT,_Tile_1:OpId_109 (cycles)
994363742194,EXECUTE,0,CYCLES,BACKEND,SUB-EVENT,_Reshape_4:OpId_110 (cycles)
994363742194,EXECUTE,0,CYCLES,BACKEND,SUB-EVENT,_Transpose_3:OpId_112 (cycles)
994363742194,EXECUTE,44474,CYCLES,BACKEND,SUB-EVENT,_MatMul_3:OpId_113 (cycles)
994363742194,EXECUTE,54718,CYCLES,BACKEND,SUB-EVENT,_Mul_11:OpId_118 (cycles)
994363742194,EXECUTE,0,CYCLES,BACKEND,SUB-EVENT,_Unsqueeze_7_output_0_cast_to_bool:OpId_121 (cycles)
994363742194,EXECUTE,31060,CYCLES,BACKEND,SUB-EVENT,_Where:OpId_123 (cycles)
994363742194,EXECUTE,16434,CYCLES,BACKEND,SUB-EVENT,_Softmax:OpId_124 (cycles)
994363742194,EXECUTE,11337,CYCLES,BACKEND,SUB-EVENT,_MatMul_4:OpId_127 (cycles)
994363742194,EXECUTE,0,CYCLES,BACKEND,SUB-EVENT,_Transpose_4:OpId_132 (cycles)
994363742194,EXECUTE,0,CYCLES,BACKEND,SUB-EVENT,_Reshape_5:OpId_133 (cycles)
994363742194,EXECUTE,1432,CYCLES,BACKEND,SUB-EVENT,_MatMul_5:OpId_135 (cycles)
994363742194,EXECUTE,0,CYCLES,BACKEND,SUB-EVENT,_MatMul_5_post_reshape:OpId_138 (cycles)
994363742194,EXECUTE,0,CYCLES,BACKEND,SUB-EVENT,_MatMul_5_output_0_nfc:OpId_140 (cycles)
994363742194,EXECUTE,1087,CYCLES,BACKEND,SUB-EVENT,_Add_6:OpId_142 (cycles)
994363742194,EXECUTE,0,CYCLES,BACKEND,SUB-EVENT,_Add_6_output_0_ncf:OpId_145 (cycles)
994363742194,EXECUTE,5664,CYCLES,BACKEND,SUB-EVENT,rms_norm__Mul_14_output_0:OpId_150 (cycles)
994363742194,EXECUTE,0,CYCLES,BACKEND,SUB-EVENT,_MatMul_7_pre_reshape:OpId_153 (cycles)
994363742194,EXECUTE,0,CYCLES,BACKEND,SUB-EVENT,_MatMul_6_pre_reshape:OpId_154 (cycles)
994363742194,EXECUTE,2533,CYCLES,BACKEND,SUB-EVENT,_MatMul_6:OpId_156 (cycles)
994363742194,EXECUTE,0,CYCLES,BACKEND,SUB-EVENT,_MatMul_6_post_reshape:OpId_159 (cycles)
994363742194,EXECUTE,0,CYCLES,BACKEND,SUB-EVENT,_Sigmoid:OpId_160 (cycles)
994363742194,EXECUTE,38197,CYCLES,BACKEND,SUB-EVENT,_Mul_15:OpId_167 (cycles)
994363742194,EXECUTE,2869,CYCLES,BACKEND,SUB-EVENT,_MatMul_7:OpId_170 (cycles)
994363742194,EXECUTE,0,CYCLES,BACKEND,SUB-EVENT,_MatMul_7_post_reshape:OpId_173 (cycles)
994363742194,EXECUTE,23693,CYCLES,BACKEND,SUB-EVENT,_Mul_16:OpId_174 (cycles)
994363742194,EXECUTE,0,CYCLES,BACKEND,SUB-EVENT,_MatMul_8_pre_reshape:OpId_176 (cycles)
994363742194,EXECUTE,2200,CYCLES,BACKEND,SUB-EVENT,_MatMul_8:OpId_178 (cycles)
994363742194,EXECUTE,0,CYCLES,BACKEND,SUB-EVENT,_MatMul_8_post_reshape:OpId_181 (cycles)
994363742194,EXECUTE,0,CYCLES,BACKEND,SUB-EVENT,_MatMul_8_output_0_nfc:OpId_183 (cycles)
994363742194,EXECUTE,2683,CYCLES,BACKEND,SUB-EVENT,_Add_8:OpId_185 (cycles)
994363742194,EXECUTE,6660,CYCLES,BACKEND,SUB-EVENT,hidden_out_ncf:OpId_188 (cycles)
994363742194,EXECUTE,7075,CYCLES,BACKEND,SUB-EVENT,Output OpId_3 (cycles)
994363742194,EXECUTE,468,US,BACKEND,ROOT,Accelerator (execute) time
994363742194,EXECUTE,396,US,BACKEND,ROOT,Accelerator (execute excluding wait) time
994363742194,EXECUTE,3086,US,BACKEND,ROOT,QNN (execute) time
994363747660,EXECUTE,3907,US,NETRUN,ROOT,Graph 0: tiny_block_prefill
994363747660,EXECUTE,4,COUNT,BACKEND,ROOT,Number of HVX threads used
994363747660,EXECUTE,3036,US,BACKEND,ROOT,RPC (execute) time
994363747660,EXECUTE,2163,US,BACKEND,ROOT,QNN accelerator (execute) time
994363747660,EXECUTE,0,COUNT,BACKEND,ROOT,Num times yield occured
994363747660,EXECUTE,779,US,BACKEND,ROOT,Time for initial VTCM acquire
994363747660,EXECUTE,102,US,BACKEND,ROOT,Time for HVX + HMX power on and acquire
994363747660,EXECUTE,368600,CYCLES,BACKEND,ROOT,Accelerator (execute) time (cycles)
994363747660,EXECUTE,432,CYCLES,BACKEND,SUB-EVENT,Input OpId_2 (cycles)
994363747660,EXECUTE,0,CYCLES,BACKEND,SUB-EVENT,hidden_states_nfc:OpId_17 (cycles)
994363747660,EXECUTE,9385,CYCLES,BACKEND,SUB-EVENT,rms_norm__Mul_2_output_0:OpId_22 (cycles)
994363747660,EXECUTE,0,CYCLES,BACKEND,SUB-EVENT,_MatMul_2_pre_reshape:OpId_25 (cycles)
994363747660,EXECUTE,0,CYCLES,BACKEND,SUB-EVENT,_MatMul_1_pre_reshape:OpId_26 (cycles)
994363747660,EXECUTE,0,CYCLES,BACKEND,SUB-EVENT,_MatMul_pre_reshape:OpId_27 (cycles)
994363747660,EXECUTE,0,CYCLES,BACKEND,SUB-EVENT,_MatMul:OpId_30 (cycles)
994363747660,EXECUTE,0,CYCLES,BACKEND,SUB-EVENT,_MatMul_post_reshape:OpId_32 (cycles)
994363747660,EXECUTE,8382,CYCLES,BACKEND,SUB-EVENT,_Transpose:OpId_34 (cycles)
994363747660,EXECUTE,0,CYCLES,BACKEND,SUB-EVENT,_MatMul_1:OpId_37 (cycles)
994363747660,EXECUTE,0,CYCLES,BACKEND,SUB-EVENT,_MatMul_1_post_reshape:OpId_39 (cycles)
994363747660,EXECUTE,2510,CYCLES,BACKEND,SUB-EVENT,_Transpose_1:OpId_41 (cycles)
994363747660,EXECUTE,0,CYCLES,BACKEND,SUB-EVENT,_MatMul_2:OpId_44 (cycles)
994363747660,EXECUTE,0,CYCLES,BACKEND,SUB-EVENT,_MatMul_2_post_reshape:OpId_46 (cycles)
994363747660,EXECUTE,4390,CYCLES,BACKEND,SUB-EVENT,_Transpose_2:OpId_48 (cycles)
994363747660,EXECUTE,0,CYCLES,BACKEND,SUB-EVENT,_Slice:OpId_50 (cycles)
994363747660,EXECUTE,635,CYCLES,BACKEND,SUB-EVENT,_Slice_1:OpId_56 (cycles)
994363747660,EXECUTE,7047,CYCLES,BACKEND,SUB-EVENT,_Mul_3:OpId_62 (cycles)
994363747660,EXECUTE,6391,CYCLES,BACKEND,SUB-EVENT,_Mul_4:OpId_65 (cycles)
994363747660,EXECUTE,836,CYCLES,BACKEND,SUB-EVENT,_Sub:OpId_67 (cycles)
994363747660,EXECUTE,5289,CYCLES,BACKEND,SUB-EVENT,_Mul_5:OpId_69 (cycles)
994363747660,EXECUTE,6619,CYCLES,BACKEND,SUB-EVENT,_Mul_6:OpId_71 (cycles)
994363747660,EXECUTE,5955,CYCLES,BACKEND,SUB-EVENT,_Add_4:OpId_73 (cycles)
994363747660,EXECUTE,1308,CYCLES,BACKEND,SUB-EVENT,_Concat:OpId_75 (cycles)
994363747660,EXECUTE,0,CYCLES,BACKEND,SUB-EVENT,_Slice_2:OpId_78 (cycles)
994363747660,EXECUTE,1620,CYCLES,BACKEND,SUB-EVENT,_Slice_3:OpId_84 (cycles)
994363747660,EXECUTE,7418,CYCLES,BACKEND,SUB-EVENT,_Mul_7:OpId_89 (cycles)
994363747660,EXECUTE,6074,CYCLES,BACKEND,SUB-EVENT,_Mul_8:OpId_91 (cycles)
994363747660,EXECUTE,1216,CYCLES,BACKEND,SUB-EVENT,_Sub_1:OpId_93 (cycles)
994363747660,EXECUTE,5467,CYCLES,BACKEND,SUB-EVENT,_Mul_9:OpId_95 (cycles)
994363747660,EXECUTE,7883,CYCLES,BACKEND,SUB-EVENT,_Mul_10:OpId_97 (cycles)
994363747660,EXECUTE,286,CYCLES,BACKEND,SUB-EVENT,_Add_5:OpId_99 (cycles)
994363747660,EXECUTE,1571,CYCLES,BACKEND,SUB-EVENT,_Concat_1:OpId_101 (cycles)
994363747660,EXECUTE,0,CYCLES,BACKEND,SUB-EVENT,_Unsqueeze_4:OpId_103 (cycles)
994363747660,EXECUTE,3066,CYCLES,BACKEND,SUB-EVENT,_Tile:OpId_105 (cycles)
994363747660,EXECUTE,0,CYCLES,BACKEND,SUB-EVENT,_Reshape_3:OpId_106 (cycles)
994363747660,EXECUTE,0,CYCLES,BACKEND,SUB-EVENT,_Unsqueeze_5:OpId_107 (cycles)
994363747660,EXECUTE,2124,CYCLES,BACKEND,SUB-EVENT,_Tile_1:OpId_109 (cycles)
994363747660,EXECUTE,0,CYCLES,BACKEND,SUB-EVENT,_Reshape_4:OpId_110 (cycles)
994363747660,EXECUTE,0,CYCLES,BACKEND,SUB-EVENT,_Transpose_3:OpId_112 (cycles)
994363747660,EXECUTE,66072,CYCLES,BACKEND,SUB-EVENT,_MatMul_3:OpId_113 (cycles)
994363747660,EXECUTE,45619,CYCLES,BACKEND,SUB-EVENT,_Mul_11:OpId_118 (cycles)
994363747660,EXECUTE,0,CYCLES,BACKEND,SUB-EVENT,_Unsqueeze_7_output_0_cast_to_bool:OpId_121 (cycles)
994363747660,EXECUTE,34416,CYCLES,BACKEND,SUB-EVENT,_Where:OpId_123 (cycles)
994363747660,EXECUTE,18244,CYCLES,BACKEND,SUB-EVENT,_Softmax:OpId_124 (cycles)
994363747660,EXECUTE,11217,CYCLES,BACKEND,SUB-EVENT,_MatMul_4:OpId_127 (cycles)
994363747660,EXECUTE,0,CYCLES,BACKEND,SUB-EVENT,_Transpose_4:OpId_132 (cycles)
994363747660,EXECUTE,0,CYCLES,BACKEND,SUB-EVENT,_Reshape_5:OpId_133 (cycles)
994363747660,EXECUTE,1048,CYCLES,BACKEND,SUB-EVENT,_MatMul_5:OpId_135 (cycles)
994363747660,EXECUTE,0,CYCLES,BACKEND,SUB-EVENT,_MatMul_5_post_reshape:OpId_138 (cycles)
994363747660,EXECUTE,0,CYCLES,BACKEND,SUB-EVENT,_MatMul_5_output_0_nfc:OpId_140 (cycles)
994363747660,EXECUTE,1073,CYCLES,BACKEND,SUB-EVENT,_Add_6:OpId_142 (cycles)
994363747660,EXECUTE,0,CYCLES,BACKEND,SUB-EVENT,_Add_6_output_0_ncf:OpId_145 (cycles)
994363747660,EXECUTE,5640,CYCLES,BACKEND,SUB-EVENT,rms_norm__Mul_14_output_0:OpId_150 (cycles)
994363747660,EXECUTE,0,CYCLES,BACKEND,SUB-EVENT,_MatMul_7_pre_reshape:OpId_153 (cycles)
994363747660,EXECUTE,0,CYCLES,BACKEND,SUB-EVENT,_MatMul_6_pre_reshape:OpId_154 (cycles)
994363747660,EXECUTE,2621,CYCLES,BACKEND,SUB-EVENT,_MatMul_6:OpId_156 (cycles)
994363747660,EXECUTE,0,CYCLES,BACKEND,SUB-EVENT,_MatMul_6_post_reshape:OpId_159 (cycles)
994363747660,EXECUTE,0,CYCLES,BACKEND,SUB-EVENT,_Sigmoid:OpId_160 (cycles)
994363747660,EXECUTE,39575,CYCLES,BACKEND,SUB-EVENT,_Mul_15:OpId_167 (cycles)
994363747660,EXECUTE,2993,CYCLES,BACKEND,SUB-EVENT,_MatMul_7:OpId_170 (cycles)
994363747660,EXECUTE,0,CYCLES,BACKEND,SUB-EVENT,_MatMul_7_post_reshape:OpId_173 (cycles)
994363747660,EXECUTE,24992,CYCLES,BACKEND,SUB-EVENT,_Mul_16:OpId_174 (cycles)
994363747660,EXECUTE,0,CYCLES,BACKEND,SUB-EVENT,_MatMul_8_pre_reshape:OpId_176 (cycles)
994363747660,EXECUTE,2294,CYCLES,BACKEND,SUB-EVENT,_MatMul_8:OpId_178 (cycles)
994363747660,EXECUTE,0,CYCLES,BACKEND,SUB-EVENT,_MatMul_8_post_reshape:OpId_181 (cycles)
994363747660,EXECUTE,0,CYCLES,BACKEND,SUB-EVENT,_MatMul_8_output_0_nfc:OpId_183 (cycles)
994363747660,EXECUTE,3554,CYCLES,BACKEND,SUB-EVENT,_Add_8:OpId_185 (cycles)
994363747660,EXECUTE,6611,CYCLES,BACKEND,SUB-EVENT,hidden_out_ncf:OpId_188 (cycles)
994363747660,EXECUTE,6727,CYCLES,BACKEND,SUB-EVENT,Output OpId_3 (cycles)
994363747660,EXECUTE,508,US,BACKEND,ROOT,Accelerator (execute) time
994363747660,EXECUTE,420,US,BACKEND,ROOT,Accelerator (execute excluding wait) time
994363747660,EXECUTE,3872,US,BACKEND,ROOT,QNN (execute) time
994363753361,EXECUTE,3817,US,NETRUN,ROOT,Graph 0: tiny_block_prefill
994363753361,EXECUTE,4,COUNT,BACKEND,ROOT,Number of HVX threads used
994363753361,EXECUTE,2843,US,BACKEND,ROOT,RPC (execute) time
994363753361,EXECUTE,2111,US,BACKEND,ROOT,QNN accelerator (execute) time
994363753361,EXECUTE,0,COUNT,BACKEND,ROOT,Num times yield occured
994363753361,EXECUTE,495,US,BACKEND,ROOT,Time for initial VTCM acquire
994363753361,EXECUTE,108,US,BACKEND,ROOT,Time for HVX + HMX power on and acquire
994363753361,EXECUTE,386767,CYCLES,BACKEND,ROOT,Accelerator (execute) time (cycles)
994363753361,EXECUTE,424,CYCLES,BACKEND,SUB-EVENT,Input OpId_2 (cycles)
994363753361,EXECUTE,0,CYCLES,BACKEND,SUB-EVENT,hidden_states_nfc:OpId_17 (cycles)
994363753361,EXECUTE,9389,CYCLES,BACKEND,SUB-EVENT,rms_norm__Mul_2_output_0:OpId_22 (cycles)
994363753361,EXECUTE,0,CYCLES,BACKEND,SUB-EVENT,_MatMul_2_pre_reshape:OpId_25 (cycles)
994363753361,EXECUTE,0,CYCLES,BACKEND,SUB-EVENT,_MatMul_1_pre_reshape:OpId_26 (cycles)
994363753361,EXECUTE,0,CYCLES,BACKEND,SUB-EVENT,_MatMul_pre_reshape:OpId_27 (cycles)
994363753361,EXECUTE,0,CYCLES,BACKEND,SUB-EVENT,_MatMul:OpId_30 (cycles)
994363753361,EXECUTE,0,CYCLES,BACKEND,SUB-EVENT,_MatMul_post_reshape:OpId_32 (cycles)
994363753361,EXECUTE,9178,CYCLES,BACKEND,SUB-EVENT,_Transpose:OpId_34 (cycles)
994363753361,EXECUTE,0,CYCLES,BACKEND,SUB-EVENT,_MatMul_1:OpId_37 (cycles)
994363753361,EXECUTE,0,CYCLES,BACKEND,SUB-EVENT,_MatMul_1_post_reshape:OpId_39 (cycles)
994363753361,EXECUTE,4646,CYCLES,BACKEND,SUB-EVENT,_Transpose_1:OpId_41 (cycles)
994363753361,EXECUTE,0,CYCLES,BACKEND,SUB-EVENT,_MatMul_2:OpId_44 (cycles)
994363753361,EXECUTE,0,CYCLES,BACKEND,SUB-EVENT,_MatMul_2_post_reshape:OpId_46 (cycles)
994363753361,EXECUTE,3022,CYCLES,BACKEND,SUB-EVENT,_Transpose_2:OpId_48 (cycles)
994363753361,EXECUTE,0,CYCLES,BACKEND,SUB-EVENT,_Slice:OpId_50 (cycles)
994363753361,EXECUTE,649,CYCLES,BACKEND,SUB-EVENT,_Slice_1:OpId_56 (cycles)
994363753361,EXECUTE,6706,CYCLES,BACKEND,SUB-EVENT,_Mul_3:OpId_62 (cycles)
994363753361,EXECUTE,5959,CYCLES,BACKEND,SUB-EVENT,_Mul_4:OpId_65 (cycles)
994363753361,EXECUTE,833,CYCLES,BACKEND,SUB-EVENT,_Sub:OpId_67 (cycles)
994363753361,EXECUTE,5277,CYCLES,BACKEND,SUB-EVENT,_Mul_5:OpId_69 (cycles)
994363753361,EXECUTE,6236,CYCLES,BACKEND,SUB-EVENT,_Mul_6:OpId_71 (cycles)
994363753361,EXECUTE,3660,CYCLES,BACKEND,SUB-EVENT,_Add_4:OpId_73 (cycles)
994363753361,EXECUTE,1261,CYCLES,BACKEND,SUB-EVENT,_Concat:OpId_75 (cycles)
994363753361,EXECUTE,0,CYCLES,BACKEND,SUB-EVENT,_Slice_2:OpId_78 (cycles)
994363753361,EXECUTE,1549,CYCLES,BACKEND,SUB-EVENT,_Slice_3:OpId_84 (cycles)
994363753361,EXECUTE,6645,CYCLES,BACKEND,SUB-EVENT,_Mul_7:OpId_89 (cycles)
994363753361,EXECUTE,5514,CYCLES,BACKEND,SUB-EVENT,_Mul_8:OpId_91 (cycles)
994363753361,EXECUTE,838,CYCLES,BACKEND,SUB-EVENT,_Sub_1:OpId_93 (cycles)
994363753361,EXECUTE,4797,CYCLES,BACKEND,SUB-EVENT,_Mul_9:OpId_95 (cycles)
994363753361,EXECUTE,7130,CYCLES,BACKEND,SUB-EVENT,_Mul_10:OpId_97 (cycles)
994363753361,EXECUTE,780,CYCLES,BACKEND,SUB-EVENT,_Add_5:OpId_99 (cycles)
994363753361,EXECUTE,1311,CYCLES,BACKEND,SUB-EVENT,_Concat_1:OpId_101 (cycles)
994363753361,EXECUTE,0,CYCLES,BACKEND,SUB-EVENT,_Unsqueeze_4:OpId_103 (cycles)
994363753361,EXECUTE,1786,CYCLES,BACKEND,SUB-EVENT,_Tile:OpId_105 (cycles)
994363753361,EXECUTE,0,CYCLES,BACKEND,SUB-EVENT,_Reshape_3:OpId_106 (cycles)
994363753361,EXECUTE,0,CYCLES,BACKEND,SUB-EVENT,_Unsqueeze_5:OpId_107 (cycles)
994363753361,EXECUTE,2643,CYCLES,BACKEND,SUB-EVENT,_Tile_1:OpId_109 (cycles)
994363753361,EXECUTE,0,CYCLES,BACKEND,SUB-EVENT,_Reshape_4:OpId_110 (cycles)
994363753361,EXECUTE,0,CYCLES,BACKEND,SUB-EVENT,_Transpose_3:OpId_112 (cycles)
994363753361,EXECUTE,74048,CYCLES,BACKEND,SUB-EVENT,_MatMul_3:OpId_113 (cycles)
994363753361,EXECUTE,70437,CYCLES,BACKEND,SUB-EVENT,_Mul_11:OpId_118 (cycles)
994363753361,EXECUTE,0,CYCLES,BACKEND,SUB-EVENT,_Unsqueeze_7_output_0_cast_to_bool:OpId_121 (cycles)
994363753361,EXECUTE,25209,CYCLES,BACKEND,SUB-EVENT,_Where:OpId_123 (cycles)
994363753361,EXECUTE,15545,CYCLES,BACKEND,SUB-EVENT,_Softmax:OpId_124 (cycles)
994363753361,EXECUTE,11482,CYCLES,BACKEND,SUB-EVENT,_MatMul_4:OpId_127 (cycles)
994363753361,EXECUTE,0,CYCLES,BACKEND,SUB-EVENT,_Transpose_4:OpId_132 (cycles)
994363753361,EXECUTE,0,CYCLES,BACKEND,SUB-EVENT,_Reshape_5:OpId_133 (cycles)
994363753361,EXECUTE,1838,CYCLES,BACKEND,SUB-EVENT,_MatMul_5:OpId_135 (cycles)
994363753361,EXECUTE,0,CYCLES,BACKEND,SUB-EVENT,_MatMul_5_post_reshape:OpId_138 (cycles)
994363753361,EXECUTE,0,CYCLES,BACKEND,SUB-EVENT,_MatMul_5_output_0_nfc:OpId_140 (cycles)
994363753361,EXECUTE,1061,CYCLES,BACKEND,SUB-EVENT,_Add_6:OpId_142 (cycles)
994363753361,EXECUTE,0,CYCLES,BACKEND,SUB-EVENT,_Add_6_output_0_ncf:OpId_145 (cycles)
994363753361,EXECUTE,5696,CYCLES,BACKEND,SUB-EVENT,rms_norm__Mul_14_output_0:OpId_150 (cycles)
994363753361,EXECUTE,0,CYCLES,BACKEND,SUB-EVENT,_MatMul_7_pre_reshape:OpId_153 (cycles)
994363753361,EXECUTE,0,CYCLES,BACKEND,SUB-EVENT,_MatMul_6_pre_reshape:OpId_154 (cycles)
994363753361,EXECUTE,7831,CYCLES,BACKEND,SUB-EVENT,_MatMul_6:OpId_156 (cycles)
994363753361,EXECUTE,0,CYCLES,BACKEND,SUB-EVENT,_MatMul_6_post_reshape:OpId_159 (cycles)
994363753361,EXECUTE,0,CYCLES,BACKEND,SUB-EVENT,_Sigmoid:OpId_160 (cycles)
994363753361,EXECUTE,39802,CYCLES,BACKEND,SUB-EVENT,_Mul_15:OpId_167 (cycles)
994363753361,EXECUTE,2792,CYCLES,BACKEND,SUB-EVENT,_MatMul_7:OpId_170 (cycles)
994363753361,EXECUTE,0,CYCLES,BACKEND,SUB-EVENT,_MatMul_7_post_reshape:OpId_173 (cycles)
994363753361,EXECUTE,24631,CYCLES,BACKEND,SUB-EVENT,_Mul_16:OpId_174 (cycles)
994363753361,EXECUTE,0,CYCLES,BACKEND,SUB-EVENT,_MatMul_8_pre_reshape:OpId_176 (cycles)
994363753361,EXECUTE,2276,CYCLES,BACKEND,SUB-EVENT,_MatMul_8:OpId_178 (cycles)
994363753361,EXECUTE,0,CYCLES,BACKEND,SUB-EVENT,_MatMul_8_post_reshape:OpId_181 (cycles)
994363753361,EXECUTE,0,CYCLES,BACKEND,SUB-EVENT,_MatMul_8_output_0_nfc:OpId_183 (cycles)
994363753361,EXECUTE,2679,CYCLES,BACKEND,SUB-EVENT,_Add_8:OpId_185 (cycles)
994363753361,EXECUTE,4372,CYCLES,BACKEND,SUB-EVENT,hidden_out_ncf:OpId_188 (cycles)
994363753361,EXECUTE,6835,CYCLES,BACKEND,SUB-EVENT,Output OpId_3 (cycles)
994363753361,EXECUTE,488,US,BACKEND,ROOT,Accelerator (execute) time
994363753361,EXECUTE,417,US,BACKEND,ROOT,Accelerator (execute excluding wait) time
994363753361,EXECUTE,3777,US,BACKEND,ROOT,QNN (execute) time
994363758845,EXECUTE,3758,US,NETRUN,ROOT,Graph 0: tiny_block_prefill
994363758845,EXECUTE,4,COUNT,BACKEND,ROOT,Number of HVX threads used
994363758845,EXECUTE,2859,US,BACKEND,ROOT,RPC (execute) time
994363758845,EXECUTE,2153,US,BACKEND,ROOT,QNN accelerator (execute) time
994363758845,EXECUTE,0,COUNT,BACKEND,ROOT,Num times yield occured
994363758845,EXECUTE,471,US,BACKEND,ROOT,Time for initial VTCM acquire
994363758845,EXECUTE,95,US,BACKEND,ROOT,Time for HVX + HMX power on and acquire
994363758845,EXECUTE,399162,CYCLES,BACKEND,ROOT,Accelerator (execute) time (cycles)
994363758845,EXECUTE,3189,CYCLES,BACKEND,SUB-EVENT,Input OpId_2 (cycles)
994363758845,EXECUTE,0,CYCLES,BACKEND,SUB-EVENT,hidden_states_nfc:OpId_17 (cycles)
994363758845,EXECUTE,14118,CYCLES,BACKEND,SUB-EVENT,rms_norm__Mul_2_output_0:OpId_22 (cycles)
994363758845,EXECUTE,0,CYCLES,BACKEND,SUB-EVENT,_MatMul_2_pre_reshape:OpId_25 (cycles)
994363758845,EXECUTE,0,CYCLES,BACKEND,SUB-EVENT,_MatMul_1_pre_reshape:OpId_26 (cycles)
994363758845,EXECUTE,0,CYCLES,BACKEND,SUB-EVENT,_MatMul_pre_reshape:OpId_27 (cycles)
994363758845,EXECUTE,0,CYCLES,BACKEND,SUB-EVENT,_MatMul:OpId_30 (cycles)
994363758845,EXECUTE,0,CYCLES,BACKEND,SUB-EVENT,_MatMul_post_reshape:OpId_32 (cycles)
994363758845,EXECUTE,10956,CYCLES,BACKEND,SUB-EVENT,_Transpose:OpId_34 (cycles)
994363758845,EXECUTE,0,CYCLES,BACKEND,SUB-EVENT,_MatMul_1:OpId_37 (cycles)
994363758845,EXECUTE,0,CYCLES,BACKEND,SUB-EVENT,_MatMul_1_post_reshape:OpId_39 (cycles)
994363758845,EXECUTE,2990,CYCLES,BACKEND,SUB-EVENT,_Transpose_1:OpId_41 (cycles)
994363758845,EXECUTE,0,CYCLES,BACKEND,SUB-EVENT,_MatMul_2:OpId_44 (cycles)
994363758845,EXECUTE,0,CYCLES,BACKEND,SUB-EVENT,_MatMul_2_post_reshape:OpId_46 (cycles)
994363758845,EXECUTE,3813,CYCLES,BACKEND,SUB-EVENT,_Transpose_2:OpId_48 (cycles)
994363758845,EXECUTE,0,CYCLES,BACKEND,SUB-EVENT,_Slice:OpId_50 (cycles)
994363758845,EXECUTE,652,CYCLES,BACKEND,SUB-EVENT,_Slice_1:OpId_56 (cycles)
994363758845,EXECUTE,7116,CYCLES,BACKEND,SUB-EVENT,_Mul_3:OpId_62 (cycles)
994363758845,EXECUTE,6166,CYCLES,BACKEND,SUB-EVENT,_Mul_4:OpId_65 (cycles)
994363758845,EXECUTE,810,CYCLES,BACKEND,SUB-EVENT,_Sub:OpId_67 (cycles)
994363758845,EXECUTE,5763,CYCLES,BACKEND,SUB-EVENT,_Mul_5:OpId_69 (cycles)
994363758845,EXECUTE,6481,CYCLES,BACKEND,SUB-EVENT,_Mul_6:OpId_71 (cycles)
994363758845,EXECUTE,1249,CYCLES,BACKEND,SUB-EVENT,_Add_4:OpId_73 (cycles)
994363758845,EXECUTE,1172,CYCLES,BACKEND,SUB-EVENT,_Concat:OpId_75 (cycles)
994363758845,EXECUTE,0,CYCLES,BACKEND,SUB-EVENT,_Slice_2:OpId_78 (cycles)
994363758845,EXECUTE,1618,CYCLES,BACKEND,SUB-EVENT,_Slice_3:OpId_84 (cycles)
994363758845,EXECUTE,6451,CYCLES,BACKEND,SUB-EVENT,_Mul_7:OpId_89 (cycles)
994363758845,EXECUTE,5167,CYCLES,BACKEND,SUB-EVENT,_Mul_8:OpId_91 (cycles)
994363758845,EXECUTE,832,CYCLES,BACKEND,SUB-EVENT,_Sub_1:OpId_93 (cycles)
994363758845,EXECUTE,4608,CYCLES,BACKEND,SUB-EVENT,_Mul_9:OpId_95 (cycles)
994363758845,EXECUTE,6816,CYCLES,BACKEND,SUB-EVENT,_Mul_10:OpId_97 (cycles)
994363758845,EXECUTE,263,CYCLES,BACKEND,SUB-EVENT,_Add_5:OpId_99 (cycles)
994363758845,EXECUTE,1596,CYCLES,BACKEND,SUB-EVENT,_Concat_1:OpId_101 (cycles)
994363758845,EXECUTE,0,CYCLES,BACKEND,SUB-EVENT,_Unsqueeze_4:OpId_103 (cycles)
994363758845,EXECUTE,1632,CYCLES,BACKEND,SUB-EVENT,_Tile:OpId_105 (cycles)
994363758845,EXECUTE,0,CYCLES,BACKEND,SUB-EVENT,_Reshape_3:OpId_106 (cycles)
994363758845,EXECUTE,0,CYCLES,BACKEND,SUB-EVENT,_Unsqueeze_5:OpId_107 (cycles)
994363758845,EXECUTE,1996,CYCLES,BACKEND,SUB-EVENT,_Tile_1:OpId_109 (cycles)
994363758845,EXECUTE,0,CYCLES,BACKEND,SUB-EVENT,_Reshape_4:OpId_110 (cycles)
994363758845,EXECUTE,0,CYCLES,BACKEND,SUB-EVENT,_Transpose_3:OpId_112 (cycles)
994363758845,EXECUTE,77371,CYCLES,BACKEND,SUB-EVENT,_MatMul_3:OpId_113 (cycles)
994363758845,EXECUTE,63800,CYCLES,BACKEND,SUB-EVENT,_Mul_11:OpId_118 (cycles)
994363758845,EXECUTE,0,CYCLES,BACKEND,SUB-EVENT,_Unsqueeze_7_output_0_cast_to_bool:OpId_121 (cycles)
994363758845,EXECUTE,29984,CYCLES,BACKEND,SUB-EVENT,_Where:OpId_123 (cycles)
994363758845,EXECUTE,16295,CYCLES,BACKEND,SUB-EVENT,_Softmax:OpId_124 (cycles)
994363758845,EXECUTE,11372,CYCLES,BACKEND,SUB-EVENT,_MatMul_4:OpId_127 (cycles)
994363758845,EXECUTE,0,CYCLES,BACKEND,SUB-EVENT,_Transpose_4:OpId_132 (cycles)
994363758845,EXECUTE,0,CYCLES,BACKEND,SUB-EVENT,_Reshape_5:OpId_133 (cycles)
994363758845,EXECUTE,1063,CYCLES,BACKEND,SUB-EVENT,_MatMul_5:OpId_135 (cycles)
994363758845,EXECUTE,0,CYCLES,BACKEND,SUB-EVENT,_MatMul_5_post_reshape:OpId_138 (cycles)
994363758845,EXECUTE,0,CYCLES,BACKEND,SUB-EVENT,_MatMul_5_output_0_nfc:OpId_140 (cycles)
994363758845,EXECUTE,1136,CYCLES,BACKEND,SUB-EVENT,_Add_6:OpId_142 (cycles)
994363758845,EXECUTE,0,CYCLES,BACKEND,SUB-EVENT,_Add_6_output_0_ncf:OpId_145 (cycles)
994363758845,EXECUTE,5702,CYCLES,BACKEND,SUB-EVENT,rms_norm__Mul_14_output_0:OpId_150 (cycles)
994363758845,EXECUTE,0,CYCLES,BACKEND,SUB-EVENT,_MatMul_7_pre_reshape:OpId_153 (cycles)
994363758845,EXECUTE,0,CYCLES,BACKEND,SUB-EVENT,_MatMul_6_pre_reshape:OpId_154 (cycles)
994363758845,EXECUTE,2572,CYCLES,BACKEND,SUB-EVENT,_MatMul_6:OpId_156 (cycles)
994363758845,EXECUTE,0,CYCLES,BACKEND,SUB-EVENT,_MatMul_6_post_reshape:OpId_159 (cycles)
994363758845,EXECUTE,0,CYCLES,BACKEND,SUB-EVENT,_Sigmoid:OpId_160 (cycles)
994363758845,EXECUTE,39476,CYCLES,BACKEND,SUB-EVENT,_Mul_15:OpId_167 (cycles)
994363758845,EXECUTE,5816,CYCLES,BACKEND,SUB-EVENT,_MatMul_7:OpId_170 (cycles)
994363758845,EXECUTE,0,CYCLES,BACKEND,SUB-EVENT,_MatMul_7_post_reshape:OpId_173 (cycles)
994363758845,EXECUTE,25230,CYCLES,BACKEND,SUB-EVENT,_Mul_16:OpId_174 (cycles)
994363758845,EXECUTE,0,CYCLES,BACKEND,SUB-EVENT,_MatMul_8_pre_reshape:OpId_176 (cycles)
994363758845,EXECUTE,2266,CYCLES,BACKEND,SUB-EVENT,_MatMul_8:OpId_178 (cycles)
994363758845,EXECUTE,0,CYCLES,BACKEND,SUB-EVENT,_MatMul_8_post_reshape:OpId_181 (cycles)
994363758845,EXECUTE,0,CYCLES,BACKEND,SUB-EVENT,_MatMul_8_output_0_nfc:OpId_183 (cycles)
994363758845,EXECUTE,2736,CYCLES,BACKEND,SUB-EVENT,_Add_8:OpId_185 (cycles)
994363758845,EXECUTE,4335,CYCLES,BACKEND,SUB-EVENT,hidden_out_ncf:OpId_188 (cycles)
994363758845,EXECUTE,14554,CYCLES,BACKEND,SUB-EVENT,Output OpId_3 (cycles)
994363758845,EXECUTE,503,US,BACKEND,ROOT,Accelerator (execute) time
994363758845,EXECUTE,429,US,BACKEND,ROOT,Accelerator (execute excluding wait) time
994363758845,EXECUTE,3730,US,BACKEND,ROOT,QNN (execute) time
994363764201,EXECUTE,3691,US,NETRUN,ROOT,Graph 0: tiny_block_prefill
994363764201,EXECUTE,4,COUNT,BACKEND,ROOT,Number of HVX threads used
994363764201,EXECUTE,2788,US,BACKEND,ROOT,RPC (execute) time
994363764201,EXECUTE,2108,US,BACKEND,ROOT,QNN accelerator (execute) time
994363764201,EXECUTE,0,COUNT,BACKEND,ROOT,Num times yield occured
994363764201,EXECUTE,470,US,BACKEND,ROOT,Time for initial VTCM acquire
994363764201,EXECUTE,92,US,BACKEND,ROOT,Time for HVX + HMX power on and acquire
994363764201,EXECUTE,360575,CYCLES,BACKEND,ROOT,Accelerator (execute) time (cycles)
994363764201,EXECUTE,469,CYCLES,BACKEND,SUB-EVENT,Input OpId_2 (cycles)
994363764201,EXECUTE,0,CYCLES,BACKEND,SUB-EVENT,hidden_states_nfc:OpId_17 (cycles)
994363764201,EXECUTE,14659,CYCLES,BACKEND,SUB-EVENT,rms_norm__Mul_2_output_0:OpId_22 (cycles)
994363764201,EXECUTE,0,CYCLES,BACKEND,SUB-EVENT,_MatMul_2_pre_reshape:OpId_25 (cycles)
994363764201,EXECUTE,0,CYCLES,BACKEND,SUB-EVENT,_MatMul_1_pre_reshape:OpId_26 (cycles)
994363764201,EXECUTE,0,CYCLES,BACKEND,SUB-EVENT,_MatMul_pre_reshape:OpId_27 (cycles)
994363764201,EXECUTE,0,CYCLES,BACKEND,SUB-EVENT,_MatMul:OpId_30 (cycles)
994363764201,EXECUTE,0,CYCLES,BACKEND,SUB-EVENT,_MatMul_post_reshape:OpId_32 (cycles)
994363764201,EXECUTE,11499,CYCLES,BACKEND,SUB-EVENT,_Transpose:OpId_34 (cycles)
994363764201,EXECUTE,0,CYCLES,BACKEND,SUB-EVENT,_MatMul_1:OpId_37 (cycles)
994363764201,EXECUTE,0,CYCLES,BACKEND,SUB-EVENT,_MatMul_1_post_reshape:OpId_39 (cycles)
994363764201,EXECUTE,4438,CYCLES,BACKEND,SUB-EVENT,_Transpose_1:OpId_41 (cycles)
994363764201,EXECUTE,0,CYCLES,BACKEND,SUB-EVENT,_MatMul_2:OpId_44 (cycles)
994363764201,EXECUTE,0,CYCLES,BACKEND,SUB-EVENT,_MatMul_2_post_reshape:OpId_46 (cycles)
994363764201,EXECUTE,4789,CYCLES,BACKEND,SUB-EVENT,_Transpose_2:OpId_48 (cycles)
994363764201,EXECUTE,0,CYCLES,BACKEND,SUB-EVENT,_Slice:OpId_50 (cycles)
994363764201,EXECUTE,670,CYCLES,BACKEND,SUB-EVENT,_Slice_1:OpId_56 (cycles)
994363764201,EXECUTE,6959,CYCLES,BACKEND,SUB-EVENT,_Mul_3:OpId_62 (cycles)
994363764201,EXECUTE,6240,CYCLES,BACKEND,SUB-EVENT,_Mul_4:OpId_65 (cycles)
994363764201,EXECUTE,812,CYCLES,BACKEND,SUB-EVENT,_Sub:OpId_67 (cycles)
994363764201,EXECUTE,5664,CYCLES,BACKEND,SUB-EVENT,_Mul_5:OpId_69 (cycles)
994363764201,EXECUTE,6546,CYCLES,BACKEND,SUB-EVENT,_Mul_6:OpId_71 (cycles)
994363764201,EXECUTE,1245,CYCLES,BACKEND,SUB-EVENT,_Add_4:OpId_73 (cycles)
994363764201,EXECUTE,1150,CYCLES,BACKEND,SUB-EVENT,_Concat:OpId_75 (cycles)
994363764201,EXECUTE,0,CYCLES,BACKEND,SUB-EVENT,_Slice_2:OpId_78 (cycles)
994363764201,EXECUTE,1453,CYCLES,BACKEND,SUB-EVENT,_Slice_3:OpId_84 (cycles)
994363764201,EXECUTE,7106,CYCLES,BACKEND,SUB-EVENT,_Mul_7:OpId_89 (cycles)
994363764201,EXECUTE,5860,CYCLES,BACKEND,SUB-EVENT,_Mul_8:OpId_91 (cycles)
994363764201,EXECUTE,832,CYCLES,BACKEND,SUB-EVENT,_Sub_1:OpId_93 (cycles)
994363764201,EXECUTE,5263,CYCLES,BACKEND,SUB-EVENT,_Mul_9:OpId_95 (cycles)
994363764201,EXECUTE,7519,CYCLES,BACKEND,SUB-EVENT,_Mul_10:OpId_97 (cycles)
994363764201,EXECUTE,277,CYCLES,BACKEND,SUB-EVENT,_Add_5:OpId_99 (cycles)
994363764201,EXECUTE,1245,CYCLES,BACKEND,SUB-EVENT,_Concat_1:OpId_101 (cycles)
994363764201,EXECUTE,0,CYCLES,BACKEND,SUB-EVENT,_Unsqueeze_4:OpId_103 (cycles)
994363764201,EXECUTE,2339,CYCLES,BACKEND,SUB-EVENT,_Tile:OpId_105 (cycles)
994363764201,EXECUTE,0,CYCLES,BACKEND,SUB-EVENT,_Reshape_3:OpId_106 (cycles)
994363764201,EXECUTE,0,CYCLES,BACKEND,SUB-EVENT,_Unsqueeze_5:OpId_107 (cycles)
994363764201,EXECUTE,2262,CYCLES,BACKEND,SUB-EVENT,_Tile_1:OpId_109 (cycles)
994363764201,EXECUTE,0,CYCLES,BACKEND,SUB-EVENT,_Reshape_4:OpId_110 (cycles)
994363764201,EXECUTE,0,CYCLES,BACKEND,SUB-EVENT,_Transpose_3:OpId_112 (cycles)
994363764201,EXECUTE,58934,CYCLES,BACKEND,SUB-EVENT,_MatMul_3:OpId_113 (cycles)
994363764201,EXECUTE,16118,CYCLES,BACKEND,SUB-EVENT,_Mul_11:OpId_118 (cycles)
994363764201,EXECUTE,0,CYCLES,BACKEND,SUB-EVENT,_Unsqueeze_7_output_0_cast_to_bool:OpId_121 (cycles)
994363764201,EXECUTE,16579,CYCLES,BACKEND,SUB-EVENT,_Where:OpId_123 (cycles)
994363764201,EXECUTE,15512,CYCLES,BACKEND,SUB-EVENT,_Softmax:OpId_124 (cycles)
994363764201,EXECUTE,11286,CYCLES,BACKEND,SUB-EVENT,_MatMul_4:OpId_127 (cycles)
994363764201,EXECUTE,0,CYCLES,BACKEND,SUB-EVENT,_Transpose_4:OpId_132 (cycles)
994363764201,EXECUTE,0,CYCLES,BACKEND,SUB-EVENT,_Reshape_5:OpId_133 (cycles)
994363764201,EXECUTE,1874,CYCLES,BACKEND,SUB-EVENT,_MatMul_5:OpId_135 (cycles)
994363764201,EXECUTE,0,CYCLES,BACKEND,SUB-EVENT,_MatMul_5_post_reshape:OpId_138 (cycles)
994363764201,EXECUTE,0,CYCLES,BACKEND,SUB-EVENT,_MatMul_5_output_0_nfc:OpId_140 (cycles)
994363764201,EXECUTE,1057,CYCLES,BACKEND,SUB-EVENT,_Add_6:OpId_142 (cycles)
994363764201,EXECUTE,0,CYCLES,BACKEND,SUB-EVENT,_Add_6_output_0_ncf:OpId_145 (cycles)
994363764201,EXECUTE,5703,CYCLES,BACKEND,SUB-EVENT,rms_norm__Mul_14_output_0:OpId_150 (cycles)
994363764201,EXECUTE,0,CYCLES,BACKEND,SUB-EVENT,_MatMul_7_pre_reshape:OpId_153 (cycles)
994363764201,EXECUTE,0,CYCLES,BACKEND,SUB-EVENT,_MatMul_6_pre_reshape:OpId_154 (cycles)
994363764201,EXECUTE,9834,CYCLES,BACKEND,SUB-EVENT,_MatMul_6:OpId_156 (cycles)
994363764201,EXECUTE,0,CYCLES,BACKEND,SUB-EVENT,_MatMul_6_post_reshape:OpId_159 (cycles)
994363764201,EXECUTE,0,CYCLES,BACKEND,SUB-EVENT,_Sigmoid:OpId_160 (cycles)
994363764201,EXECUTE,63709,CYCLES,BACKEND,SUB-EVENT,_Mul_15:OpId_167 (cycles)
994363764201,EXECUTE,5785,CYCLES,BACKEND,SUB-EVENT,_MatMul_7:OpId_170 (cycles)
994363764201,EXECUTE,0,CYCLES,BACKEND,SUB-EVENT,_MatMul_7_post_reshape:OpId_173 (cycles)
994363764201,EXECUTE,27815,CYCLES,BACKEND,SUB-EVENT,_Mul_16:OpId_174 (cycles)
994363764201,EXECUTE,0,CYCLES,BACKEND,SUB-EVENT,_MatMul_8_pre_reshape:OpId_176 (cycles)
994363764201,EXECUTE,13287,CYCLES,BACKEND,SUB-EVENT,_MatMul_8:OpId_178 (cycles)
994363764201,EXECUTE,0,CYCLES,BACKEND,SUB-EVENT,_MatMul_8_post_reshape:OpId_181 (cycles)
994363764201,EXECUTE,0,CYCLES,BACKEND,SUB-EVENT,_MatMul_8_output_0_nfc:OpId_183 (cycles)
994363764201,EXECUTE,2668,CYCLES,BACKEND,SUB-EVENT,_Add_8:OpId_185 (cycles)
994363764201,EXECUTE,4301,CYCLES,BACKEND,SUB-EVENT,hidden_out_ncf:OpId_188 (cycles)
994363764201,EXECUTE,6817,CYCLES,BACKEND,SUB-EVENT,Output OpId_3 (cycles)
994363764201,EXECUTE,471,US,BACKEND,ROOT,Accelerator (execute) time
994363764201,EXECUTE,398,US,BACKEND,ROOT,Accelerator (execute excluding wait) time
994363764201,EXECUTE,3661,US,BACKEND,ROOT,QNN (execute) time
994363764591,EXECUTE IPS,180.141235,INF/SEC,NETRUN,ROOT,null
