input log file location, tiny_llm_block_custom_matmul/device_output/prefill_q_proj_lhs_prepack/qnn-profiling-data_0.log
qnn-profile-viewer version, v2.47.0.260601114230
qnn-net-run version, v2.47.0.260601114230
Backend version, v2.47.0.260601114230
Msg Timestamp, Message, Time, Unit of Measurement, Timing Source, Event Level, Event Identifier
299876939890,INIT,162380,US,NETRUN,ROOT,null
299877006054,COMPOSE GRAPHS,64553,US,NETRUN,ROOT,null
299877098277,FINALIZE,91951,US,NETRUN,ROOT,Graph 0: tiny_block_prefill
299877098277,FINALIZE,6637,US,BACKEND,ROOT,RPC (finalize) time
299877098277,FINALIZE,4877,US,BACKEND,ROOT,QNN accelerator (finalize) time
299877098277,FINALIZE,4743,US,BACKEND,ROOT,Accelerator (finalize) time
299877098277,FINALIZE,91921,US,BACKEND,ROOT,QNN (finalize) time
299877098277,FINALIZE,208,US,BACKEND,SUB-EVENT,Graph Preparation Initializing
299877098277,FINALIZE,59364,US,BACKEND,SUB-EVENT,Graph Optimizations
299877098277,FINALIZE,1567,US,BACKEND,SUB-EVENT,Post Graph Optimization
299877098277,FINALIZE,6711,US,BACKEND,SUB-EVENT,Graph Sequencing for Target
299877098277,FINALIZE,730,US,BACKEND,SUB-EVENT,VTCM Allocation
299877098277,FINALIZE,178,US,BACKEND,SUB-EVENT,Parallelization Optimization
299877098277,FINALIZE,674,US,BACKEND,SUB-EVENT,Finalizing Graph Sequence
299877098277,FINALIZE,31,US,BACKEND,SUB-EVENT,Completion
299877289703,DE-INIT,30965,US,NETRUN,ROOT,null
299877289703,DE-INIT,6389,US,BACKEND,ROOT,RPC (deinit) time
299877289703,DE-INIT,5142,US,BACKEND,ROOT,QNN Accelerator (deinit) time
299877289703,DE-INIT,4999,US,BACKEND,ROOT,Accelerator (deinit) time
299877289703,DE-INIT,30921,US,BACKEND,ROOT,QNN (deinit) time
299877113145,EXECUTE,14171,US,NETRUN,ROOT,Graph 0: tiny_block_prefill
299877113145,EXECUTE,4,COUNT,BACKEND,ROOT,Number of HVX threads used
299877113145,EXECUTE,13747,US,BACKEND,ROOT,RPC (execute) time
299877113145,EXECUTE,11652,US,BACKEND,ROOT,QNN accelerator (execute) time
299877113145,EXECUTE,0,COUNT,BACKEND,ROOT,Num times yield occured
299877113145,EXECUTE,2898,US,BACKEND,ROOT,Time for initial VTCM acquire
299877113145,EXECUTE,44433,US,BACKEND,ROOT,Time for HVX + HMX power on and acquire
299877113145,EXECUTE,1882461,CYCLES,BACKEND,ROOT,Accelerator (execute) time (cycles)
299877113145,EXECUTE,6516,CYCLES,BACKEND,SUB-EVENT,Input OpId_2 (cycles)
299877113145,EXECUTE,0,CYCLES,BACKEND,SUB-EVENT,hidden_states_nfc:OpId_17 (cycles)
299877113145,EXECUTE,30538,CYCLES,BACKEND,SUB-EVENT,rms_norm__Mul_2_output_0:OpId_22 (cycles)
299877113145,EXECUTE,0,CYCLES,BACKEND,SUB-EVENT,_MatMul_2_pre_reshape:OpId_25 (cycles)
299877113145,EXECUTE,0,CYCLES,BACKEND,SUB-EVENT,_MatMul_1_pre_reshape:OpId_26 (cycles)
299877113145,EXECUTE,0,CYCLES,BACKEND,SUB-EVENT,_MatMul_pre_reshape:OpId_27 (cycles)
299877113145,EXECUTE,0,CYCLES,BACKEND,SUB-EVENT,_MatMul_lhs_reshape:OpId_30 (cycles)
299877113145,EXECUTE,0,CYCLES,BACKEND,SUB-EVENT,_MatMul_lhs_cast_fp16:OpId_31 (cycles)
299877113145,EXECUTE,8970,CYCLES,BACKEND,SUB-EVENT,_MatMul_pack_lhs_q13:OpId_32 (cycles)
299877113145,EXECUTE,260,CYCLES,BACKEND,SUB-EVENT,_MatMul_rhs_cast_fp16:OpId_33 (cycles)
299877113145,EXECUTE,1341390,CYCLES,BACKEND,SUB-EVENT,_MatMul:OpId_34 (cycles)
299877113145,EXECUTE,0,CYCLES,BACKEND,SUB-EVENT,_MatMul_output_reshape:OpId_35 (cycles)
299877113145,EXECUTE,2077,CYCLES,BACKEND,SUB-EVENT,_MatMul_post_reshape:OpId_36 (cycles)
299877113145,EXECUTE,3873,CYCLES,BACKEND,SUB-EVENT,_Transpose:OpId_38 (cycles)
299877113145,EXECUTE,0,CYCLES,BACKEND,SUB-EVENT,_MatMul_1:OpId_41 (cycles)
299877113145,EXECUTE,0,CYCLES,BACKEND,SUB-EVENT,_MatMul_1_post_reshape:OpId_43 (cycles)
299877113145,EXECUTE,7400,CYCLES,BACKEND,SUB-EVENT,_Transpose_1:OpId_45 (cycles)
299877113145,EXECUTE,0,CYCLES,BACKEND,SUB-EVENT,_MatMul_2:OpId_48 (cycles)
299877113145,EXECUTE,0,CYCLES,BACKEND,SUB-EVENT,_MatMul_2_post_reshape:OpId_50 (cycles)
299877113145,EXECUTE,13630,CYCLES,BACKEND,SUB-EVENT,_Transpose_2:OpId_52 (cycles)
299877113145,EXECUTE,0,CYCLES,BACKEND,SUB-EVENT,_Slice:OpId_54 (cycles)
299877113145,EXECUTE,656,CYCLES,BACKEND,SUB-EVENT,_Slice_1:OpId_60 (cycles)
299877113145,EXECUTE,6863,CYCLES,BACKEND,SUB-EVENT,_Mul_3:OpId_66 (cycles)
299877113145,EXECUTE,5149,CYCLES,BACKEND,SUB-EVENT,_Mul_4:OpId_69 (cycles)
299877113145,EXECUTE,813,CYCLES,BACKEND,SUB-EVENT,_Sub:OpId_71 (cycles)
299877113145,EXECUTE,4614,CYCLES,BACKEND,SUB-EVENT,_Mul_5:OpId_73 (cycles)
299877113145,EXECUTE,6975,CYCLES,BACKEND,SUB-EVENT,_Mul_6:OpId_75 (cycles)
299877113145,EXECUTE,817,CYCLES,BACKEND,SUB-EVENT,_Add_4:OpId_77 (cycles)
299877113145,EXECUTE,2076,CYCLES,BACKEND,SUB-EVENT,_Concat:OpId_79 (cycles)
299877113145,EXECUTE,0,CYCLES,BACKEND,SUB-EVENT,_Slice_2:OpId_82 (cycles)
299877113145,EXECUTE,2008,CYCLES,BACKEND,SUB-EVENT,_Slice_3:OpId_88 (cycles)
299877113145,EXECUTE,10855,CYCLES,BACKEND,SUB-EVENT,_Mul_7:OpId_93 (cycles)
299877113145,EXECUTE,8798,CYCLES,BACKEND,SUB-EVENT,_Mul_8:OpId_95 (cycles)
299877113145,EXECUTE,1355,CYCLES,BACKEND,SUB-EVENT,_Sub_1:OpId_97 (cycles)
299877113145,EXECUTE,8707,CYCLES,BACKEND,SUB-EVENT,_Mul_9:OpId_99 (cycles)
299877113145,EXECUTE,10800,CYCLES,BACKEND,SUB-EVENT,_Mul_10:OpId_101 (cycles)
299877113145,EXECUTE,1705,CYCLES,BACKEND,SUB-EVENT,_Add_5:OpId_103 (cycles)
299877113145,EXECUTE,6588,CYCLES,BACKEND,SUB-EVENT,_Concat_1:OpId_105 (cycles)
299877113145,EXECUTE,0,CYCLES,BACKEND,SUB-EVENT,_Unsqueeze_4:OpId_107 (cycles)
299877113145,EXECUTE,2175,CYCLES,BACKEND,SUB-EVENT,_Tile:OpId_109 (cycles)
299877113145,EXECUTE,0,CYCLES,BACKEND,SUB-EVENT,_Reshape_3:OpId_110 (cycles)
299877113145,EXECUTE,0,CYCLES,BACKEND,SUB-EVENT,_Unsqueeze_5:OpId_111 (cycles)
299877113145,EXECUTE,3139,CYCLES,BACKEND,SUB-EVENT,_Tile_1:OpId_113 (cycles)
299877113145,EXECUTE,0,CYCLES,BACKEND,SUB-EVENT,_Reshape_4:OpId_114 (cycles)
299877113145,EXECUTE,0,CYCLES,BACKEND,SUB-EVENT,_Transpose_3:OpId_116 (cycles)
299877113145,EXECUTE,68034,CYCLES,BACKEND,SUB-EVENT,_MatMul_3:OpId_117 (cycles)
299877113145,EXECUTE,16839,CYCLES,BACKEND,SUB-EVENT,_Mul_11:OpId_122 (cycles)
299877113145,EXECUTE,0,CYCLES,BACKEND,SUB-EVENT,_Unsqueeze_7_output_0_cast_to_bool:OpId_125 (cycles)
299877113145,EXECUTE,27225,CYCLES,BACKEND,SUB-EVENT,_Where:OpId_127 (cycles)
299877113145,EXECUTE,23802,CYCLES,BACKEND,SUB-EVENT,_Softmax:OpId_128 (cycles)
299877113145,EXECUTE,23140,CYCLES,BACKEND,SUB-EVENT,_MatMul_4:OpId_131 (cycles)
299877113145,EXECUTE,0,CYCLES,BACKEND,SUB-EVENT,_Transpose_4:OpId_136 (cycles)
299877113145,EXECUTE,0,CYCLES,BACKEND,SUB-EVENT,_Reshape_5:OpId_137 (cycles)
299877113145,EXECUTE,1328,CYCLES,BACKEND,SUB-EVENT,_MatMul_5:OpId_139 (cycles)
299877113145,EXECUTE,0,CYCLES,BACKEND,SUB-EVENT,_MatMul_5_post_reshape:OpId_142 (cycles)
299877113145,EXECUTE,0,CYCLES,BACKEND,SUB-EVENT,_MatMul_5_output_0_nfc:OpId_144 (cycles)
299877113145,EXECUTE,2514,CYCLES,BACKEND,SUB-EVENT,_Add_6:OpId_146 (cycles)
299877113145,EXECUTE,0,CYCLES,BACKEND,SUB-EVENT,_Add_6_output_0_ncf:OpId_149 (cycles)
299877113145,EXECUTE,5750,CYCLES,BACKEND,SUB-EVENT,rms_norm__Mul_14_output_0:OpId_154 (cycles)
299877113145,EXECUTE,0,CYCLES,BACKEND,SUB-EVENT,_MatMul_7_pre_reshape:OpId_157 (cycles)
299877113145,EXECUTE,0,CYCLES,BACKEND,SUB-EVENT,_MatMul_6_pre_reshape:OpId_158 (cycles)
299877113145,EXECUTE,20898,CYCLES,BACKEND,SUB-EVENT,_MatMul_6:OpId_160 (cycles)
299877113145,EXECUTE,0,CYCLES,BACKEND,SUB-EVENT,_MatMul_6_post_reshape:OpId_163 (cycles)
299877113145,EXECUTE,0,CYCLES,BACKEND,SUB-EVENT,_Sigmoid:OpId_164 (cycles)
299877113145,EXECUTE,102385,CYCLES,BACKEND,SUB-EVENT,_Mul_15:OpId_171 (cycles)
299877113145,EXECUTE,2872,CYCLES,BACKEND,SUB-EVENT,_MatMul_7:OpId_174 (cycles)
299877113145,EXECUTE,0,CYCLES,BACKEND,SUB-EVENT,_MatMul_7_post_reshape:OpId_177 (cycles)
299877113145,EXECUTE,52402,CYCLES,BACKEND,SUB-EVENT,_Mul_16:OpId_178 (cycles)
299877113145,EXECUTE,0,CYCLES,BACKEND,SUB-EVENT,_MatMul_8_pre_reshape:OpId_180 (cycles)
299877113145,EXECUTE,2220,CYCLES,BACKEND,SUB-EVENT,_MatMul_8:OpId_182 (cycles)
299877113145,EXECUTE,0,CYCLES,BACKEND,SUB-EVENT,_MatMul_8_post_reshape:OpId_185 (cycles)
299877113145,EXECUTE,0,CYCLES,BACKEND,SUB-EVENT,_MatMul_8_output_0_nfc:OpId_187 (cycles)
299877113145,EXECUTE,2711,CYCLES,BACKEND,SUB-EVENT,_Add_8:OpId_189 (cycles)
299877113145,EXECUTE,13193,CYCLES,BACKEND,SUB-EVENT,hidden_out_ncf:OpId_192 (cycles)
299877113145,EXECUTE,18401,CYCLES,BACKEND,SUB-EVENT,Output OpId_3 (cycles)
299877113145,EXECUTE,8146,US,BACKEND,ROOT,Accelerator (execute) time
299877113145,EXECUTE,4535,US,BACKEND,ROOT,Accelerator (execute excluding wait) time
299877113145,EXECUTE,14126,US,BACKEND,ROOT,QNN (execute) time
299877128991,EXECUTE,10864,US,NETRUN,ROOT,Graph 0: tiny_block_prefill
299877128991,EXECUTE,4,COUNT,BACKEND,ROOT,Number of HVX threads used
299877128991,EXECUTE,10357,US,BACKEND,ROOT,RPC (execute) time
299877128991,EXECUTE,8032,US,BACKEND,ROOT,QNN accelerator (execute) time
299877128991,EXECUTE,0,COUNT,BACKEND,ROOT,Num times yield occured
299877128991,EXECUTE,7197,US,BACKEND,ROOT,Time for initial VTCM acquire
299877128991,EXECUTE,4680,US,BACKEND,ROOT,Time for HVX + HMX power on and acquire
299877128991,EXECUTE,1735885,CYCLES,BACKEND,ROOT,Accelerator (execute) time (cycles)
299877128991,EXECUTE,1128,CYCLES,BACKEND,SUB-EVENT,Input OpId_2 (cycles)
299877128991,EXECUTE,0,CYCLES,BACKEND,SUB-EVENT,hidden_states_nfc:OpId_17 (cycles)
299877128991,EXECUTE,19837,CYCLES,BACKEND,SUB-EVENT,rms_norm__Mul_2_output_0:OpId_22 (cycles)
299877128991,EXECUTE,0,CYCLES,BACKEND,SUB-EVENT,_MatMul_2_pre_reshape:OpId_25 (cycles)
299877128991,EXECUTE,0,CYCLES,BACKEND,SUB-EVENT,_MatMul_1_pre_reshape:OpId_26 (cycles)
299877128991,EXECUTE,0,CYCLES,BACKEND,SUB-EVENT,_MatMul_pre_reshape:OpId_27 (cycles)
299877128991,EXECUTE,0,CYCLES,BACKEND,SUB-EVENT,_MatMul_lhs_reshape:OpId_30 (cycles)
299877128991,EXECUTE,0,CYCLES,BACKEND,SUB-EVENT,_MatMul_lhs_cast_fp16:OpId_31 (cycles)
299877128991,EXECUTE,8565,CYCLES,BACKEND,SUB-EVENT,_MatMul_pack_lhs_q13:OpId_32 (cycles)
299877128991,EXECUTE,907,CYCLES,BACKEND,SUB-EVENT,_MatMul_rhs_cast_fp16:OpId_33 (cycles)
299877128991,EXECUTE,1338010,CYCLES,BACKEND,SUB-EVENT,_MatMul:OpId_34 (cycles)
299877128991,EXECUTE,0,CYCLES,BACKEND,SUB-EVENT,_MatMul_output_reshape:OpId_35 (cycles)
299877128991,EXECUTE,2107,CYCLES,BACKEND,SUB-EVENT,_MatMul_post_reshape:OpId_36 (cycles)
299877128991,EXECUTE,2268,CYCLES,BACKEND,SUB-EVENT,_Transpose:OpId_38 (cycles)
299877128991,EXECUTE,0,CYCLES,BACKEND,SUB-EVENT,_MatMul_1:OpId_41 (cycles)
299877128991,EXECUTE,0,CYCLES,BACKEND,SUB-EVENT,_MatMul_1_post_reshape:OpId_43 (cycles)
299877128991,EXECUTE,3889,CYCLES,BACKEND,SUB-EVENT,_Transpose_1:OpId_45 (cycles)
299877128991,EXECUTE,0,CYCLES,BACKEND,SUB-EVENT,_MatMul_2:OpId_48 (cycles)
299877128991,EXECUTE,0,CYCLES,BACKEND,SUB-EVENT,_MatMul_2_post_reshape:OpId_50 (cycles)
299877128991,EXECUTE,10275,CYCLES,BACKEND,SUB-EVENT,_Transpose_2:OpId_52 (cycles)
299877128991,EXECUTE,0,CYCLES,BACKEND,SUB-EVENT,_Slice:OpId_54 (cycles)
299877128991,EXECUTE,642,CYCLES,BACKEND,SUB-EVENT,_Slice_1:OpId_60 (cycles)
299877128991,EXECUTE,7227,CYCLES,BACKEND,SUB-EVENT,_Mul_3:OpId_66 (cycles)
299877128991,EXECUTE,5624,CYCLES,BACKEND,SUB-EVENT,_Mul_4:OpId_69 (cycles)
299877128991,EXECUTE,837,CYCLES,BACKEND,SUB-EVENT,_Sub:OpId_71 (cycles)
299877128991,EXECUTE,5185,CYCLES,BACKEND,SUB-EVENT,_Mul_5:OpId_73 (cycles)
299877128991,EXECUTE,7084,CYCLES,BACKEND,SUB-EVENT,_Mul_6:OpId_75 (cycles)
299877128991,EXECUTE,1124,CYCLES,BACKEND,SUB-EVENT,_Add_4:OpId_77 (cycles)
299877128991,EXECUTE,1159,CYCLES,BACKEND,SUB-EVENT,_Concat:OpId_79 (cycles)
299877128991,EXECUTE,0,CYCLES,BACKEND,SUB-EVENT,_Slice_2:OpId_82 (cycles)
299877128991,EXECUTE,1171,CYCLES,BACKEND,SUB-EVENT,_Slice_3:OpId_88 (cycles)
299877128991,EXECUTE,8629,CYCLES,BACKEND,SUB-EVENT,_Mul_7:OpId_93 (cycles)
299877128991,EXECUTE,7390,CYCLES,BACKEND,SUB-EVENT,_Mul_8:OpId_95 (cycles)
299877128991,EXECUTE,1107,CYCLES,BACKEND,SUB-EVENT,_Sub_1:OpId_97 (cycles)
299877128991,EXECUTE,7337,CYCLES,BACKEND,SUB-EVENT,_Mul_9:OpId_99 (cycles)
299877128991,EXECUTE,8592,CYCLES,BACKEND,SUB-EVENT,_Mul_10:OpId_101 (cycles)
299877128991,EXECUTE,1429,CYCLES,BACKEND,SUB-EVENT,_Add_5:OpId_103 (cycles)
299877128991,EXECUTE,2389,CYCLES,BACKEND,SUB-EVENT,_Concat_1:OpId_105 (cycles)
299877128991,EXECUTE,0,CYCLES,BACKEND,SUB-EVENT,_Unsqueeze_4:OpId_107 (cycles)
299877128991,EXECUTE,2085,CYCLES,BACKEND,SUB-EVENT,_Tile:OpId_109 (cycles)
299877128991,EXECUTE,0,CYCLES,BACKEND,SUB-EVENT,_Reshape_3:OpId_110 (cycles)
299877128991,EXECUTE,0,CYCLES,BACKEND,SUB-EVENT,_Unsqueeze_5:OpId_111 (cycles)
299877128991,EXECUTE,2471,CYCLES,BACKEND,SUB-EVENT,_Tile_1:OpId_113 (cycles)
299877128991,EXECUTE,0,CYCLES,BACKEND,SUB-EVENT,_Reshape_4:OpId_114 (cycles)
299877128991,EXECUTE,0,CYCLES,BACKEND,SUB-EVENT,_Transpose_3:OpId_116 (cycles)
299877128991,EXECUTE,82979,CYCLES,BACKEND,SUB-EVENT,_MatMul_3:OpId_117 (cycles)
299877128991,EXECUTE,20239,CYCLES,BACKEND,SUB-EVENT,_Mul_11:OpId_122 (cycles)
299877128991,EXECUTE,0,CYCLES,BACKEND,SUB-EVENT,_Unsqueeze_7_output_0_cast_to_bool:OpId_125 (cycles)
299877128991,EXECUTE,26170,CYCLES,BACKEND,SUB-EVENT,_Where:OpId_127 (cycles)
299877128991,EXECUTE,19019,CYCLES,BACKEND,SUB-EVENT,_Softmax:OpId_128 (cycles)
299877128991,EXECUTE,20451,CYCLES,BACKEND,SUB-EVENT,_MatMul_4:OpId_131 (cycles)
299877128991,EXECUTE,0,CYCLES,BACKEND,SUB-EVENT,_Transpose_4:OpId_136 (cycles)
299877128991,EXECUTE,0,CYCLES,BACKEND,SUB-EVENT,_Reshape_5:OpId_137 (cycles)
299877128991,EXECUTE,1448,CYCLES,BACKEND,SUB-EVENT,_MatMul_5:OpId_139 (cycles)
299877128991,EXECUTE,0,CYCLES,BACKEND,SUB-EVENT,_MatMul_5_post_reshape:OpId_142 (cycles)
299877128991,EXECUTE,0,CYCLES,BACKEND,SUB-EVENT,_MatMul_5_output_0_nfc:OpId_144 (cycles)
299877128991,EXECUTE,2366,CYCLES,BACKEND,SUB-EVENT,_Add_6:OpId_146 (cycles)
299877128991,EXECUTE,0,CYCLES,BACKEND,SUB-EVENT,_Add_6_output_0_ncf:OpId_149 (cycles)
299877128991,EXECUTE,5719,CYCLES,BACKEND,SUB-EVENT,rms_norm__Mul_14_output_0:OpId_154 (cycles)
299877128991,EXECUTE,0,CYCLES,BACKEND,SUB-EVENT,_MatMul_7_pre_reshape:OpId_157 (cycles)
299877128991,EXECUTE,0,CYCLES,BACKEND,SUB-EVENT,_MatMul_6_pre_reshape:OpId_158 (cycles)
299877128991,EXECUTE,2571,CYCLES,BACKEND,SUB-EVENT,_MatMul_6:OpId_160 (cycles)
299877128991,EXECUTE,0,CYCLES,BACKEND,SUB-EVENT,_MatMul_6_post_reshape:OpId_163 (cycles)
299877128991,EXECUTE,0,CYCLES,BACKEND,SUB-EVENT,_Sigmoid:OpId_164 (cycles)
299877128991,EXECUTE,45245,CYCLES,BACKEND,SUB-EVENT,_Mul_15:OpId_171 (cycles)
299877128991,EXECUTE,4486,CYCLES,BACKEND,SUB-EVENT,_MatMul_7:OpId_174 (cycles)
299877128991,EXECUTE,0,CYCLES,BACKEND,SUB-EVENT,_MatMul_7_post_reshape:OpId_177 (cycles)
299877128991,EXECUTE,30208,CYCLES,BACKEND,SUB-EVENT,_Mul_16:OpId_178 (cycles)
299877128991,EXECUTE,0,CYCLES,BACKEND,SUB-EVENT,_MatMul_8_pre_reshape:OpId_180 (cycles)
299877128991,EXECUTE,2216,CYCLES,BACKEND,SUB-EVENT,_MatMul_8:OpId_182 (cycles)
299877128991,EXECUTE,0,CYCLES,BACKEND,SUB-EVENT,_MatMul_8_post_reshape:OpId_185 (cycles)
299877128991,EXECUTE,0,CYCLES,BACKEND,SUB-EVENT,_MatMul_8_output_0_nfc:OpId_187 (cycles)
299877128991,EXECUTE,2741,CYCLES,BACKEND,SUB-EVENT,_Add_8:OpId_189 (cycles)
299877128991,EXECUTE,4171,CYCLES,BACKEND,SUB-EVENT,hidden_out_ncf:OpId_192 (cycles)
299877128991,EXECUTE,7388,CYCLES,BACKEND,SUB-EVENT,Output OpId_3 (cycles)
299877128991,EXECUTE,6184,US,BACKEND,ROOT,Accelerator (execute) time
299877128991,EXECUTE,4363,US,BACKEND,ROOT,Accelerator (execute excluding wait) time
299877128991,EXECUTE,10812,US,BACKEND,ROOT,QNN (execute) time
299877144216,EXECUTE,10762,US,NETRUN,ROOT,Graph 0: tiny_block_prefill
299877144216,EXECUTE,4,COUNT,BACKEND,ROOT,Number of HVX threads used
299877144216,EXECUTE,10288,US,BACKEND,ROOT,RPC (execute) time
299877144216,EXECUTE,7978,US,BACKEND,ROOT,QNN accelerator (execute) time
299877144216,EXECUTE,0,COUNT,BACKEND,ROOT,Num times yield occured
299877144216,EXECUTE,7119,US,BACKEND,ROOT,Time for initial VTCM acquire
299877144216,EXECUTE,4661,US,BACKEND,ROOT,Time for HVX + HMX power on and acquire
299877144216,EXECUTE,1683485,CYCLES,BACKEND,ROOT,Accelerator (execute) time (cycles)
299877144216,EXECUTE,1133,CYCLES,BACKEND,SUB-EVENT,Input OpId_2 (cycles)
299877144216,EXECUTE,0,CYCLES,BACKEND,SUB-EVENT,hidden_states_nfc:OpId_17 (cycles)
299877144216,EXECUTE,15123,CYCLES,BACKEND,SUB-EVENT,rms_norm__Mul_2_output_0:OpId_22 (cycles)
299877144216,EXECUTE,0,CYCLES,BACKEND,SUB-EVENT,_MatMul_2_pre_reshape:OpId_25 (cycles)
299877144216,EXECUTE,0,CYCLES,BACKEND,SUB-EVENT,_MatMul_1_pre_reshape:OpId_26 (cycles)
299877144216,EXECUTE,0,CYCLES,BACKEND,SUB-EVENT,_MatMul_pre_reshape:OpId_27 (cycles)
299877144216,EXECUTE,0,CYCLES,BACKEND,SUB-EVENT,_MatMul_lhs_reshape:OpId_30 (cycles)
299877144216,EXECUTE,0,CYCLES,BACKEND,SUB-EVENT,_MatMul_lhs_cast_fp16:OpId_31 (cycles)
299877144216,EXECUTE,7772,CYCLES,BACKEND,SUB-EVENT,_MatMul_pack_lhs_q13:OpId_32 (cycles)
299877144216,EXECUTE,885,CYCLES,BACKEND,SUB-EVENT,_MatMul_rhs_cast_fp16:OpId_33 (cycles)
299877144216,EXECUTE,1337396,CYCLES,BACKEND,SUB-EVENT,_MatMul:OpId_34 (cycles)
299877144216,EXECUTE,0,CYCLES,BACKEND,SUB-EVENT,_MatMul_output_reshape:OpId_35 (cycles)
299877144216,EXECUTE,2102,CYCLES,BACKEND,SUB-EVENT,_MatMul_post_reshape:OpId_36 (cycles)
299877144216,EXECUTE,2207,CYCLES,BACKEND,SUB-EVENT,_Transpose:OpId_38 (cycles)
299877144216,EXECUTE,0,CYCLES,BACKEND,SUB-EVENT,_MatMul_1:OpId_41 (cycles)
299877144216,EXECUTE,0,CYCLES,BACKEND,SUB-EVENT,_MatMul_1_post_reshape:OpId_43 (cycles)
299877144216,EXECUTE,3392,CYCLES,BACKEND,SUB-EVENT,_Transpose_1:OpId_45 (cycles)
299877144216,EXECUTE,0,CYCLES,BACKEND,SUB-EVENT,_MatMul_2:OpId_48 (cycles)
299877144216,EXECUTE,0,CYCLES,BACKEND,SUB-EVENT,_MatMul_2_post_reshape:OpId_50 (cycles)
299877144216,EXECUTE,6869,CYCLES,BACKEND,SUB-EVENT,_Transpose_2:OpId_52 (cycles)
299877144216,EXECUTE,0,CYCLES,BACKEND,SUB-EVENT,_Slice:OpId_54 (cycles)
299877144216,EXECUTE,644,CYCLES,BACKEND,SUB-EVENT,_Slice_1:OpId_60 (cycles)
299877144216,EXECUTE,7207,CYCLES,BACKEND,SUB-EVENT,_Mul_3:OpId_66 (cycles)
299877144216,EXECUTE,5751,CYCLES,BACKEND,SUB-EVENT,_Mul_4:OpId_69 (cycles)
299877144216,EXECUTE,837,CYCLES,BACKEND,SUB-EVENT,_Sub:OpId_71 (cycles)
299877144216,EXECUTE,5070,CYCLES,BACKEND,SUB-EVENT,_Mul_5:OpId_73 (cycles)
299877144216,EXECUTE,6882,CYCLES,BACKEND,SUB-EVENT,_Mul_6:OpId_75 (cycles)
299877144216,EXECUTE,721,CYCLES,BACKEND,SUB-EVENT,_Add_4:OpId_77 (cycles)
299877144216,EXECUTE,1180,CYCLES,BACKEND,SUB-EVENT,_Concat:OpId_79 (cycles)
299877144216,EXECUTE,0,CYCLES,BACKEND,SUB-EVENT,_Slice_2:OpId_82 (cycles)
299877144216,EXECUTE,1158,CYCLES,BACKEND,SUB-EVENT,_Slice_3:OpId_88 (cycles)
299877144216,EXECUTE,7707,CYCLES,BACKEND,SUB-EVENT,_Mul_7:OpId_93 (cycles)
299877144216,EXECUTE,6585,CYCLES,BACKEND,SUB-EVENT,_Mul_8:OpId_95 (cycles)
299877144216,EXECUTE,1187,CYCLES,BACKEND,SUB-EVENT,_Sub_1:OpId_97 (cycles)
299877144216,EXECUTE,6514,CYCLES,BACKEND,SUB-EVENT,_Mul_9:OpId_99 (cycles)
299877144216,EXECUTE,7682,CYCLES,BACKEND,SUB-EVENT,_Mul_10:OpId_101 (cycles)
299877144216,EXECUTE,1089,CYCLES,BACKEND,SUB-EVENT,_Add_5:OpId_103 (cycles)
299877144216,EXECUTE,2131,CYCLES,BACKEND,SUB-EVENT,_Concat_1:OpId_105 (cycles)
299877144216,EXECUTE,0,CYCLES,BACKEND,SUB-EVENT,_Unsqueeze_4:OpId_107 (cycles)
299877144216,EXECUTE,2090,CYCLES,BACKEND,SUB-EVENT,_Tile:OpId_109 (cycles)
299877144216,EXECUTE,0,CYCLES,BACKEND,SUB-EVENT,_Reshape_3:OpId_110 (cycles)
299877144216,EXECUTE,0,CYCLES,BACKEND,SUB-EVENT,_Unsqueeze_5:OpId_111 (cycles)
299877144216,EXECUTE,2898,CYCLES,BACKEND,SUB-EVENT,_Tile_1:OpId_113 (cycles)
299877144216,EXECUTE,0,CYCLES,BACKEND,SUB-EVENT,_Reshape_4:OpId_114 (cycles)
299877144216,EXECUTE,0,CYCLES,BACKEND,SUB-EVENT,_Transpose_3:OpId_116 (cycles)
299877144216,EXECUTE,54251,CYCLES,BACKEND,SUB-EVENT,_MatMul_3:OpId_117 (cycles)
299877144216,EXECUTE,23124,CYCLES,BACKEND,SUB-EVENT,_Mul_11:OpId_122 (cycles)
299877144216,EXECUTE,0,CYCLES,BACKEND,SUB-EVENT,_Unsqueeze_7_output_0_cast_to_bool:OpId_125 (cycles)
299877144216,EXECUTE,23083,CYCLES,BACKEND,SUB-EVENT,_Where:OpId_127 (cycles)
299877144216,EXECUTE,19198,CYCLES,BACKEND,SUB-EVENT,_Softmax:OpId_128 (cycles)
299877144216,EXECUTE,14687,CYCLES,BACKEND,SUB-EVENT,_MatMul_4:OpId_131 (cycles)
299877144216,EXECUTE,0,CYCLES,BACKEND,SUB-EVENT,_Transpose_4:OpId_136 (cycles)
299877144216,EXECUTE,0,CYCLES,BACKEND,SUB-EVENT,_Reshape_5:OpId_137 (cycles)
299877144216,EXECUTE,3099,CYCLES,BACKEND,SUB-EVENT,_MatMul_5:OpId_139 (cycles)
299877144216,EXECUTE,0,CYCLES,BACKEND,SUB-EVENT,_MatMul_5_post_reshape:OpId_142 (cycles)
299877144216,EXECUTE,0,CYCLES,BACKEND,SUB-EVENT,_MatMul_5_output_0_nfc:OpId_144 (cycles)
299877144216,EXECUTE,1089,CYCLES,BACKEND,SUB-EVENT,_Add_6:OpId_146 (cycles)
299877144216,EXECUTE,0,CYCLES,BACKEND,SUB-EVENT,_Add_6_output_0_ncf:OpId_149 (cycles)
299877144216,EXECUTE,5700,CYCLES,BACKEND,SUB-EVENT,rms_norm__Mul_14_output_0:OpId_154 (cycles)
299877144216,EXECUTE,0,CYCLES,BACKEND,SUB-EVENT,_MatMul_7_pre_reshape:OpId_157 (cycles)
299877144216,EXECUTE,0,CYCLES,BACKEND,SUB-EVENT,_MatMul_6_pre_reshape:OpId_158 (cycles)
299877144216,EXECUTE,2568,CYCLES,BACKEND,SUB-EVENT,_MatMul_6:OpId_160 (cycles)
299877144216,EXECUTE,0,CYCLES,BACKEND,SUB-EVENT,_MatMul_6_post_reshape:OpId_163 (cycles)
299877144216,EXECUTE,0,CYCLES,BACKEND,SUB-EVENT,_Sigmoid:OpId_164 (cycles)
299877144216,EXECUTE,42458,CYCLES,BACKEND,SUB-EVENT,_Mul_15:OpId_171 (cycles)
299877144216,EXECUTE,6073,CYCLES,BACKEND,SUB-EVENT,_MatMul_7:OpId_174 (cycles)
299877144216,EXECUTE,0,CYCLES,BACKEND,SUB-EVENT,_MatMul_7_post_reshape:OpId_177 (cycles)
299877144216,EXECUTE,27704,CYCLES,BACKEND,SUB-EVENT,_Mul_16:OpId_178 (cycles)
299877144216,EXECUTE,0,CYCLES,BACKEND,SUB-EVENT,_MatMul_8_pre_reshape:OpId_180 (cycles)
299877144216,EXECUTE,2273,CYCLES,BACKEND,SUB-EVENT,_MatMul_8:OpId_182 (cycles)
299877144216,EXECUTE,0,CYCLES,BACKEND,SUB-EVENT,_MatMul_8_post_reshape:OpId_185 (cycles)
299877144216,EXECUTE,0,CYCLES,BACKEND,SUB-EVENT,_MatMul_8_output_0_nfc:OpId_187 (cycles)
299877144216,EXECUTE,2717,CYCLES,BACKEND,SUB-EVENT,_Add_8:OpId_189 (cycles)
299877144216,EXECUTE,4230,CYCLES,BACKEND,SUB-EVENT,hidden_out_ncf:OpId_192 (cycles)
299877144216,EXECUTE,7019,CYCLES,BACKEND,SUB-EVENT,Output OpId_3 (cycles)
299877144216,EXECUTE,6141,US,BACKEND,ROOT,Accelerator (execute) time
299877144216,EXECUTE,4336,US,BACKEND,ROOT,Accelerator (execute excluding wait) time
299877144216,EXECUTE,10714,US,BACKEND,ROOT,QNN (execute) time
299877159159,EXECUTE,10709,US,NETRUN,ROOT,Graph 0: tiny_block_prefill
299877159159,EXECUTE,4,COUNT,BACKEND,ROOT,Number of HVX threads used
299877159159,EXECUTE,10235,US,BACKEND,ROOT,RPC (execute) time
299877159159,EXECUTE,8014,US,BACKEND,ROOT,QNN accelerator (execute) time
299877159159,EXECUTE,0,COUNT,BACKEND,ROOT,Num times yield occured
299877159159,EXECUTE,7164,US,BACKEND,ROOT,Time for initial VTCM acquire
299877159159,EXECUTE,4838,US,BACKEND,ROOT,Time for HVX + HMX power on and acquire
299877159159,EXECUTE,1711790,CYCLES,BACKEND,ROOT,Accelerator (execute) time (cycles)
299877159159,EXECUTE,538,CYCLES,BACKEND,SUB-EVENT,Input OpId_2 (cycles)
299877159159,EXECUTE,0,CYCLES,BACKEND,SUB-EVENT,hidden_states_nfc:OpId_17 (cycles)
299877159159,EXECUTE,14659,CYCLES,BACKEND,SUB-EVENT,rms_norm__Mul_2_output_0:OpId_22 (cycles)
299877159159,EXECUTE,0,CYCLES,BACKEND,SUB-EVENT,_MatMul_2_pre_reshape:OpId_25 (cycles)
299877159159,EXECUTE,0,CYCLES,BACKEND,SUB-EVENT,_MatMul_1_pre_reshape:OpId_26 (cycles)
299877159159,EXECUTE,0,CYCLES,BACKEND,SUB-EVENT,_MatMul_pre_reshape:OpId_27 (cycles)
299877159159,EXECUTE,0,CYCLES,BACKEND,SUB-EVENT,_MatMul_lhs_reshape:OpId_30 (cycles)
299877159159,EXECUTE,0,CYCLES,BACKEND,SUB-EVENT,_MatMul_lhs_cast_fp16:OpId_31 (cycles)
299877159159,EXECUTE,8453,CYCLES,BACKEND,SUB-EVENT,_MatMul_pack_lhs_q13:OpId_32 (cycles)
299877159159,EXECUTE,848,CYCLES,BACKEND,SUB-EVENT,_MatMul_rhs_cast_fp16:OpId_33 (cycles)
299877159159,EXECUTE,1338698,CYCLES,BACKEND,SUB-EVENT,_MatMul:OpId_34 (cycles)
299877159159,EXECUTE,0,CYCLES,BACKEND,SUB-EVENT,_MatMul_output_reshape:OpId_35 (cycles)
299877159159,EXECUTE,2069,CYCLES,BACKEND,SUB-EVENT,_MatMul_post_reshape:OpId_36 (cycles)
299877159159,EXECUTE,2171,CYCLES,BACKEND,SUB-EVENT,_Transpose:OpId_38 (cycles)
299877159159,EXECUTE,0,CYCLES,BACKEND,SUB-EVENT,_MatMul_1:OpId_41 (cycles)
299877159159,EXECUTE,0,CYCLES,BACKEND,SUB-EVENT,_MatMul_1_post_reshape:OpId_43 (cycles)
299877159159,EXECUTE,6088,CYCLES,BACKEND,SUB-EVENT,_Transpose_1:OpId_45 (cycles)
299877159159,EXECUTE,0,CYCLES,BACKEND,SUB-EVENT,_MatMul_2:OpId_48 (cycles)
299877159159,EXECUTE,0,CYCLES,BACKEND,SUB-EVENT,_MatMul_2_post_reshape:OpId_50 (cycles)
299877159159,EXECUTE,6424,CYCLES,BACKEND,SUB-EVENT,_Transpose_2:OpId_52 (cycles)
299877159159,EXECUTE,0,CYCLES,BACKEND,SUB-EVENT,_Slice:OpId_54 (cycles)
299877159159,EXECUTE,652,CYCLES,BACKEND,SUB-EVENT,_Slice_1:OpId_60 (cycles)
299877159159,EXECUTE,7109,CYCLES,BACKEND,SUB-EVENT,_Mul_3:OpId_66 (cycles)
299877159159,EXECUTE,5408,CYCLES,BACKEND,SUB-EVENT,_Mul_4:OpId_69 (cycles)
299877159159,EXECUTE,801,CYCLES,BACKEND,SUB-EVENT,_Sub:OpId_71 (cycles)
299877159159,EXECUTE,4579,CYCLES,BACKEND,SUB-EVENT,_Mul_5:OpId_73 (cycles)
299877159159,EXECUTE,6606,CYCLES,BACKEND,SUB-EVENT,_Mul_6:OpId_75 (cycles)
299877159159,EXECUTE,1041,CYCLES,BACKEND,SUB-EVENT,_Add_4:OpId_77 (cycles)
299877159159,EXECUTE,1160,CYCLES,BACKEND,SUB-EVENT,_Concat:OpId_79 (cycles)
299877159159,EXECUTE,0,CYCLES,BACKEND,SUB-EVENT,_Slice_2:OpId_82 (cycles)
299877159159,EXECUTE,1173,CYCLES,BACKEND,SUB-EVENT,_Slice_3:OpId_88 (cycles)
299877159159,EXECUTE,7923,CYCLES,BACKEND,SUB-EVENT,_Mul_7:OpId_93 (cycles)
299877159159,EXECUTE,6717,CYCLES,BACKEND,SUB-EVENT,_Mul_8:OpId_95 (cycles)
299877159159,EXECUTE,1121,CYCLES,BACKEND,SUB-EVENT,_Sub_1:OpId_97 (cycles)
299877159159,EXECUTE,6680,CYCLES,BACKEND,SUB-EVENT,_Mul_9:OpId_99 (cycles)
299877159159,EXECUTE,7884,CYCLES,BACKEND,SUB-EVENT,_Mul_10:OpId_101 (cycles)
299877159159,EXECUTE,1176,CYCLES,BACKEND,SUB-EVENT,_Add_5:OpId_103 (cycles)
299877159159,EXECUTE,2644,CYCLES,BACKEND,SUB-EVENT,_Concat_1:OpId_105 (cycles)
299877159159,EXECUTE,0,CYCLES,BACKEND,SUB-EVENT,_Unsqueeze_4:OpId_107 (cycles)
299877159159,EXECUTE,2085,CYCLES,BACKEND,SUB-EVENT,_Tile:OpId_109 (cycles)
299877159159,EXECUTE,0,CYCLES,BACKEND,SUB-EVENT,_Reshape_3:OpId_110 (cycles)
299877159159,EXECUTE,0,CYCLES,BACKEND,SUB-EVENT,_Unsqueeze_5:OpId_111 (cycles)
299877159159,EXECUTE,2192,CYCLES,BACKEND,SUB-EVENT,_Tile_1:OpId_113 (cycles)
299877159159,EXECUTE,0,CYCLES,BACKEND,SUB-EVENT,_Reshape_4:OpId_114 (cycles)
299877159159,EXECUTE,0,CYCLES,BACKEND,SUB-EVENT,_Transpose_3:OpId_116 (cycles)
299877159159,EXECUTE,68656,CYCLES,BACKEND,SUB-EVENT,_MatMul_3:OpId_117 (cycles)
299877159159,EXECUTE,30795,CYCLES,BACKEND,SUB-EVENT,_Mul_11:OpId_122 (cycles)
299877159159,EXECUTE,0,CYCLES,BACKEND,SUB-EVENT,_Unsqueeze_7_output_0_cast_to_bool:OpId_125 (cycles)
299877159159,EXECUTE,23462,CYCLES,BACKEND,SUB-EVENT,_Where:OpId_127 (cycles)
299877159159,EXECUTE,18390,CYCLES,BACKEND,SUB-EVENT,_Softmax:OpId_128 (cycles)
299877159159,EXECUTE,16048,CYCLES,BACKEND,SUB-EVENT,_MatMul_4:OpId_131 (cycles)
299877159159,EXECUTE,0,CYCLES,BACKEND,SUB-EVENT,_Transpose_4:OpId_136 (cycles)
299877159159,EXECUTE,0,CYCLES,BACKEND,SUB-EVENT,_Reshape_5:OpId_137 (cycles)
299877159159,EXECUTE,3322,CYCLES,BACKEND,SUB-EVENT,_MatMul_5:OpId_139 (cycles)
299877159159,EXECUTE,0,CYCLES,BACKEND,SUB-EVENT,_MatMul_5_post_reshape:OpId_142 (cycles)
299877159159,EXECUTE,0,CYCLES,BACKEND,SUB-EVENT,_MatMul_5_output_0_nfc:OpId_144 (cycles)
299877159159,EXECUTE,1118,CYCLES,BACKEND,SUB-EVENT,_Add_6:OpId_146 (cycles)
299877159159,EXECUTE,0,CYCLES,BACKEND,SUB-EVENT,_Add_6_output_0_ncf:OpId_149 (cycles)
299877159159,EXECUTE,5724,CYCLES,BACKEND,SUB-EVENT,rms_norm__Mul_14_output_0:OpId_154 (cycles)
299877159159,EXECUTE,0,CYCLES,BACKEND,SUB-EVENT,_MatMul_7_pre_reshape:OpId_157 (cycles)
299877159159,EXECUTE,0,CYCLES,BACKEND,SUB-EVENT,_MatMul_6_pre_reshape:OpId_158 (cycles)
299877159159,EXECUTE,2569,CYCLES,BACKEND,SUB-EVENT,_MatMul_6:OpId_160 (cycles)
299877159159,EXECUTE,0,CYCLES,BACKEND,SUB-EVENT,_MatMul_6_post_reshape:OpId_163 (cycles)
299877159159,EXECUTE,0,CYCLES,BACKEND,SUB-EVENT,_Sigmoid:OpId_164 (cycles)
299877159159,EXECUTE,45111,CYCLES,BACKEND,SUB-EVENT,_Mul_15:OpId_171 (cycles)
299877159159,EXECUTE,4104,CYCLES,BACKEND,SUB-EVENT,_MatMul_7:OpId_174 (cycles)
299877159159,EXECUTE,0,CYCLES,BACKEND,SUB-EVENT,_MatMul_7_post_reshape:OpId_177 (cycles)
299877159159,EXECUTE,26247,CYCLES,BACKEND,SUB-EVENT,_Mul_16:OpId_178 (cycles)
299877159159,EXECUTE,0,CYCLES,BACKEND,SUB-EVENT,_MatMul_8_pre_reshape:OpId_180 (cycles)
299877159159,EXECUTE,2208,CYCLES,BACKEND,SUB-EVENT,_MatMul_8:OpId_182 (cycles)
299877159159,EXECUTE,0,CYCLES,BACKEND,SUB-EVENT,_MatMul_8_post_reshape:OpId_185 (cycles)
299877159159,EXECUTE,0,CYCLES,BACKEND,SUB-EVENT,_MatMul_8_output_0_nfc:OpId_187 (cycles)
299877159159,EXECUTE,2683,CYCLES,BACKEND,SUB-EVENT,_Add_8:OpId_189 (cycles)
299877159159,EXECUTE,6609,CYCLES,BACKEND,SUB-EVENT,hidden_out_ncf:OpId_192 (cycles)
299877159159,EXECUTE,7845,CYCLES,BACKEND,SUB-EVENT,Output OpId_3 (cycles)
299877159159,EXECUTE,6159,US,BACKEND,ROOT,Accelerator (execute) time
299877159159,EXECUTE,4351,US,BACKEND,ROOT,Accelerator (execute excluding wait) time
299877159159,EXECUTE,10661,US,BACKEND,ROOT,QNN (execute) time
299877174433,EXECUTE,10764,US,NETRUN,ROOT,Graph 0: tiny_block_prefill
299877174433,EXECUTE,4,COUNT,BACKEND,ROOT,Number of HVX threads used
299877174433,EXECUTE,10182,US,BACKEND,ROOT,RPC (execute) time
299877174433,EXECUTE,7950,US,BACKEND,ROOT,QNN accelerator (execute) time
299877174433,EXECUTE,0,COUNT,BACKEND,ROOT,Num times yield occured
299877174433,EXECUTE,7136,US,BACKEND,ROOT,Time for initial VTCM acquire
299877174433,EXECUTE,4781,US,BACKEND,ROOT,Time for HVX + HMX power on and acquire
299877174433,EXECUTE,1699581,CYCLES,BACKEND,ROOT,Accelerator (execute) time (cycles)
299877174433,EXECUTE,479,CYCLES,BACKEND,SUB-EVENT,Input OpId_2 (cycles)
299877174433,EXECUTE,0,CYCLES,BACKEND,SUB-EVENT,hidden_states_nfc:OpId_17 (cycles)
299877174433,EXECUTE,15252,CYCLES,BACKEND,SUB-EVENT,rms_norm__Mul_2_output_0:OpId_22 (cycles)
299877174433,EXECUTE,0,CYCLES,BACKEND,SUB-EVENT,_MatMul_2_pre_reshape:OpId_25 (cycles)
299877174433,EXECUTE,0,CYCLES,BACKEND,SUB-EVENT,_MatMul_1_pre_reshape:OpId_26 (cycles)
299877174433,EXECUTE,0,CYCLES,BACKEND,SUB-EVENT,_MatMul_pre_reshape:OpId_27 (cycles)
299877174433,EXECUTE,0,CYCLES,BACKEND,SUB-EVENT,_MatMul_lhs_reshape:OpId_30 (cycles)
299877174433,EXECUTE,0,CYCLES,BACKEND,SUB-EVENT,_MatMul_lhs_cast_fp16:OpId_31 (cycles)
299877174433,EXECUTE,10177,CYCLES,BACKEND,SUB-EVENT,_MatMul_pack_lhs_q13:OpId_32 (cycles)
299877174433,EXECUTE,712,CYCLES,BACKEND,SUB-EVENT,_MatMul_rhs_cast_fp16:OpId_33 (cycles)
299877174433,EXECUTE,1339927,CYCLES,BACKEND,SUB-EVENT,_MatMul:OpId_34 (cycles)
299877174433,EXECUTE,0,CYCLES,BACKEND,SUB-EVENT,_MatMul_output_reshape:OpId_35 (cycles)
299877174433,EXECUTE,2100,CYCLES,BACKEND,SUB-EVENT,_MatMul_post_reshape:OpId_36 (cycles)
299877174433,EXECUTE,2125,CYCLES,BACKEND,SUB-EVENT,_Transpose:OpId_38 (cycles)
299877174433,EXECUTE,0,CYCLES,BACKEND,SUB-EVENT,_MatMul_1:OpId_41 (cycles)
299877174433,EXECUTE,0,CYCLES,BACKEND,SUB-EVENT,_MatMul_1_post_reshape:OpId_43 (cycles)
299877174433,EXECUTE,3861,CYCLES,BACKEND,SUB-EVENT,_Transpose_1:OpId_45 (cycles)
299877174433,EXECUTE,0,CYCLES,BACKEND,SUB-EVENT,_MatMul_2:OpId_48 (cycles)
299877174433,EXECUTE,0,CYCLES,BACKEND,SUB-EVENT,_MatMul_2_post_reshape:OpId_50 (cycles)
299877174433,EXECUTE,5659,CYCLES,BACKEND,SUB-EVENT,_Transpose_2:OpId_52 (cycles)
299877174433,EXECUTE,0,CYCLES,BACKEND,SUB-EVENT,_Slice:OpId_54 (cycles)
299877174433,EXECUTE,647,CYCLES,BACKEND,SUB-EVENT,_Slice_1:OpId_60 (cycles)
299877174433,EXECUTE,6974,CYCLES,BACKEND,SUB-EVENT,_Mul_3:OpId_66 (cycles)
299877174433,EXECUTE,5173,CYCLES,BACKEND,SUB-EVENT,_Mul_4:OpId_69 (cycles)
299877174433,EXECUTE,820,CYCLES,BACKEND,SUB-EVENT,_Sub:OpId_71 (cycles)
299877174433,EXECUTE,4527,CYCLES,BACKEND,SUB-EVENT,_Mul_5:OpId_73 (cycles)
299877174433,EXECUTE,6368,CYCLES,BACKEND,SUB-EVENT,_Mul_6:OpId_75 (cycles)
299877174433,EXECUTE,968,CYCLES,BACKEND,SUB-EVENT,_Add_4:OpId_77 (cycles)
299877174433,EXECUTE,1147,CYCLES,BACKEND,SUB-EVENT,_Concat:OpId_79 (cycles)
299877174433,EXECUTE,0,CYCLES,BACKEND,SUB-EVENT,_Slice_2:OpId_82 (cycles)
299877174433,EXECUTE,1350,CYCLES,BACKEND,SUB-EVENT,_Slice_3:OpId_88 (cycles)
299877174433,EXECUTE,7968,CYCLES,BACKEND,SUB-EVENT,_Mul_7:OpId_93 (cycles)
299877174433,EXECUTE,6608,CYCLES,BACKEND,SUB-EVENT,_Mul_8:OpId_95 (cycles)
299877174433,EXECUTE,1132,CYCLES,BACKEND,SUB-EVENT,_Sub_1:OpId_97 (cycles)
299877174433,EXECUTE,6352,CYCLES,BACKEND,SUB-EVENT,_Mul_9:OpId_99 (cycles)
299877174433,EXECUTE,8125,CYCLES,BACKEND,SUB-EVENT,_Mul_10:OpId_101 (cycles)
299877174433,EXECUTE,1185,CYCLES,BACKEND,SUB-EVENT,_Add_5:OpId_103 (cycles)
299877174433,EXECUTE,2666,CYCLES,BACKEND,SUB-EVENT,_Concat_1:OpId_105 (cycles)
299877174433,EXECUTE,0,CYCLES,BACKEND,SUB-EVENT,_Unsqueeze_4:OpId_107 (cycles)
299877174433,EXECUTE,2160,CYCLES,BACKEND,SUB-EVENT,_Tile:OpId_109 (cycles)
299877174433,EXECUTE,0,CYCLES,BACKEND,SUB-EVENT,_Reshape_3:OpId_110 (cycles)
299877174433,EXECUTE,0,CYCLES,BACKEND,SUB-EVENT,_Unsqueeze_5:OpId_111 (cycles)
299877174433,EXECUTE,1928,CYCLES,BACKEND,SUB-EVENT,_Tile_1:OpId_113 (cycles)
299877174433,EXECUTE,0,CYCLES,BACKEND,SUB-EVENT,_Reshape_4:OpId_114 (cycles)
299877174433,EXECUTE,0,CYCLES,BACKEND,SUB-EVENT,_Transpose_3:OpId_116 (cycles)
299877174433,EXECUTE,65139,CYCLES,BACKEND,SUB-EVENT,_MatMul_3:OpId_117 (cycles)
299877174433,EXECUTE,22065,CYCLES,BACKEND,SUB-EVENT,_Mul_11:OpId_122 (cycles)
299877174433,EXECUTE,0,CYCLES,BACKEND,SUB-EVENT,_Unsqueeze_7_output_0_cast_to_bool:OpId_125 (cycles)
299877174433,EXECUTE,24552,CYCLES,BACKEND,SUB-EVENT,_Where:OpId_127 (cycles)
299877174433,EXECUTE,18175,CYCLES,BACKEND,SUB-EVENT,_Softmax:OpId_128 (cycles)
299877174433,EXECUTE,14242,CYCLES,BACKEND,SUB-EVENT,_MatMul_4:OpId_131 (cycles)
299877174433,EXECUTE,0,CYCLES,BACKEND,SUB-EVENT,_Transpose_4:OpId_136 (cycles)
299877174433,EXECUTE,0,CYCLES,BACKEND,SUB-EVENT,_Reshape_5:OpId_137 (cycles)
299877174433,EXECUTE,3344,CYCLES,BACKEND,SUB-EVENT,_MatMul_5:OpId_139 (cycles)
299877174433,EXECUTE,0,CYCLES,BACKEND,SUB-EVENT,_MatMul_5_post_reshape:OpId_142 (cycles)
299877174433,EXECUTE,0,CYCLES,BACKEND,SUB-EVENT,_MatMul_5_output_0_nfc:OpId_144 (cycles)
299877174433,EXECUTE,1099,CYCLES,BACKEND,SUB-EVENT,_Add_6:OpId_146 (cycles)
299877174433,EXECUTE,0,CYCLES,BACKEND,SUB-EVENT,_Add_6_output_0_ncf:OpId_149 (cycles)
299877174433,EXECUTE,5678,CYCLES,BACKEND,SUB-EVENT,rms_norm__Mul_14_output_0:OpId_154 (cycles)
299877174433,EXECUTE,0,CYCLES,BACKEND,SUB-EVENT,_MatMul_7_pre_reshape:OpId_157 (cycles)
299877174433,EXECUTE,0,CYCLES,BACKEND,SUB-EVENT,_MatMul_6_pre_reshape:OpId_158 (cycles)
299877174433,EXECUTE,2578,CYCLES,BACKEND,SUB-EVENT,_MatMul_6:OpId_160 (cycles)
299877174433,EXECUTE,0,CYCLES,BACKEND,SUB-EVENT,_MatMul_6_post_reshape:OpId_163 (cycles)
299877174433,EXECUTE,0,CYCLES,BACKEND,SUB-EVENT,_Sigmoid:OpId_164 (cycles)
299877174433,EXECUTE,41597,CYCLES,BACKEND,SUB-EVENT,_Mul_15:OpId_171 (cycles)
299877174433,EXECUTE,5532,CYCLES,BACKEND,SUB-EVENT,_MatMul_7:OpId_174 (cycles)
299877174433,EXECUTE,0,CYCLES,BACKEND,SUB-EVENT,_MatMul_7_post_reshape:OpId_177 (cycles)
299877174433,EXECUTE,26467,CYCLES,BACKEND,SUB-EVENT,_Mul_16:OpId_178 (cycles)
299877174433,EXECUTE,0,CYCLES,BACKEND,SUB-EVENT,_MatMul_8_pre_reshape:OpId_180 (cycles)
299877174433,EXECUTE,2223,CYCLES,BACKEND,SUB-EVENT,_MatMul_8:OpId_182 (cycles)
299877174433,EXECUTE,0,CYCLES,BACKEND,SUB-EVENT,_MatMul_8_post_reshape:OpId_185 (cycles)
299877174433,EXECUTE,0,CYCLES,BACKEND,SUB-EVENT,_MatMul_8_output_0_nfc:OpId_187 (cycles)
299877174433,EXECUTE,2726,CYCLES,BACKEND,SUB-EVENT,_Add_8:OpId_189 (cycles)
299877174433,EXECUTE,9841,CYCLES,BACKEND,SUB-EVENT,hidden_out_ncf:OpId_192 (cycles)
299877174433,EXECUTE,7933,CYCLES,BACKEND,SUB-EVENT,Output OpId_3 (cycles)
299877174433,EXECUTE,6170,US,BACKEND,ROOT,Accelerator (execute) time
299877174433,EXECUTE,4330,US,BACKEND,ROOT,Accelerator (execute excluding wait) time
299877174433,EXECUTE,10713,US,BACKEND,ROOT,QNN (execute) time
299877189606,EXECUTE,10692,US,NETRUN,ROOT,Graph 0: tiny_block_prefill
299877189606,EXECUTE,4,COUNT,BACKEND,ROOT,Number of HVX threads used
299877189606,EXECUTE,10209,US,BACKEND,ROOT,RPC (execute) time
299877189606,EXECUTE,7971,US,BACKEND,ROOT,QNN accelerator (execute) time
299877189606,EXECUTE,0,COUNT,BACKEND,ROOT,Num times yield occured
299877189606,EXECUTE,7725,US,BACKEND,ROOT,Time for initial VTCM acquire
299877189606,EXECUTE,4961,US,BACKEND,ROOT,Time for HVX + HMX power on and acquire
299877189606,EXECUTE,1682834,CYCLES,BACKEND,ROOT,Accelerator (execute) time (cycles)
299877189606,EXECUTE,1053,CYCLES,BACKEND,SUB-EVENT,Input OpId_2 (cycles)
299877189606,EXECUTE,0,CYCLES,BACKEND,SUB-EVENT,hidden_states_nfc:OpId_17 (cycles)
299877189606,EXECUTE,14675,CYCLES,BACKEND,SUB-EVENT,rms_norm__Mul_2_output_0:OpId_22 (cycles)
299877189606,EXECUTE,0,CYCLES,BACKEND,SUB-EVENT,_MatMul_2_pre_reshape:OpId_25 (cycles)
299877189606,EXECUTE,0,CYCLES,BACKEND,SUB-EVENT,_MatMul_1_pre_reshape:OpId_26 (cycles)
299877189606,EXECUTE,0,CYCLES,BACKEND,SUB-EVENT,_MatMul_pre_reshape:OpId_27 (cycles)
299877189606,EXECUTE,0,CYCLES,BACKEND,SUB-EVENT,_MatMul_lhs_reshape:OpId_30 (cycles)
299877189606,EXECUTE,0,CYCLES,BACKEND,SUB-EVENT,_MatMul_lhs_cast_fp16:OpId_31 (cycles)
299877189606,EXECUTE,8044,CYCLES,BACKEND,SUB-EVENT,_MatMul_pack_lhs_q13:OpId_32 (cycles)
299877189606,EXECUTE,853,CYCLES,BACKEND,SUB-EVENT,_MatMul_rhs_cast_fp16:OpId_33 (cycles)
299877189606,EXECUTE,1336653,CYCLES,BACKEND,SUB-EVENT,_MatMul:OpId_34 (cycles)
299877189606,EXECUTE,0,CYCLES,BACKEND,SUB-EVENT,_MatMul_output_reshape:OpId_35 (cycles)
299877189606,EXECUTE,2097,CYCLES,BACKEND,SUB-EVENT,_MatMul_post_reshape:OpId_36 (cycles)
299877189606,EXECUTE,2189,CYCLES,BACKEND,SUB-EVENT,_Transpose:OpId_38 (cycles)
299877189606,EXECUTE,0,CYCLES,BACKEND,SUB-EVENT,_MatMul_1:OpId_41 (cycles)
299877189606,EXECUTE,0,CYCLES,BACKEND,SUB-EVENT,_MatMul_1_post_reshape:OpId_43 (cycles)
299877189606,EXECUTE,2905,CYCLES,BACKEND,SUB-EVENT,_Transpose_1:OpId_45 (cycles)
299877189606,EXECUTE,0,CYCLES,BACKEND,SUB-EVENT,_MatMul_2:OpId_48 (cycles)
299877189606,EXECUTE,0,CYCLES,BACKEND,SUB-EVENT,_MatMul_2_post_reshape:OpId_50 (cycles)
299877189606,EXECUTE,5466,CYCLES,BACKEND,SUB-EVENT,_Transpose_2:OpId_52 (cycles)
299877189606,EXECUTE,0,CYCLES,BACKEND,SUB-EVENT,_Slice:OpId_54 (cycles)
299877189606,EXECUTE,630,CYCLES,BACKEND,SUB-EVENT,_Slice_1:OpId_60 (cycles)
299877189606,EXECUTE,6633,CYCLES,BACKEND,SUB-EVENT,_Mul_3:OpId_66 (cycles)
299877189606,EXECUTE,5429,CYCLES,BACKEND,SUB-EVENT,_Mul_4:OpId_69 (cycles)
299877189606,EXECUTE,819,CYCLES,BACKEND,SUB-EVENT,_Sub:OpId_71 (cycles)
299877189606,EXECUTE,4815,CYCLES,BACKEND,SUB-EVENT,_Mul_5:OpId_73 (cycles)
299877189606,EXECUTE,6063,CYCLES,BACKEND,SUB-EVENT,_Mul_6:OpId_75 (cycles)
299877189606,EXECUTE,741,CYCLES,BACKEND,SUB-EVENT,_Add_4:OpId_77 (cycles)
299877189606,EXECUTE,1305,CYCLES,BACKEND,SUB-EVENT,_Concat:OpId_79 (cycles)
299877189606,EXECUTE,0,CYCLES,BACKEND,SUB-EVENT,_Slice_2:OpId_82 (cycles)
299877189606,EXECUTE,1165,CYCLES,BACKEND,SUB-EVENT,_Slice_3:OpId_88 (cycles)
299877189606,EXECUTE,7012,CYCLES,BACKEND,SUB-EVENT,_Mul_7:OpId_93 (cycles)
299877189606,EXECUTE,5850,CYCLES,BACKEND,SUB-EVENT,_Mul_8:OpId_95 (cycles)
299877189606,EXECUTE,1128,CYCLES,BACKEND,SUB-EVENT,_Sub_1:OpId_97 (cycles)
299877189606,EXECUTE,5760,CYCLES,BACKEND,SUB-EVENT,_Mul_9:OpId_99 (cycles)
299877189606,EXECUTE,6985,CYCLES,BACKEND,SUB-EVENT,_Mul_10:OpId_101 (cycles)
299877189606,EXECUTE,631,CYCLES,BACKEND,SUB-EVENT,_Add_5:OpId_103 (cycles)
299877189606,EXECUTE,1901,CYCLES,BACKEND,SUB-EVENT,_Concat_1:OpId_105 (cycles)
299877189606,EXECUTE,0,CYCLES,BACKEND,SUB-EVENT,_Unsqueeze_4:OpId_107 (cycles)
299877189606,EXECUTE,1988,CYCLES,BACKEND,SUB-EVENT,_Tile:OpId_109 (cycles)
299877189606,EXECUTE,0,CYCLES,BACKEND,SUB-EVENT,_Reshape_3:OpId_110 (cycles)
299877189606,EXECUTE,0,CYCLES,BACKEND,SUB-EVENT,_Unsqueeze_5:OpId_111 (cycles)
299877189606,EXECUTE,2527,CYCLES,BACKEND,SUB-EVENT,_Tile_1:OpId_113 (cycles)
299877189606,EXECUTE,0,CYCLES,BACKEND,SUB-EVENT,_Reshape_4:OpId_114 (cycles)
299877189606,EXECUTE,0,CYCLES,BACKEND,SUB-EVENT,_Transpose_3:OpId_116 (cycles)
299877189606,EXECUTE,60171,CYCLES,BACKEND,SUB-EVENT,_MatMul_3:OpId_117 (cycles)
299877189606,EXECUTE,30919,CYCLES,BACKEND,SUB-EVENT,_Mul_11:OpId_122 (cycles)
299877189606,EXECUTE,0,CYCLES,BACKEND,SUB-EVENT,_Unsqueeze_7_output_0_cast_to_bool:OpId_125 (cycles)
299877189606,EXECUTE,23115,CYCLES,BACKEND,SUB-EVENT,_Where:OpId_127 (cycles)
299877189606,EXECUTE,17602,CYCLES,BACKEND,SUB-EVENT,_Softmax:OpId_128 (cycles)
299877189606,EXECUTE,12724,CYCLES,BACKEND,SUB-EVENT,_MatMul_4:OpId_131 (cycles)
299877189606,EXECUTE,0,CYCLES,BACKEND,SUB-EVENT,_Transpose_4:OpId_136 (cycles)
299877189606,EXECUTE,0,CYCLES,BACKEND,SUB-EVENT,_Reshape_5:OpId_137 (cycles)
299877189606,EXECUTE,4140,CYCLES,BACKEND,SUB-EVENT,_MatMul_5:OpId_139 (cycles)
299877189606,EXECUTE,0,CYCLES,BACKEND,SUB-EVENT,_MatMul_5_post_reshape:OpId_142 (cycles)
299877189606,EXECUTE,0,CYCLES,BACKEND,SUB-EVENT,_MatMul_5_output_0_nfc:OpId_144 (cycles)
299877189606,EXECUTE,1170,CYCLES,BACKEND,SUB-EVENT,_Add_6:OpId_146 (cycles)
299877189606,EXECUTE,0,CYCLES,BACKEND,SUB-EVENT,_Add_6_output_0_ncf:OpId_149 (cycles)
299877189606,EXECUTE,5673,CYCLES,BACKEND,SUB-EVENT,rms_norm__Mul_14_output_0:OpId_154 (cycles)
299877189606,EXECUTE,0,CYCLES,BACKEND,SUB-EVENT,_MatMul_7_pre_reshape:OpId_157 (cycles)
299877189606,EXECUTE,0,CYCLES,BACKEND,SUB-EVENT,_MatMul_6_pre_reshape:OpId_158 (cycles)
299877189606,EXECUTE,2570,CYCLES,BACKEND,SUB-EVENT,_MatMul_6:OpId_160 (cycles)
299877189606,EXECUTE,0,CYCLES,BACKEND,SUB-EVENT,_MatMul_6_post_reshape:OpId_163 (cycles)
299877189606,EXECUTE,0,CYCLES,BACKEND,SUB-EVENT,_Sigmoid:OpId_164 (cycles)
299877189606,EXECUTE,40490,CYCLES,BACKEND,SUB-EVENT,_Mul_15:OpId_171 (cycles)
299877189606,EXECUTE,5162,CYCLES,BACKEND,SUB-EVENT,_MatMul_7:OpId_174 (cycles)
299877189606,EXECUTE,0,CYCLES,BACKEND,SUB-EVENT,_MatMul_7_post_reshape:OpId_177 (cycles)
299877189606,EXECUTE,25672,CYCLES,BACKEND,SUB-EVENT,_Mul_16:OpId_178 (cycles)
299877189606,EXECUTE,0,CYCLES,BACKEND,SUB-EVENT,_MatMul_8_pre_reshape:OpId_180 (cycles)
299877189606,EXECUTE,2212,CYCLES,BACKEND,SUB-EVENT,_MatMul_8:OpId_182 (cycles)
299877189606,EXECUTE,0,CYCLES,BACKEND,SUB-EVENT,_MatMul_8_post_reshape:OpId_185 (cycles)
299877189606,EXECUTE,0,CYCLES,BACKEND,SUB-EVENT,_MatMul_8_output_0_nfc:OpId_187 (cycles)
299877189606,EXECUTE,2814,CYCLES,BACKEND,SUB-EVENT,_Add_8:OpId_189 (cycles)
299877189606,EXECUTE,6374,CYCLES,BACKEND,SUB-EVENT,hidden_out_ncf:OpId_192 (cycles)
299877189606,EXECUTE,6709,CYCLES,BACKEND,SUB-EVENT,Output OpId_3 (cycles)
299877189606,EXECUTE,6180,US,BACKEND,ROOT,Accelerator (execute) time
299877189606,EXECUTE,4317,US,BACKEND,ROOT,Accelerator (execute excluding wait) time
299877189606,EXECUTE,10643,US,BACKEND,ROOT,QNN (execute) time
299877206058,EXECUTE,10817,US,NETRUN,ROOT,Graph 0: tiny_block_prefill
299877206058,EXECUTE,4,COUNT,BACKEND,ROOT,Number of HVX threads used
299877206058,EXECUTE,10247,US,BACKEND,ROOT,RPC (execute) time
299877206058,EXECUTE,7952,US,BACKEND,ROOT,QNN accelerator (execute) time
299877206058,EXECUTE,0,COUNT,BACKEND,ROOT,Num times yield occured
299877206058,EXECUTE,7055,US,BACKEND,ROOT,Time for initial VTCM acquire
299877206058,EXECUTE,4693,US,BACKEND,ROOT,Time for HVX + HMX power on and acquire
299877206058,EXECUTE,1673208,CYCLES,BACKEND,ROOT,Accelerator (execute) time (cycles)
299877206058,EXECUTE,800,CYCLES,BACKEND,SUB-EVENT,Input OpId_2 (cycles)
299877206058,EXECUTE,0,CYCLES,BACKEND,SUB-EVENT,hidden_states_nfc:OpId_17 (cycles)
299877206058,EXECUTE,14821,CYCLES,BACKEND,SUB-EVENT,rms_norm__Mul_2_output_0:OpId_22 (cycles)
299877206058,EXECUTE,0,CYCLES,BACKEND,SUB-EVENT,_MatMul_2_pre_reshape:OpId_25 (cycles)
299877206058,EXECUTE,0,CYCLES,BACKEND,SUB-EVENT,_MatMul_1_pre_reshape:OpId_26 (cycles)
299877206058,EXECUTE,0,CYCLES,BACKEND,SUB-EVENT,_MatMul_pre_reshape:OpId_27 (cycles)
299877206058,EXECUTE,0,CYCLES,BACKEND,SUB-EVENT,_MatMul_lhs_reshape:OpId_30 (cycles)
299877206058,EXECUTE,0,CYCLES,BACKEND,SUB-EVENT,_MatMul_lhs_cast_fp16:OpId_31 (cycles)
299877206058,EXECUTE,7714,CYCLES,BACKEND,SUB-EVENT,_MatMul_pack_lhs_q13:OpId_32 (cycles)
299877206058,EXECUTE,837,CYCLES,BACKEND,SUB-EVENT,_MatMul_rhs_cast_fp16:OpId_33 (cycles)
299877206058,EXECUTE,1342512,CYCLES,BACKEND,SUB-EVENT,_MatMul:OpId_34 (cycles)
299877206058,EXECUTE,0,CYCLES,BACKEND,SUB-EVENT,_MatMul_output_reshape:OpId_35 (cycles)
299877206058,EXECUTE,2093,CYCLES,BACKEND,SUB-EVENT,_MatMul_post_reshape:OpId_36 (cycles)
299877206058,EXECUTE,1994,CYCLES,BACKEND,SUB-EVENT,_Transpose:OpId_38 (cycles)
299877206058,EXECUTE,0,CYCLES,BACKEND,SUB-EVENT,_MatMul_1:OpId_41 (cycles)
299877206058,EXECUTE,0,CYCLES,BACKEND,SUB-EVENT,_MatMul_1_post_reshape:OpId_43 (cycles)
299877206058,EXECUTE,4245,CYCLES,BACKEND,SUB-EVENT,_Transpose_1:OpId_45 (cycles)
299877206058,EXECUTE,0,CYCLES,BACKEND,SUB-EVENT,_MatMul_2:OpId_48 (cycles)
299877206058,EXECUTE,0,CYCLES,BACKEND,SUB-EVENT,_MatMul_2_post_reshape:OpId_50 (cycles)
299877206058,EXECUTE,5646,CYCLES,BACKEND,SUB-EVENT,_Transpose_2:OpId_52 (cycles)
299877206058,EXECUTE,0,CYCLES,BACKEND,SUB-EVENT,_Slice:OpId_54 (cycles)
299877206058,EXECUTE,631,CYCLES,BACKEND,SUB-EVENT,_Slice_1:OpId_60 (cycles)
299877206058,EXECUTE,7162,CYCLES,BACKEND,SUB-EVENT,_Mul_3:OpId_66 (cycles)
299877206058,EXECUTE,4946,CYCLES,BACKEND,SUB-EVENT,_Mul_4:OpId_69 (cycles)
299877206058,EXECUTE,831,CYCLES,BACKEND,SUB-EVENT,_Sub:OpId_71 (cycles)
299877206058,EXECUTE,4671,CYCLES,BACKEND,SUB-EVENT,_Mul_5:OpId_73 (cycles)
299877206058,EXECUTE,6368,CYCLES,BACKEND,SUB-EVENT,_Mul_6:OpId_75 (cycles)
299877206058,EXECUTE,2714,CYCLES,BACKEND,SUB-EVENT,_Add_4:OpId_77 (cycles)
299877206058,EXECUTE,1170,CYCLES,BACKEND,SUB-EVENT,_Concat:OpId_79 (cycles)
299877206058,EXECUTE,0,CYCLES,BACKEND,SUB-EVENT,_Slice_2:OpId_82 (cycles)
299877206058,EXECUTE,1413,CYCLES,BACKEND,SUB-EVENT,_Slice_3:OpId_88 (cycles)
299877206058,EXECUTE,7914,CYCLES,BACKEND,SUB-EVENT,_Mul_7:OpId_93 (cycles)
299877206058,EXECUTE,6502,CYCLES,BACKEND,SUB-EVENT,_Mul_8:OpId_95 (cycles)
299877206058,EXECUTE,1151,CYCLES,BACKEND,SUB-EVENT,_Sub_1:OpId_97 (cycles)
299877206058,EXECUTE,6435,CYCLES,BACKEND,SUB-EVENT,_Mul_9:OpId_99 (cycles)
299877206058,EXECUTE,7875,CYCLES,BACKEND,SUB-EVENT,_Mul_10:OpId_101 (cycles)
299877206058,EXECUTE,1381,CYCLES,BACKEND,SUB-EVENT,_Add_5:OpId_103 (cycles)
299877206058,EXECUTE,1881,CYCLES,BACKEND,SUB-EVENT,_Concat_1:OpId_105 (cycles)
299877206058,EXECUTE,0,CYCLES,BACKEND,SUB-EVENT,_Unsqueeze_4:OpId_107 (cycles)
299877206058,EXECUTE,2296,CYCLES,BACKEND,SUB-EVENT,_Tile:OpId_109 (cycles)
299877206058,EXECUTE,0,CYCLES,BACKEND,SUB-EVENT,_Reshape_3:OpId_110 (cycles)
299877206058,EXECUTE,0,CYCLES,BACKEND,SUB-EVENT,_Unsqueeze_5:OpId_111 (cycles)
299877206058,EXECUTE,1933,CYCLES,BACKEND,SUB-EVENT,_Tile_1:OpId_113 (cycles)
299877206058,EXECUTE,0,CYCLES,BACKEND,SUB-EVENT,_Reshape_4:OpId_114 (cycles)
299877206058,EXECUTE,0,CYCLES,BACKEND,SUB-EVENT,_Transpose_3:OpId_116 (cycles)
299877206058,EXECUTE,50305,CYCLES,BACKEND,SUB-EVENT,_MatMul_3:OpId_117 (cycles)
299877206058,EXECUTE,15524,CYCLES,BACKEND,SUB-EVENT,_Mul_11:OpId_122 (cycles)
299877206058,EXECUTE,0,CYCLES,BACKEND,SUB-EVENT,_Unsqueeze_7_output_0_cast_to_bool:OpId_125 (cycles)
299877206058,EXECUTE,19511,CYCLES,BACKEND,SUB-EVENT,_Where:OpId_127 (cycles)
299877206058,EXECUTE,19689,CYCLES,BACKEND,SUB-EVENT,_Softmax:OpId_128 (cycles)
299877206058,EXECUTE,13459,CYCLES,BACKEND,SUB-EVENT,_MatMul_4:OpId_131 (cycles)
299877206058,EXECUTE,0,CYCLES,BACKEND,SUB-EVENT,_Transpose_4:OpId_136 (cycles)
299877206058,EXECUTE,0,CYCLES,BACKEND,SUB-EVENT,_Reshape_5:OpId_137 (cycles)
299877206058,EXECUTE,5252,CYCLES,BACKEND,SUB-EVENT,_MatMul_5:OpId_139 (cycles)
299877206058,EXECUTE,0,CYCLES,BACKEND,SUB-EVENT,_MatMul_5_post_reshape:OpId_142 (cycles)
299877206058,EXECUTE,0,CYCLES,BACKEND,SUB-EVENT,_MatMul_5_output_0_nfc:OpId_144 (cycles)
299877206058,EXECUTE,1112,CYCLES,BACKEND,SUB-EVENT,_Add_6:OpId_146 (cycles)
299877206058,EXECUTE,0,CYCLES,BACKEND,SUB-EVENT,_Add_6_output_0_ncf:OpId_149 (cycles)
299877206058,EXECUTE,5695,CYCLES,BACKEND,SUB-EVENT,rms_norm__Mul_14_output_0:OpId_154 (cycles)
299877206058,EXECUTE,0,CYCLES,BACKEND,SUB-EVENT,_MatMul_7_pre_reshape:OpId_157 (cycles)
299877206058,EXECUTE,0,CYCLES,BACKEND,SUB-EVENT,_MatMul_6_pre_reshape:OpId_158 (cycles)
299877206058,EXECUTE,2574,CYCLES,BACKEND,SUB-EVENT,_MatMul_6:OpId_160 (cycles)
299877206058,EXECUTE,0,CYCLES,BACKEND,SUB-EVENT,_MatMul_6_post_reshape:OpId_163 (cycles)
299877206058,EXECUTE,0,CYCLES,BACKEND,SUB-EVENT,_Sigmoid:OpId_164 (cycles)
299877206058,EXECUTE,43720,CYCLES,BACKEND,SUB-EVENT,_Mul_15:OpId_171 (cycles)
299877206058,EXECUTE,3878,CYCLES,BACKEND,SUB-EVENT,_MatMul_7:OpId_174 (cycles)
299877206058,EXECUTE,0,CYCLES,BACKEND,SUB-EVENT,_MatMul_7_post_reshape:OpId_177 (cycles)
299877206058,EXECUTE,26107,CYCLES,BACKEND,SUB-EVENT,_Mul_16:OpId_178 (cycles)
299877206058,EXECUTE,0,CYCLES,BACKEND,SUB-EVENT,_MatMul_8_pre_reshape:OpId_180 (cycles)
299877206058,EXECUTE,2178,CYCLES,BACKEND,SUB-EVENT,_MatMul_8:OpId_182 (cycles)
299877206058,EXECUTE,0,CYCLES,BACKEND,SUB-EVENT,_MatMul_8_post_reshape:OpId_185 (cycles)
299877206058,EXECUTE,0,CYCLES,BACKEND,SUB-EVENT,_MatMul_8_output_0_nfc:OpId_187 (cycles)
299877206058,EXECUTE,2680,CYCLES,BACKEND,SUB-EVENT,_Add_8:OpId_189 (cycles)
299877206058,EXECUTE,6649,CYCLES,BACKEND,SUB-EVENT,hidden_out_ncf:OpId_192 (cycles)
299877206058,EXECUTE,6939,CYCLES,BACKEND,SUB-EVENT,Output OpId_3 (cycles)
299877206058,EXECUTE,6121,US,BACKEND,ROOT,Accelerator (execute) time
299877206058,EXECUTE,4277,US,BACKEND,ROOT,Accelerator (execute excluding wait) time
299877206058,EXECUTE,10766,US,BACKEND,ROOT,QNN (execute) time
299877224403,EXECUTE,14776,US,NETRUN,ROOT,Graph 0: tiny_block_prefill
299877224403,EXECUTE,4,COUNT,BACKEND,ROOT,Number of HVX threads used
299877224403,EXECUTE,14330,US,BACKEND,ROOT,RPC (execute) time
299877224403,EXECUTE,7930,US,BACKEND,ROOT,QNN accelerator (execute) time
299877224403,EXECUTE,0,COUNT,BACKEND,ROOT,Num times yield occured
299877224403,EXECUTE,7387,US,BACKEND,ROOT,Time for initial VTCM acquire
299877224403,EXECUTE,4755,US,BACKEND,ROOT,Time for HVX + HMX power on and acquire
299877224403,EXECUTE,1680838,CYCLES,BACKEND,ROOT,Accelerator (execute) time (cycles)
299877224403,EXECUTE,3439,CYCLES,BACKEND,SUB-EVENT,Input OpId_2 (cycles)
299877224403,EXECUTE,0,CYCLES,BACKEND,SUB-EVENT,hidden_states_nfc:OpId_17 (cycles)
299877224403,EXECUTE,17878,CYCLES,BACKEND,SUB-EVENT,rms_norm__Mul_2_output_0:OpId_22 (cycles)
299877224403,EXECUTE,0,CYCLES,BACKEND,SUB-EVENT,_MatMul_2_pre_reshape:OpId_25 (cycles)
299877224403,EXECUTE,0,CYCLES,BACKEND,SUB-EVENT,_MatMul_1_pre_reshape:OpId_26 (cycles)
299877224403,EXECUTE,0,CYCLES,BACKEND,SUB-EVENT,_MatMul_pre_reshape:OpId_27 (cycles)
299877224403,EXECUTE,0,CYCLES,BACKEND,SUB-EVENT,_MatMul_lhs_reshape:OpId_30 (cycles)
299877224403,EXECUTE,0,CYCLES,BACKEND,SUB-EVENT,_MatMul_lhs_cast_fp16:OpId_31 (cycles)
299877224403,EXECUTE,8118,CYCLES,BACKEND,SUB-EVENT,_MatMul_pack_lhs_q13:OpId_32 (cycles)
299877224403,EXECUTE,785,CYCLES,BACKEND,SUB-EVENT,_MatMul_rhs_cast_fp16:OpId_33 (cycles)
299877224403,EXECUTE,1340715,CYCLES,BACKEND,SUB-EVENT,_MatMul:OpId_34 (cycles)
299877224403,EXECUTE,0,CYCLES,BACKEND,SUB-EVENT,_MatMul_output_reshape:OpId_35 (cycles)
299877224403,EXECUTE,2084,CYCLES,BACKEND,SUB-EVENT,_MatMul_post_reshape:OpId_36 (cycles)
299877224403,EXECUTE,1760,CYCLES,BACKEND,SUB-EVENT,_Transpose:OpId_38 (cycles)
299877224403,EXECUTE,0,CYCLES,BACKEND,SUB-EVENT,_MatMul_1:OpId_41 (cycles)
299877224403,EXECUTE,0,CYCLES,BACKEND,SUB-EVENT,_MatMul_1_post_reshape:OpId_43 (cycles)
299877224403,EXECUTE,2776,CYCLES,BACKEND,SUB-EVENT,_Transpose_1:OpId_45 (cycles)
299877224403,EXECUTE,0,CYCLES,BACKEND,SUB-EVENT,_MatMul_2:OpId_48 (cycles)
299877224403,EXECUTE,0,CYCLES,BACKEND,SUB-EVENT,_MatMul_2_post_reshape:OpId_50 (cycles)
299877224403,EXECUTE,6153,CYCLES,BACKEND,SUB-EVENT,_Transpose_2:OpId_52 (cycles)
299877224403,EXECUTE,0,CYCLES,BACKEND,SUB-EVENT,_Slice:OpId_54 (cycles)
299877224403,EXECUTE,651,CYCLES,BACKEND,SUB-EVENT,_Slice_1:OpId_60 (cycles)
299877224403,EXECUTE,7197,CYCLES,BACKEND,SUB-EVENT,_Mul_3:OpId_66 (cycles)
299877224403,EXECUTE,5558,CYCLES,BACKEND,SUB-EVENT,_Mul_4:OpId_69 (cycles)
299877224403,EXECUTE,830,CYCLES,BACKEND,SUB-EVENT,_Sub:OpId_71 (cycles)
299877224403,EXECUTE,4885,CYCLES,BACKEND,SUB-EVENT,_Mul_5:OpId_73 (cycles)
299877224403,EXECUTE,6451,CYCLES,BACKEND,SUB-EVENT,_Mul_6:OpId_75 (cycles)
299877224403,EXECUTE,1227,CYCLES,BACKEND,SUB-EVENT,_Add_4:OpId_77 (cycles)
299877224403,EXECUTE,1276,CYCLES,BACKEND,SUB-EVENT,_Concat:OpId_79 (cycles)
299877224403,EXECUTE,0,CYCLES,BACKEND,SUB-EVENT,_Slice_2:OpId_82 (cycles)
299877224403,EXECUTE,1154,CYCLES,BACKEND,SUB-EVENT,_Slice_3:OpId_88 (cycles)
299877224403,EXECUTE,7317,CYCLES,BACKEND,SUB-EVENT,_Mul_7:OpId_93 (cycles)
299877224403,EXECUTE,6193,CYCLES,BACKEND,SUB-EVENT,_Mul_8:OpId_95 (cycles)
299877224403,EXECUTE,825,CYCLES,BACKEND,SUB-EVENT,_Sub_1:OpId_97 (cycles)
299877224403,EXECUTE,6151,CYCLES,BACKEND,SUB-EVENT,_Mul_9:OpId_99 (cycles)
299877224403,EXECUTE,7245,CYCLES,BACKEND,SUB-EVENT,_Mul_10:OpId_101 (cycles)
299877224403,EXECUTE,871,CYCLES,BACKEND,SUB-EVENT,_Add_5:OpId_103 (cycles)
299877224403,EXECUTE,2206,CYCLES,BACKEND,SUB-EVENT,_Concat_1:OpId_105 (cycles)
299877224403,EXECUTE,0,CYCLES,BACKEND,SUB-EVENT,_Unsqueeze_4:OpId_107 (cycles)
299877224403,EXECUTE,2090,CYCLES,BACKEND,SUB-EVENT,_Tile:OpId_109 (cycles)
299877224403,EXECUTE,0,CYCLES,BACKEND,SUB-EVENT,_Reshape_3:OpId_110 (cycles)
299877224403,EXECUTE,0,CYCLES,BACKEND,SUB-EVENT,_Unsqueeze_5:OpId_111 (cycles)
299877224403,EXECUTE,1954,CYCLES,BACKEND,SUB-EVENT,_Tile_1:OpId_113 (cycles)
299877224403,EXECUTE,0,CYCLES,BACKEND,SUB-EVENT,_Reshape_4:OpId_114 (cycles)
299877224403,EXECUTE,0,CYCLES,BACKEND,SUB-EVENT,_Transpose_3:OpId_116 (cycles)
299877224403,EXECUTE,32942,CYCLES,BACKEND,SUB-EVENT,_MatMul_3:OpId_117 (cycles)
299877224403,EXECUTE,17714,CYCLES,BACKEND,SUB-EVENT,_Mul_11:OpId_122 (cycles)
299877224403,EXECUTE,0,CYCLES,BACKEND,SUB-EVENT,_Unsqueeze_7_output_0_cast_to_bool:OpId_125 (cycles)
299877224403,EXECUTE,17529,CYCLES,BACKEND,SUB-EVENT,_Where:OpId_127 (cycles)
299877224403,EXECUTE,17822,CYCLES,BACKEND,SUB-EVENT,_Softmax:OpId_128 (cycles)
299877224403,EXECUTE,14415,CYCLES,BACKEND,SUB-EVENT,_MatMul_4:OpId_131 (cycles)
299877224403,EXECUTE,0,CYCLES,BACKEND,SUB-EVENT,_Transpose_4:OpId_136 (cycles)
299877224403,EXECUTE,0,CYCLES,BACKEND,SUB-EVENT,_Reshape_5:OpId_137 (cycles)
299877224403,EXECUTE,5428,CYCLES,BACKEND,SUB-EVENT,_MatMul_5:OpId_139 (cycles)
299877224403,EXECUTE,0,CYCLES,BACKEND,SUB-EVENT,_MatMul_5_post_reshape:OpId_142 (cycles)
299877224403,EXECUTE,0,CYCLES,BACKEND,SUB-EVENT,_MatMul_5_output_0_nfc:OpId_144 (cycles)
299877224403,EXECUTE,1088,CYCLES,BACKEND,SUB-EVENT,_Add_6:OpId_146 (cycles)
299877224403,EXECUTE,0,CYCLES,BACKEND,SUB-EVENT,_Add_6_output_0_ncf:OpId_149 (cycles)
299877224403,EXECUTE,5710,CYCLES,BACKEND,SUB-EVENT,rms_norm__Mul_14_output_0:OpId_154 (cycles)
299877224403,EXECUTE,0,CYCLES,BACKEND,SUB-EVENT,_MatMul_7_pre_reshape:OpId_157 (cycles)
299877224403,EXECUTE,0,CYCLES,BACKEND,SUB-EVENT,_MatMul_6_pre_reshape:OpId_158 (cycles)
299877224403,EXECUTE,14594,CYCLES,BACKEND,SUB-EVENT,_MatMul_6:OpId_160 (cycles)
299877224403,EXECUTE,0,CYCLES,BACKEND,SUB-EVENT,_MatMul_6_post_reshape:OpId_163 (cycles)
299877224403,EXECUTE,0,CYCLES,BACKEND,SUB-EVENT,_Sigmoid:OpId_164 (cycles)
299877224403,EXECUTE,49849,CYCLES,BACKEND,SUB-EVENT,_Mul_15:OpId_171 (cycles)
299877224403,EXECUTE,3696,CYCLES,BACKEND,SUB-EVENT,_MatMul_7:OpId_174 (cycles)
299877224403,EXECUTE,0,CYCLES,BACKEND,SUB-EVENT,_MatMul_7_post_reshape:OpId_177 (cycles)
299877224403,EXECUTE,25256,CYCLES,BACKEND,SUB-EVENT,_Mul_16:OpId_178 (cycles)
299877224403,EXECUTE,0,CYCLES,BACKEND,SUB-EVENT,_MatMul_8_pre_reshape:OpId_180 (cycles)
299877224403,EXECUTE,3368,CYCLES,BACKEND,SUB-EVENT,_MatMul_8:OpId_182 (cycles)
299877224403,EXECUTE,0,CYCLES,BACKEND,SUB-EVENT,_MatMul_8_post_reshape:OpId_185 (cycles)
299877224403,EXECUTE,0,CYCLES,BACKEND,SUB-EVENT,_MatMul_8_output_0_nfc:OpId_187 (cycles)
299877224403,EXECUTE,2692,CYCLES,BACKEND,SUB-EVENT,_Add_8:OpId_189 (cycles)
299877224403,EXECUTE,6708,CYCLES,BACKEND,SUB-EVENT,hidden_out_ncf:OpId_192 (cycles)
299877224403,EXECUTE,14238,CYCLES,BACKEND,SUB-EVENT,Output OpId_3 (cycles)
299877224403,EXECUTE,6125,US,BACKEND,ROOT,Accelerator (execute) time
299877224403,EXECUTE,4316,US,BACKEND,ROOT,Accelerator (execute excluding wait) time
299877224403,EXECUTE,14733,US,BACKEND,ROOT,QNN (execute) time
299877239160,EXECUTE,10694,US,NETRUN,ROOT,Graph 0: tiny_block_prefill
299877239160,EXECUTE,4,COUNT,BACKEND,ROOT,Number of HVX threads used
299877239160,EXECUTE,10215,US,BACKEND,ROOT,RPC (execute) time
299877239160,EXECUTE,7960,US,BACKEND,ROOT,QNN accelerator (execute) time
299877239160,EXECUTE,0,COUNT,BACKEND,ROOT,Num times yield occured
299877239160,EXECUTE,7135,US,BACKEND,ROOT,Time for initial VTCM acquire
299877239160,EXECUTE,4777,US,BACKEND,ROOT,Time for HVX + HMX power on and acquire
299877239160,EXECUTE,1671580,CYCLES,BACKEND,ROOT,Accelerator (execute) time (cycles)
299877239160,EXECUTE,493,CYCLES,BACKEND,SUB-EVENT,Input OpId_2 (cycles)
299877239160,EXECUTE,0,CYCLES,BACKEND,SUB-EVENT,hidden_states_nfc:OpId_17 (cycles)
299877239160,EXECUTE,15234,CYCLES,BACKEND,SUB-EVENT,rms_norm__Mul_2_output_0:OpId_22 (cycles)
299877239160,EXECUTE,0,CYCLES,BACKEND,SUB-EVENT,_MatMul_2_pre_reshape:OpId_25 (cycles)
299877239160,EXECUTE,0,CYCLES,BACKEND,SUB-EVENT,_MatMul_1_pre_reshape:OpId_26 (cycles)
299877239160,EXECUTE,0,CYCLES,BACKEND,SUB-EVENT,_MatMul_pre_reshape:OpId_27 (cycles)
299877239160,EXECUTE,0,CYCLES,BACKEND,SUB-EVENT,_MatMul_lhs_reshape:OpId_30 (cycles)
299877239160,EXECUTE,0,CYCLES,BACKEND,SUB-EVENT,_MatMul_lhs_cast_fp16:OpId_31 (cycles)
299877239160,EXECUTE,8002,CYCLES,BACKEND,SUB-EVENT,_MatMul_pack_lhs_q13:OpId_32 (cycles)
299877239160,EXECUTE,732,CYCLES,BACKEND,SUB-EVENT,_MatMul_rhs_cast_fp16:OpId_33 (cycles)
299877239160,EXECUTE,1338650,CYCLES,BACKEND,SUB-EVENT,_MatMul:OpId_34 (cycles)
299877239160,EXECUTE,0,CYCLES,BACKEND,SUB-EVENT,_MatMul_output_reshape:OpId_35 (cycles)
299877239160,EXECUTE,2120,CYCLES,BACKEND,SUB-EVENT,_MatMul_post_reshape:OpId_36 (cycles)
299877239160,EXECUTE,1906,CYCLES,BACKEND,SUB-EVENT,_Transpose:OpId_38 (cycles)
299877239160,EXECUTE,0,CYCLES,BACKEND,SUB-EVENT,_MatMul_1:OpId_41 (cycles)
299877239160,EXECUTE,0,CYCLES,BACKEND,SUB-EVENT,_MatMul_1_post_reshape:OpId_43 (cycles)
299877239160,EXECUTE,4061,CYCLES,BACKEND,SUB-EVENT,_Transpose_1:OpId_45 (cycles)
299877239160,EXECUTE,0,CYCLES,BACKEND,SUB-EVENT,_MatMul_2:OpId_48 (cycles)
299877239160,EXECUTE,0,CYCLES,BACKEND,SUB-EVENT,_MatMul_2_post_reshape:OpId_50 (cycles)
299877239160,EXECUTE,6066,CYCLES,BACKEND,SUB-EVENT,_Transpose_2:OpId_52 (cycles)
299877239160,EXECUTE,0,CYCLES,BACKEND,SUB-EVENT,_Slice:OpId_54 (cycles)
299877239160,EXECUTE,652,CYCLES,BACKEND,SUB-EVENT,_Slice_1:OpId_60 (cycles)
299877239160,EXECUTE,6908,CYCLES,BACKEND,SUB-EVENT,_Mul_3:OpId_66 (cycles)
299877239160,EXECUTE,5614,CYCLES,BACKEND,SUB-EVENT,_Mul_4:OpId_69 (cycles)
299877239160,EXECUTE,826,CYCLES,BACKEND,SUB-EVENT,_Sub:OpId_71 (cycles)
299877239160,EXECUTE,4841,CYCLES,BACKEND,SUB-EVENT,_Mul_5:OpId_73 (cycles)
299877239160,EXECUTE,6527,CYCLES,BACKEND,SUB-EVENT,_Mul_6:OpId_75 (cycles)
299877239160,EXECUTE,2948,CYCLES,BACKEND,SUB-EVENT,_Add_4:OpId_77 (cycles)
299877239160,EXECUTE,1169,CYCLES,BACKEND,SUB-EVENT,_Concat:OpId_79 (cycles)
299877239160,EXECUTE,0,CYCLES,BACKEND,SUB-EVENT,_Slice_2:OpId_82 (cycles)
299877239160,EXECUTE,1156,CYCLES,BACKEND,SUB-EVENT,_Slice_3:OpId_88 (cycles)
299877239160,EXECUTE,7911,CYCLES,BACKEND,SUB-EVENT,_Mul_7:OpId_93 (cycles)
299877239160,EXECUTE,6750,CYCLES,BACKEND,SUB-EVENT,_Mul_8:OpId_95 (cycles)
299877239160,EXECUTE,827,CYCLES,BACKEND,SUB-EVENT,_Sub_1:OpId_97 (cycles)
299877239160,EXECUTE,6699,CYCLES,BACKEND,SUB-EVENT,_Mul_9:OpId_99 (cycles)
299877239160,EXECUTE,7841,CYCLES,BACKEND,SUB-EVENT,_Mul_10:OpId_101 (cycles)
299877239160,EXECUTE,898,CYCLES,BACKEND,SUB-EVENT,_Add_5:OpId_103 (cycles)
299877239160,EXECUTE,2156,CYCLES,BACKEND,SUB-EVENT,_Concat_1:OpId_105 (cycles)
299877239160,EXECUTE,0,CYCLES,BACKEND,SUB-EVENT,_Unsqueeze_4:OpId_107 (cycles)
299877239160,EXECUTE,2028,CYCLES,BACKEND,SUB-EVENT,_Tile:OpId_109 (cycles)
299877239160,EXECUTE,0,CYCLES,BACKEND,SUB-EVENT,_Reshape_3:OpId_110 (cycles)
299877239160,EXECUTE,0,CYCLES,BACKEND,SUB-EVENT,_Unsqueeze_5:OpId_111 (cycles)
299877239160,EXECUTE,1928,CYCLES,BACKEND,SUB-EVENT,_Tile_1:OpId_113 (cycles)
299877239160,EXECUTE,0,CYCLES,BACKEND,SUB-EVENT,_Reshape_4:OpId_114 (cycles)
299877239160,EXECUTE,0,CYCLES,BACKEND,SUB-EVENT,_Transpose_3:OpId_116 (cycles)
299877239160,EXECUTE,48375,CYCLES,BACKEND,SUB-EVENT,_MatMul_3:OpId_117 (cycles)
299877239160,EXECUTE,16929,CYCLES,BACKEND,SUB-EVENT,_Mul_11:OpId_122 (cycles)
299877239160,EXECUTE,0,CYCLES,BACKEND,SUB-EVENT,_Unsqueeze_7_output_0_cast_to_bool:OpId_125 (cycles)
299877239160,EXECUTE,20249,CYCLES,BACKEND,SUB-EVENT,_Where:OpId_127 (cycles)
299877239160,EXECUTE,18997,CYCLES,BACKEND,SUB-EVENT,_Softmax:OpId_128 (cycles)
299877239160,EXECUTE,14241,CYCLES,BACKEND,SUB-EVENT,_MatMul_4:OpId_131 (cycles)
299877239160,EXECUTE,0,CYCLES,BACKEND,SUB-EVENT,_Transpose_4:OpId_136 (cycles)
299877239160,EXECUTE,0,CYCLES,BACKEND,SUB-EVENT,_Reshape_5:OpId_137 (cycles)
299877239160,EXECUTE,3766,CYCLES,BACKEND,SUB-EVENT,_MatMul_5:OpId_139 (cycles)
299877239160,EXECUTE,0,CYCLES,BACKEND,SUB-EVENT,_MatMul_5_post_reshape:OpId_142 (cycles)
299877239160,EXECUTE,0,CYCLES,BACKEND,SUB-EVENT,_MatMul_5_output_0_nfc:OpId_144 (cycles)
299877239160,EXECUTE,1092,CYCLES,BACKEND,SUB-EVENT,_Add_6:OpId_146 (cycles)
299877239160,EXECUTE,0,CYCLES,BACKEND,SUB-EVENT,_Add_6_output_0_ncf:OpId_149 (cycles)
299877239160,EXECUTE,5686,CYCLES,BACKEND,SUB-EVENT,rms_norm__Mul_14_output_0:OpId_154 (cycles)
299877239160,EXECUTE,0,CYCLES,BACKEND,SUB-EVENT,_MatMul_7_pre_reshape:OpId_157 (cycles)
299877239160,EXECUTE,0,CYCLES,BACKEND,SUB-EVENT,_MatMul_6_pre_reshape:OpId_158 (cycles)
299877239160,EXECUTE,3739,CYCLES,BACKEND,SUB-EVENT,_MatMul_6:OpId_160 (cycles)
299877239160,EXECUTE,0,CYCLES,BACKEND,SUB-EVENT,_MatMul_6_post_reshape:OpId_163 (cycles)
299877239160,EXECUTE,0,CYCLES,BACKEND,SUB-EVENT,_Sigmoid:OpId_164 (cycles)
299877239160,EXECUTE,42972,CYCLES,BACKEND,SUB-EVENT,_Mul_15:OpId_171 (cycles)
299877239160,EXECUTE,5125,CYCLES,BACKEND,SUB-EVENT,_MatMul_7:OpId_174 (cycles)
299877239160,EXECUTE,0,CYCLES,BACKEND,SUB-EVENT,_MatMul_7_post_reshape:OpId_177 (cycles)
299877239160,EXECUTE,26059,CYCLES,BACKEND,SUB-EVENT,_Mul_16:OpId_178 (cycles)
299877239160,EXECUTE,0,CYCLES,BACKEND,SUB-EVENT,_MatMul_8_pre_reshape:OpId_180 (cycles)
299877239160,EXECUTE,2280,CYCLES,BACKEND,SUB-EVENT,_MatMul_8:OpId_182 (cycles)
299877239160,EXECUTE,0,CYCLES,BACKEND,SUB-EVENT,_MatMul_8_post_reshape:OpId_185 (cycles)
299877239160,EXECUTE,0,CYCLES,BACKEND,SUB-EVENT,_MatMul_8_output_0_nfc:OpId_187 (cycles)
299877239160,EXECUTE,2702,CYCLES,BACKEND,SUB-EVENT,_Add_8:OpId_189 (cycles)
299877239160,EXECUTE,6726,CYCLES,BACKEND,SUB-EVENT,hidden_out_ncf:OpId_192 (cycles)
299877239160,EXECUTE,7699,CYCLES,BACKEND,SUB-EVENT,Output OpId_3 (cycles)
299877239160,EXECUTE,6127,US,BACKEND,ROOT,Accelerator (execute) time
299877239160,EXECUTE,4320,US,BACKEND,ROOT,Accelerator (execute excluding wait) time
299877239160,EXECUTE,10649,US,BACKEND,ROOT,QNN (execute) time
299877253593,EXECUTE,10024,US,NETRUN,ROOT,Graph 0: tiny_block_prefill
299877253593,EXECUTE,4,COUNT,BACKEND,ROOT,Number of HVX threads used
299877253593,EXECUTE,9478,US,BACKEND,ROOT,RPC (execute) time
299877253593,EXECUTE,7920,US,BACKEND,ROOT,QNN accelerator (execute) time
299877253593,EXECUTE,0,COUNT,BACKEND,ROOT,Num times yield occured
299877253593,EXECUTE,7045,US,BACKEND,ROOT,Time for initial VTCM acquire
299877253593,EXECUTE,4653,US,BACKEND,ROOT,Time for HVX + HMX power on and acquire
299877253593,EXECUTE,1658241,CYCLES,BACKEND,ROOT,Accelerator (execute) time (cycles)
299877253593,EXECUTE,484,CYCLES,BACKEND,SUB-EVENT,Input OpId_2 (cycles)
299877253593,EXECUTE,0,CYCLES,BACKEND,SUB-EVENT,hidden_states_nfc:OpId_17 (cycles)
299877253593,EXECUTE,13107,CYCLES,BACKEND,SUB-EVENT,rms_norm__Mul_2_output_0:OpId_22 (cycles)
299877253593,EXECUTE,0,CYCLES,BACKEND,SUB-EVENT,_MatMul_2_pre_reshape:OpId_25 (cycles)
299877253593,EXECUTE,0,CYCLES,BACKEND,SUB-EVENT,_MatMul_1_pre_reshape:OpId_26 (cycles)
299877253593,EXECUTE,0,CYCLES,BACKEND,SUB-EVENT,_MatMul_pre_reshape:OpId_27 (cycles)
299877253593,EXECUTE,0,CYCLES,BACKEND,SUB-EVENT,_MatMul_lhs_reshape:OpId_30 (cycles)
299877253593,EXECUTE,0,CYCLES,BACKEND,SUB-EVENT,_MatMul_lhs_cast_fp16:OpId_31 (cycles)
299877253593,EXECUTE,7437,CYCLES,BACKEND,SUB-EVENT,_MatMul_pack_lhs_q13:OpId_32 (cycles)
299877253593,EXECUTE,568,CYCLES,BACKEND,SUB-EVENT,_MatMul_rhs_cast_fp16:OpId_33 (cycles)
299877253593,EXECUTE,1335855,CYCLES,BACKEND,SUB-EVENT,_MatMul:OpId_34 (cycles)
299877253593,EXECUTE,0,CYCLES,BACKEND,SUB-EVENT,_MatMul_output_reshape:OpId_35 (cycles)
299877253593,EXECUTE,2062,CYCLES,BACKEND,SUB-EVENT,_MatMul_post_reshape:OpId_36 (cycles)
299877253593,EXECUTE,1658,CYCLES,BACKEND,SUB-EVENT,_Transpose:OpId_38 (cycles)
299877253593,EXECUTE,0,CYCLES,BACKEND,SUB-EVENT,_MatMul_1:OpId_41 (cycles)
299877253593,EXECUTE,0,CYCLES,BACKEND,SUB-EVENT,_MatMul_1_post_reshape:OpId_43 (cycles)
299877253593,EXECUTE,2752,CYCLES,BACKEND,SUB-EVENT,_Transpose_1:OpId_45 (cycles)
299877253593,EXECUTE,0,CYCLES,BACKEND,SUB-EVENT,_MatMul_2:OpId_48 (cycles)
299877253593,EXECUTE,0,CYCLES,BACKEND,SUB-EVENT,_MatMul_2_post_reshape:OpId_50 (cycles)
299877253593,EXECUTE,4604,CYCLES,BACKEND,SUB-EVENT,_Transpose_2:OpId_52 (cycles)
299877253593,EXECUTE,0,CYCLES,BACKEND,SUB-EVENT,_Slice:OpId_54 (cycles)
299877253593,EXECUTE,628,CYCLES,BACKEND,SUB-EVENT,_Slice_1:OpId_60 (cycles)
299877253593,EXECUTE,7006,CYCLES,BACKEND,SUB-EVENT,_Mul_3:OpId_66 (cycles)
299877253593,EXECUTE,5142,CYCLES,BACKEND,SUB-EVENT,_Mul_4:OpId_69 (cycles)
299877253593,EXECUTE,830,CYCLES,BACKEND,SUB-EVENT,_Sub:OpId_71 (cycles)
299877253593,EXECUTE,4707,CYCLES,BACKEND,SUB-EVENT,_Mul_5:OpId_73 (cycles)
299877253593,EXECUTE,6045,CYCLES,BACKEND,SUB-EVENT,_Mul_6:OpId_75 (cycles)
299877253593,EXECUTE,695,CYCLES,BACKEND,SUB-EVENT,_Add_4:OpId_77 (cycles)
299877253593,EXECUTE,1194,CYCLES,BACKEND,SUB-EVENT,_Concat:OpId_79 (cycles)
299877253593,EXECUTE,0,CYCLES,BACKEND,SUB-EVENT,_Slice_2:OpId_82 (cycles)
299877253593,EXECUTE,919,CYCLES,BACKEND,SUB-EVENT,_Slice_3:OpId_88 (cycles)
299877253593,EXECUTE,7647,CYCLES,BACKEND,SUB-EVENT,_Mul_7:OpId_93 (cycles)
299877253593,EXECUTE,6728,CYCLES,BACKEND,SUB-EVENT,_Mul_8:OpId_95 (cycles)
299877253593,EXECUTE,840,CYCLES,BACKEND,SUB-EVENT,_Sub_1:OpId_97 (cycles)
299877253593,EXECUTE,6423,CYCLES,BACKEND,SUB-EVENT,_Mul_9:OpId_99 (cycles)
299877253593,EXECUTE,7580,CYCLES,BACKEND,SUB-EVENT,_Mul_10:OpId_101 (cycles)
299877253593,EXECUTE,856,CYCLES,BACKEND,SUB-EVENT,_Add_5:OpId_103 (cycles)
299877253593,EXECUTE,2485,CYCLES,BACKEND,SUB-EVENT,_Concat_1:OpId_105 (cycles)
299877253593,EXECUTE,0,CYCLES,BACKEND,SUB-EVENT,_Unsqueeze_4:OpId_107 (cycles)
299877253593,EXECUTE,2074,CYCLES,BACKEND,SUB-EVENT,_Tile:OpId_109 (cycles)
299877253593,EXECUTE,0,CYCLES,BACKEND,SUB-EVENT,_Reshape_3:OpId_110 (cycles)
299877253593,EXECUTE,0,CYCLES,BACKEND,SUB-EVENT,_Unsqueeze_5:OpId_111 (cycles)
299877253593,EXECUTE,1674,CYCLES,BACKEND,SUB-EVENT,_Tile_1:OpId_113 (cycles)
299877253593,EXECUTE,0,CYCLES,BACKEND,SUB-EVENT,_Reshape_4:OpId_114 (cycles)
299877253593,EXECUTE,0,CYCLES,BACKEND,SUB-EVENT,_Transpose_3:OpId_116 (cycles)
299877253593,EXECUTE,50021,CYCLES,BACKEND,SUB-EVENT,_MatMul_3:OpId_117 (cycles)
299877253593,EXECUTE,16686,CYCLES,BACKEND,SUB-EVENT,_Mul_11:OpId_122 (cycles)
299877253593,EXECUTE,0,CYCLES,BACKEND,SUB-EVENT,_Unsqueeze_7_output_0_cast_to_bool:OpId_125 (cycles)
299877253593,EXECUTE,23887,CYCLES,BACKEND,SUB-EVENT,_Where:OpId_127 (cycles)
299877253593,EXECUTE,20119,CYCLES,BACKEND,SUB-EVENT,_Softmax:OpId_128 (cycles)
299877253593,EXECUTE,13413,CYCLES,BACKEND,SUB-EVENT,_MatMul_4:OpId_131 (cycles)
299877253593,EXECUTE,0,CYCLES,BACKEND,SUB-EVENT,_Transpose_4:OpId_136 (cycles)
299877253593,EXECUTE,0,CYCLES,BACKEND,SUB-EVENT,_Reshape_5:OpId_137 (cycles)
299877253593,EXECUTE,1638,CYCLES,BACKEND,SUB-EVENT,_MatMul_5:OpId_139 (cycles)
299877253593,EXECUTE,0,CYCLES,BACKEND,SUB-EVENT,_MatMul_5_post_reshape:OpId_142 (cycles)
299877253593,EXECUTE,0,CYCLES,BACKEND,SUB-EVENT,_MatMul_5_output_0_nfc:OpId_144 (cycles)
299877253593,EXECUTE,1144,CYCLES,BACKEND,SUB-EVENT,_Add_6:OpId_146 (cycles)
299877253593,EXECUTE,0,CYCLES,BACKEND,SUB-EVENT,_Add_6_output_0_ncf:OpId_149 (cycles)
299877253593,EXECUTE,5720,CYCLES,BACKEND,SUB-EVENT,rms_norm__Mul_14_output_0:OpId_154 (cycles)
299877253593,EXECUTE,0,CYCLES,BACKEND,SUB-EVENT,_MatMul_7_pre_reshape:OpId_157 (cycles)
299877253593,EXECUTE,0,CYCLES,BACKEND,SUB-EVENT,_MatMul_6_pre_reshape:OpId_158 (cycles)
299877253593,EXECUTE,2607,CYCLES,BACKEND,SUB-EVENT,_MatMul_6:OpId_160 (cycles)
299877253593,EXECUTE,0,CYCLES,BACKEND,SUB-EVENT,_MatMul_6_post_reshape:OpId_163 (cycles)
299877253593,EXECUTE,0,CYCLES,BACKEND,SUB-EVENT,_Sigmoid:OpId_164 (cycles)
299877253593,EXECUTE,43329,CYCLES,BACKEND,SUB-EVENT,_Mul_15:OpId_171 (cycles)
299877253593,EXECUTE,6251,CYCLES,BACKEND,SUB-EVENT,_MatMul_7:OpId_174 (cycles)
299877253593,EXECUTE,0,CYCLES,BACKEND,SUB-EVENT,_MatMul_7_post_reshape:OpId_177 (cycles)
299877253593,EXECUTE,25204,CYCLES,BACKEND,SUB-EVENT,_Mul_16:OpId_178 (cycles)
299877253593,EXECUTE,0,CYCLES,BACKEND,SUB-EVENT,_MatMul_8_pre_reshape:OpId_180 (cycles)
299877253593,EXECUTE,2243,CYCLES,BACKEND,SUB-EVENT,_MatMul_8:OpId_182 (cycles)
299877253593,EXECUTE,0,CYCLES,BACKEND,SUB-EVENT,_MatMul_8_post_reshape:OpId_185 (cycles)
299877253593,EXECUTE,0,CYCLES,BACKEND,SUB-EVENT,_MatMul_8_output_0_nfc:OpId_187 (cycles)
299877253593,EXECUTE,2716,CYCLES,BACKEND,SUB-EVENT,_Add_8:OpId_189 (cycles)
299877253593,EXECUTE,4247,CYCLES,BACKEND,SUB-EVENT,hidden_out_ncf:OpId_192 (cycles)
299877253593,EXECUTE,7016,CYCLES,BACKEND,SUB-EVENT,Output OpId_3 (cycles)
299877253593,EXECUTE,6087,US,BACKEND,ROOT,Accelerator (execute) time
299877253593,EXECUTE,4310,US,BACKEND,ROOT,Accelerator (execute excluding wait) time
299877253593,EXECUTE,9976,US,BACKEND,ROOT,QNN (execute) time
299877257532,EXECUTE IPS,64.127228,INF/SEC,NETRUN,ROOT,null
