input log file location, qwen_block_custom_qnn/device_output/q_proj_custom_fused_bias_layer0_prefill_seq16/qnn-profiling-data_0.log
qnn-profile-viewer version, v2.47.0.260601114230
qnn-net-run version, v2.47.0.260601114230
Backend version, v2.47.0.260601114230
Msg Timestamp, Message, Time, Unit of Measurement, Timing Source, Event Level, Event Identifier
359505761977,INIT,474945,US,NETRUN,ROOT,null
359505875924,COMPOSE GRAPHS,112321,US,NETRUN,ROOT,null
359506233138,FINALIZE,357434,US,NETRUN,ROOT,Graph 0: qwen2_0_5b_layer0_prefill_seq16
359506233138,FINALIZE,7366,US,BACKEND,ROOT,RPC (finalize) time
359506233138,FINALIZE,6113,US,BACKEND,ROOT,QNN accelerator (finalize) time
359506233138,FINALIZE,6006,US,BACKEND,ROOT,Accelerator (finalize) time
359506233138,FINALIZE,357379,US,BACKEND,ROOT,QNN (finalize) time
359506233138,FINALIZE,257,US,BACKEND,SUB-EVENT,Graph Preparation Initializing
359506233138,FINALIZE,269416,US,BACKEND,SUB-EVENT,Graph Optimizations
359506233138,FINALIZE,3804,US,BACKEND,SUB-EVENT,Post Graph Optimization
359506233138,FINALIZE,19526,US,BACKEND,SUB-EVENT,Graph Sequencing for Target
359506233138,FINALIZE,4506,US,BACKEND,SUB-EVENT,VTCM Allocation
359506233138,FINALIZE,1953,US,BACKEND,SUB-EVENT,Parallelization Optimization
359506233138,FINALIZE,2423,US,BACKEND,SUB-EVENT,Finalizing Graph Sequence
359506233138,FINALIZE,85,US,BACKEND,SUB-EVENT,Completion
359506528586,DE-INIT,58609,US,NETRUN,ROOT,null
359506528586,DE-INIT,9991,US,BACKEND,ROOT,RPC (deinit) time
359506528586,DE-INIT,8705,US,BACKEND,ROOT,QNN Accelerator (deinit) time
359506528586,DE-INIT,8553,US,BACKEND,ROOT,Accelerator (deinit) time
359506528586,DE-INIT,58499,US,BACKEND,ROOT,QNN (deinit) time
359506261682,EXECUTE,26659,US,NETRUN,ROOT,Graph 0: qwen2_0_5b_layer0_prefill_seq16
359506261682,EXECUTE,4,COUNT,BACKEND,ROOT,Number of HVX threads used
359506261682,EXECUTE,26196,US,BACKEND,ROOT,RPC (execute) time
359506261682,EXECUTE,23223,US,BACKEND,ROOT,QNN accelerator (execute) time
359506261682,EXECUTE,0,COUNT,BACKEND,ROOT,Num times yield occured
359506261682,EXECUTE,2967,US,BACKEND,ROOT,Time for initial VTCM acquire
359506261682,EXECUTE,41447,US,BACKEND,ROOT,Time for HVX + HMX power on and acquire
359506261682,EXECUTE,1981710,CYCLES,BACKEND,ROOT,Accelerator (execute) time (cycles)
359506261682,EXECUTE,5882,CYCLES,BACKEND,SUB-EVENT,Input OpId_2 (cycles)
359506261682,EXECUTE,0,CYCLES,BACKEND,SUB-EVENT,hidden_states_nfc:OpId_17 (cycles)
359506261682,EXECUTE,106797,CYCLES,BACKEND,SUB-EVENT,rms_norm__Mul_1_output_0:OpId_22 (cycles)
359506261682,EXECUTE,0,CYCLES,BACKEND,SUB-EVENT,_MatMul_2_pre_reshape:OpId_25 (cycles)
359506261682,EXECUTE,0,CYCLES,BACKEND,SUB-EVENT,_MatMul_1_pre_reshape:OpId_26 (cycles)
359506261682,EXECUTE,0,CYCLES,BACKEND,SUB-EVENT,_MatMul_pre_reshape:OpId_27 (cycles)
359506261682,EXECUTE,608,CYCLES,BACKEND,SUB-EVENT,OpId_29 (cycles)
359506261682,EXECUTE,0,CYCLES,BACKEND,SUB-EVENT,_MatMul_lhs_reshape:OpId_30 (cycles)
359506261682,EXECUTE,0,CYCLES,BACKEND,SUB-EVENT,_MatMul_lhs_cast_fp16:OpId_31 (cycles)
359506261682,EXECUTE,18368,CYCLES,BACKEND,SUB-EVENT,_MatMul_rhs_cast_fp16:OpId_32 (cycles)
359506261682,EXECUTE,0,CYCLES,BACKEND,SUB-EVENT,_MatMul_bias_reshape:OpId_33 (cycles)
359506261682,EXECUTE,795842,CYCLES,BACKEND,SUB-EVENT,_MatMul:OpId_34 (cycles)
359506261682,EXECUTE,0,CYCLES,BACKEND,SUB-EVENT,_MatMul_custom_output_reshape:OpId_35 (cycles)
359506261682,EXECUTE,8362,CYCLES,BACKEND,SUB-EVENT,_MatMul_post_reshape:OpId_36 (cycles)
359506261682,EXECUTE,0,CYCLES,BACKEND,SUB-EVENT,_MatMul_1:OpId_39 (cycles)
359506261682,EXECUTE,0,CYCLES,BACKEND,SUB-EVENT,_MatMul_1_post_reshape:OpId_41 (cycles)
359506261682,EXECUTE,0,CYCLES,BACKEND,SUB-EVENT,_MatMul_2:OpId_44 (cycles)
359506261682,EXECUTE,0,CYCLES,BACKEND,SUB-EVENT,_MatMul_2_post_reshape:OpId_46 (cycles)
359506261682,EXECUTE,24115,CYCLES,BACKEND,SUB-EVENT,_Transpose:OpId_48 (cycles)
359506261682,EXECUTE,5867,CYCLES,BACKEND,SUB-EVENT,_Transpose_1:OpId_50 (cycles)
359506261682,EXECUTE,7629,CYCLES,BACKEND,SUB-EVENT,_Transpose_2:OpId_52 (cycles)
359506261682,EXECUTE,23377,CYCLES,BACKEND,SUB-EVENT,_Slice:OpId_54 (cycles)
359506261682,EXECUTE,7899,CYCLES,BACKEND,SUB-EVENT,_Slice_1:OpId_60 (cycles)
359506261682,EXECUTE,5596,CYCLES,BACKEND,SUB-EVENT,_Mul_2:OpId_66 (cycles)
359506261682,EXECUTE,4795,CYCLES,BACKEND,SUB-EVENT,_Mul_3:OpId_69 (cycles)
359506261682,EXECUTE,924,CYCLES,BACKEND,SUB-EVENT,_Sub:OpId_71 (cycles)
359506261682,EXECUTE,5744,CYCLES,BACKEND,SUB-EVENT,_Mul_4:OpId_73 (cycles)
359506261682,EXECUTE,4783,CYCLES,BACKEND,SUB-EVENT,_Mul_5:OpId_75 (cycles)
359506261682,EXECUTE,845,CYCLES,BACKEND,SUB-EVENT,_Add_4:OpId_77 (cycles)
359506261682,EXECUTE,0,CYCLES,BACKEND,SUB-EVENT,_Unsqueeze:OpId_79 (cycles)
359506261682,EXECUTE,0,CYCLES,BACKEND,SUB-EVENT,_Unsqueeze_1:OpId_80 (cycles)
359506261682,EXECUTE,2884,CYCLES,BACKEND,SUB-EVENT,_Concat:OpId_81 (cycles)
359506261682,EXECUTE,0,CYCLES,BACKEND,SUB-EVENT,_Reshape_3:OpId_83 (cycles)
359506261682,EXECUTE,21936,CYCLES,BACKEND,SUB-EVENT,_Slice_3:OpId_85 (cycles)
359506261682,EXECUTE,4554,CYCLES,BACKEND,SUB-EVENT,_Slice_4:OpId_91 (cycles)
359506261682,EXECUTE,4052,CYCLES,BACKEND,SUB-EVENT,_Mul_6:OpId_96 (cycles)
359506261682,EXECUTE,3998,CYCLES,BACKEND,SUB-EVENT,_Mul_7:OpId_98 (cycles)
359506261682,EXECUTE,742,CYCLES,BACKEND,SUB-EVENT,_Sub_1:OpId_100 (cycles)
359506261682,EXECUTE,4038,CYCLES,BACKEND,SUB-EVENT,_Mul_8:OpId_102 (cycles)
359506261682,EXECUTE,3627,CYCLES,BACKEND,SUB-EVENT,_Mul_9:OpId_104 (cycles)
359506261682,EXECUTE,811,CYCLES,BACKEND,SUB-EVENT,_Add_5:OpId_106 (cycles)
359506261682,EXECUTE,0,CYCLES,BACKEND,SUB-EVENT,_Unsqueeze_2:OpId_108 (cycles)
359506261682,EXECUTE,0,CYCLES,BACKEND,SUB-EVENT,_Unsqueeze_3:OpId_109 (cycles)
359506261682,EXECUTE,2789,CYCLES,BACKEND,SUB-EVENT,_Concat_2:OpId_110 (cycles)
359506261682,EXECUTE,1818,CYCLES,BACKEND,SUB-EVENT,_Reshape_4:OpId_112 (cycles)
359506261682,EXECUTE,0,CYCLES,BACKEND,SUB-EVENT,_Unsqueeze_4:OpId_113 (cycles)
359506261682,EXECUTE,3211,CYCLES,BACKEND,SUB-EVENT,_Tile:OpId_115 (cycles)
359506261682,EXECUTE,0,CYCLES,BACKEND,SUB-EVENT,_Reshape_5:OpId_116 (cycles)
359506261682,EXECUTE,0,CYCLES,BACKEND,SUB-EVENT,_Unsqueeze_5:OpId_117 (cycles)
359506261682,EXECUTE,3076,CYCLES,BACKEND,SUB-EVENT,_Tile_1:OpId_119 (cycles)
359506261682,EXECUTE,0,CYCLES,BACKEND,SUB-EVENT,_Reshape_6:OpId_120 (cycles)
359506261682,EXECUTE,0,CYCLES,BACKEND,SUB-EVENT,_Transpose_3:OpId_122 (cycles)
359506261682,EXECUTE,69823,CYCLES,BACKEND,SUB-EVENT,_MatMul_3:OpId_123 (cycles)
359506261682,EXECUTE,11612,CYCLES,BACKEND,SUB-EVENT,_Div_1:OpId_128 (cycles)
359506261682,EXECUTE,3213,CYCLES,BACKEND,SUB-EVENT,_Add_6:OpId_131 (cycles)
359506261682,EXECUTE,57012,CYCLES,BACKEND,SUB-EVENT,_Softmax:OpId_133 (cycles)
359506261682,EXECUTE,12916,CYCLES,BACKEND,SUB-EVENT,_MatMul_4:OpId_136 (cycles)
359506261682,EXECUTE,0,CYCLES,BACKEND,SUB-EVENT,_Transpose_4:OpId_141 (cycles)
359506261682,EXECUTE,0,CYCLES,BACKEND,SUB-EVENT,_Reshape_7:OpId_142 (cycles)
359506261682,EXECUTE,9448,CYCLES,BACKEND,SUB-EVENT,_MatMul_5:OpId_144 (cycles)
359506261682,EXECUTE,0,CYCLES,BACKEND,SUB-EVENT,_MatMul_5_post_reshape:OpId_147 (cycles)
359506261682,EXECUTE,0,CYCLES,BACKEND,SUB-EVENT,_MatMul_5_output_0_nfc:OpId_149 (cycles)
359506261682,EXECUTE,3315,CYCLES,BACKEND,SUB-EVENT,_Add_7:OpId_151 (cycles)
359506261682,EXECUTE,0,CYCLES,BACKEND,SUB-EVENT,_Add_7_output_0_ncf:OpId_154 (cycles)
359506261682,EXECUTE,12267,CYCLES,BACKEND,SUB-EVENT,rms_norm__Mul_11_output_0:OpId_159 (cycles)
359506261682,EXECUTE,0,CYCLES,BACKEND,SUB-EVENT,_MatMul_7_pre_reshape:OpId_162 (cycles)
359506261682,EXECUTE,0,CYCLES,BACKEND,SUB-EVENT,_MatMul_6_pre_reshape:OpId_163 (cycles)
359506261682,EXECUTE,150669,CYCLES,BACKEND,SUB-EVENT,_MatMul_6:OpId_165 (cycles)
359506261682,EXECUTE,0,CYCLES,BACKEND,SUB-EVENT,_MatMul_6_post_reshape:OpId_168 (cycles)
359506261682,EXECUTE,117567,CYCLES,BACKEND,SUB-EVENT,_MatMul_7:OpId_170 (cycles)
359506261682,EXECUTE,0,CYCLES,BACKEND,SUB-EVENT,_MatMul_7_post_reshape:OpId_173 (cycles)
359506261682,EXECUTE,0,CYCLES,BACKEND,SUB-EVENT,_Sigmoid:OpId_174 (cycles)
359506261682,EXECUTE,179013,CYCLES,BACKEND,SUB-EVENT,_Mul_12:OpId_181 (cycles)
359506261682,EXECUTE,77708,CYCLES,BACKEND,SUB-EVENT,_Mul_13:OpId_183 (cycles)
359506261682,EXECUTE,0,CYCLES,BACKEND,SUB-EVENT,_MatMul_8_pre_reshape:OpId_185 (cycles)
359506261682,EXECUTE,140991,CYCLES,BACKEND,SUB-EVENT,_MatMul_8:OpId_187 (cycles)
359506261682,EXECUTE,0,CYCLES,BACKEND,SUB-EVENT,_MatMul_8_post_reshape:OpId_190 (cycles)
359506261682,EXECUTE,0,CYCLES,BACKEND,SUB-EVENT,_MatMul_8_output_0_nfc:OpId_192 (cycles)
359506261682,EXECUTE,7194,CYCLES,BACKEND,SUB-EVENT,_Add_9:OpId_194 (cycles)
359506261682,EXECUTE,34273,CYCLES,BACKEND,SUB-EVENT,hidden_out_ncf:OpId_197 (cycles)
359506261682,EXECUTE,9720,CYCLES,BACKEND,SUB-EVENT,Output OpId_3 (cycles)
359506261682,EXECUTE,7705,US,BACKEND,ROOT,Accelerator (execute) time
359506261682,EXECUTE,4254,US,BACKEND,ROOT,Accelerator (execute excluding wait) time
359506261682,EXECUTE,26621,US,BACKEND,ROOT,QNN (execute) time
359506279398,EXECUTE,14065,US,NETRUN,ROOT,Graph 0: qwen2_0_5b_layer0_prefill_seq16
359506279398,EXECUTE,4,COUNT,BACKEND,ROOT,Number of HVX threads used
359506279398,EXECUTE,13484,US,BACKEND,ROOT,RPC (execute) time
359506279398,EXECUTE,11275,US,BACKEND,ROOT,QNN accelerator (execute) time
359506279398,EXECUTE,0,COUNT,BACKEND,ROOT,Num times yield occured
359506279398,EXECUTE,7448,US,BACKEND,ROOT,Time for initial VTCM acquire
359506279398,EXECUTE,4795,US,BACKEND,ROOT,Time for HVX + HMX power on and acquire
359506279398,EXECUTE,2004324,CYCLES,BACKEND,ROOT,Accelerator (execute) time (cycles)
359506279398,EXECUTE,1365,CYCLES,BACKEND,SUB-EVENT,Input OpId_2 (cycles)
359506279398,EXECUTE,0,CYCLES,BACKEND,SUB-EVENT,hidden_states_nfc:OpId_17 (cycles)
359506279398,EXECUTE,143665,CYCLES,BACKEND,SUB-EVENT,rms_norm__Mul_1_output_0:OpId_22 (cycles)
359506279398,EXECUTE,0,CYCLES,BACKEND,SUB-EVENT,_MatMul_2_pre_reshape:OpId_25 (cycles)
359506279398,EXECUTE,0,CYCLES,BACKEND,SUB-EVENT,_MatMul_1_pre_reshape:OpId_26 (cycles)
359506279398,EXECUTE,0,CYCLES,BACKEND,SUB-EVENT,_MatMul_pre_reshape:OpId_27 (cycles)
359506279398,EXECUTE,1535,CYCLES,BACKEND,SUB-EVENT,OpId_29 (cycles)
359506279398,EXECUTE,0,CYCLES,BACKEND,SUB-EVENT,_MatMul_lhs_reshape:OpId_30 (cycles)
359506279398,EXECUTE,0,CYCLES,BACKEND,SUB-EVENT,_MatMul_lhs_cast_fp16:OpId_31 (cycles)
359506279398,EXECUTE,747,CYCLES,BACKEND,SUB-EVENT,_MatMul_rhs_cast_fp16:OpId_32 (cycles)
359506279398,EXECUTE,0,CYCLES,BACKEND,SUB-EVENT,_MatMul_bias_reshape:OpId_33 (cycles)
359506279398,EXECUTE,797841,CYCLES,BACKEND,SUB-EVENT,_MatMul:OpId_34 (cycles)
359506279398,EXECUTE,0,CYCLES,BACKEND,SUB-EVENT,_MatMul_custom_output_reshape:OpId_35 (cycles)
359506279398,EXECUTE,8074,CYCLES,BACKEND,SUB-EVENT,_MatMul_post_reshape:OpId_36 (cycles)
359506279398,EXECUTE,0,CYCLES,BACKEND,SUB-EVENT,_MatMul_1:OpId_39 (cycles)
359506279398,EXECUTE,0,CYCLES,BACKEND,SUB-EVENT,_MatMul_1_post_reshape:OpId_41 (cycles)
359506279398,EXECUTE,0,CYCLES,BACKEND,SUB-EVENT,_MatMul_2:OpId_44 (cycles)
359506279398,EXECUTE,0,CYCLES,BACKEND,SUB-EVENT,_MatMul_2_post_reshape:OpId_46 (cycles)
359506279398,EXECUTE,36476,CYCLES,BACKEND,SUB-EVENT,_Transpose:OpId_48 (cycles)
359506279398,EXECUTE,5568,CYCLES,BACKEND,SUB-EVENT,_Transpose_1:OpId_50 (cycles)
359506279398,EXECUTE,10261,CYCLES,BACKEND,SUB-EVENT,_Transpose_2:OpId_52 (cycles)
359506279398,EXECUTE,22631,CYCLES,BACKEND,SUB-EVENT,_Slice:OpId_54 (cycles)
359506279398,EXECUTE,7969,CYCLES,BACKEND,SUB-EVENT,_Slice_1:OpId_60 (cycles)
359506279398,EXECUTE,8915,CYCLES,BACKEND,SUB-EVENT,_Mul_2:OpId_66 (cycles)
359506279398,EXECUTE,4837,CYCLES,BACKEND,SUB-EVENT,_Mul_3:OpId_69 (cycles)
359506279398,EXECUTE,899,CYCLES,BACKEND,SUB-EVENT,_Sub:OpId_71 (cycles)
359506279398,EXECUTE,7018,CYCLES,BACKEND,SUB-EVENT,_Mul_4:OpId_73 (cycles)
359506279398,EXECUTE,4876,CYCLES,BACKEND,SUB-EVENT,_Mul_5:OpId_75 (cycles)
359506279398,EXECUTE,2011,CYCLES,BACKEND,SUB-EVENT,_Add_4:OpId_77 (cycles)
359506279398,EXECUTE,0,CYCLES,BACKEND,SUB-EVENT,_Unsqueeze:OpId_79 (cycles)
359506279398,EXECUTE,0,CYCLES,BACKEND,SUB-EVENT,_Unsqueeze_1:OpId_80 (cycles)
359506279398,EXECUTE,2915,CYCLES,BACKEND,SUB-EVENT,_Concat:OpId_81 (cycles)
359506279398,EXECUTE,0,CYCLES,BACKEND,SUB-EVENT,_Reshape_3:OpId_83 (cycles)
359506279398,EXECUTE,43847,CYCLES,BACKEND,SUB-EVENT,_Slice_3:OpId_85 (cycles)
359506279398,EXECUTE,4427,CYCLES,BACKEND,SUB-EVENT,_Slice_4:OpId_91 (cycles)
359506279398,EXECUTE,4136,CYCLES,BACKEND,SUB-EVENT,_Mul_6:OpId_96 (cycles)
359506279398,EXECUTE,4068,CYCLES,BACKEND,SUB-EVENT,_Mul_7:OpId_98 (cycles)
359506279398,EXECUTE,777,CYCLES,BACKEND,SUB-EVENT,_Sub_1:OpId_100 (cycles)
359506279398,EXECUTE,4062,CYCLES,BACKEND,SUB-EVENT,_Mul_8:OpId_102 (cycles)
359506279398,EXECUTE,3696,CYCLES,BACKEND,SUB-EVENT,_Mul_9:OpId_104 (cycles)
359506279398,EXECUTE,675,CYCLES,BACKEND,SUB-EVENT,_Add_5:OpId_106 (cycles)
359506279398,EXECUTE,0,CYCLES,BACKEND,SUB-EVENT,_Unsqueeze_2:OpId_108 (cycles)
359506279398,EXECUTE,0,CYCLES,BACKEND,SUB-EVENT,_Unsqueeze_3:OpId_109 (cycles)
359506279398,EXECUTE,4834,CYCLES,BACKEND,SUB-EVENT,_Concat_2:OpId_110 (cycles)
359506279398,EXECUTE,1825,CYCLES,BACKEND,SUB-EVENT,_Reshape_4:OpId_112 (cycles)
359506279398,EXECUTE,0,CYCLES,BACKEND,SUB-EVENT,_Unsqueeze_4:OpId_113 (cycles)
359506279398,EXECUTE,4229,CYCLES,BACKEND,SUB-EVENT,_Tile:OpId_115 (cycles)
359506279398,EXECUTE,0,CYCLES,BACKEND,SUB-EVENT,_Reshape_5:OpId_116 (cycles)
359506279398,EXECUTE,0,CYCLES,BACKEND,SUB-EVENT,_Unsqueeze_5:OpId_117 (cycles)
359506279398,EXECUTE,6502,CYCLES,BACKEND,SUB-EVENT,_Tile_1:OpId_119 (cycles)
359506279398,EXECUTE,0,CYCLES,BACKEND,SUB-EVENT,_Reshape_6:OpId_120 (cycles)
359506279398,EXECUTE,0,CYCLES,BACKEND,SUB-EVENT,_Transpose_3:OpId_122 (cycles)
359506279398,EXECUTE,68164,CYCLES,BACKEND,SUB-EVENT,_MatMul_3:OpId_123 (cycles)
359506279398,EXECUTE,16694,CYCLES,BACKEND,SUB-EVENT,_Div_1:OpId_128 (cycles)
359506279398,EXECUTE,5094,CYCLES,BACKEND,SUB-EVENT,_Add_6:OpId_131 (cycles)
359506279398,EXECUTE,49307,CYCLES,BACKEND,SUB-EVENT,_Softmax:OpId_133 (cycles)
359506279398,EXECUTE,32637,CYCLES,BACKEND,SUB-EVENT,_MatMul_4:OpId_136 (cycles)
359506279398,EXECUTE,0,CYCLES,BACKEND,SUB-EVENT,_Transpose_4:OpId_141 (cycles)
359506279398,EXECUTE,0,CYCLES,BACKEND,SUB-EVENT,_Reshape_7:OpId_142 (cycles)
359506279398,EXECUTE,14299,CYCLES,BACKEND,SUB-EVENT,_MatMul_5:OpId_144 (cycles)
359506279398,EXECUTE,0,CYCLES,BACKEND,SUB-EVENT,_MatMul_5_post_reshape:OpId_147 (cycles)
359506279398,EXECUTE,0,CYCLES,BACKEND,SUB-EVENT,_MatMul_5_output_0_nfc:OpId_149 (cycles)
359506279398,EXECUTE,3209,CYCLES,BACKEND,SUB-EVENT,_Add_7:OpId_151 (cycles)
359506279398,EXECUTE,0,CYCLES,BACKEND,SUB-EVENT,_Add_7_output_0_ncf:OpId_154 (cycles)
359506279398,EXECUTE,12552,CYCLES,BACKEND,SUB-EVENT,rms_norm__Mul_11_output_0:OpId_159 (cycles)
359506279398,EXECUTE,0,CYCLES,BACKEND,SUB-EVENT,_MatMul_7_pre_reshape:OpId_162 (cycles)
359506279398,EXECUTE,0,CYCLES,BACKEND,SUB-EVENT,_MatMul_6_pre_reshape:OpId_163 (cycles)
359506279398,EXECUTE,109313,CYCLES,BACKEND,SUB-EVENT,_MatMul_6:OpId_165 (cycles)
359506279398,EXECUTE,0,CYCLES,BACKEND,SUB-EVENT,_MatMul_6_post_reshape:OpId_168 (cycles)
359506279398,EXECUTE,77284,CYCLES,BACKEND,SUB-EVENT,_MatMul_7:OpId_170 (cycles)
359506279398,EXECUTE,0,CYCLES,BACKEND,SUB-EVENT,_MatMul_7_post_reshape:OpId_173 (cycles)
359506279398,EXECUTE,0,CYCLES,BACKEND,SUB-EVENT,_Sigmoid:OpId_174 (cycles)
359506279398,EXECUTE,180912,CYCLES,BACKEND,SUB-EVENT,_Mul_12:OpId_181 (cycles)
359506279398,EXECUTE,98006,CYCLES,BACKEND,SUB-EVENT,_Mul_13:OpId_183 (cycles)
359506279398,EXECUTE,0,CYCLES,BACKEND,SUB-EVENT,_MatMul_8_pre_reshape:OpId_185 (cycles)
359506279398,EXECUTE,140500,CYCLES,BACKEND,SUB-EVENT,_MatMul_8:OpId_187 (cycles)
359506279398,EXECUTE,0,CYCLES,BACKEND,SUB-EVENT,_MatMul_8_post_reshape:OpId_190 (cycles)
359506279398,EXECUTE,0,CYCLES,BACKEND,SUB-EVENT,_MatMul_8_output_0_nfc:OpId_192 (cycles)
359506279398,EXECUTE,7358,CYCLES,BACKEND,SUB-EVENT,_Add_9:OpId_194 (cycles)
359506279398,EXECUTE,29192,CYCLES,BACKEND,SUB-EVENT,hidden_out_ncf:OpId_197 (cycles)
359506279398,EXECUTE,9122,CYCLES,BACKEND,SUB-EVENT,Output OpId_3 (cycles)
359506279398,EXECUTE,6029,US,BACKEND,ROOT,Accelerator (execute) time
359506279398,EXECUTE,4167,US,BACKEND,ROOT,Accelerator (execute excluding wait) time
359506279398,EXECUTE,14020,US,BACKEND,ROOT,QNN (execute) time
359506302603,EXECUTE,16764,US,NETRUN,ROOT,Graph 0: qwen2_0_5b_layer0_prefill_seq16
359506302603,EXECUTE,4,COUNT,BACKEND,ROOT,Number of HVX threads used
359506302603,EXECUTE,16180,US,BACKEND,ROOT,RPC (execute) time
359506302603,EXECUTE,13642,US,BACKEND,ROOT,QNN accelerator (execute) time
359506302603,EXECUTE,0,COUNT,BACKEND,ROOT,Num times yield occured
359506302603,EXECUTE,7034,US,BACKEND,ROOT,Time for initial VTCM acquire
359506302603,EXECUTE,4823,US,BACKEND,ROOT,Time for HVX + HMX power on and acquire
359506302603,EXECUTE,2755793,CYCLES,BACKEND,ROOT,Accelerator (execute) time (cycles)
359506302603,EXECUTE,2216,CYCLES,BACKEND,SUB-EVENT,Input OpId_2 (cycles)
359506302603,EXECUTE,0,CYCLES,BACKEND,SUB-EVENT,hidden_states_nfc:OpId_17 (cycles)
359506302603,EXECUTE,133199,CYCLES,BACKEND,SUB-EVENT,rms_norm__Mul_1_output_0:OpId_22 (cycles)
359506302603,EXECUTE,0,CYCLES,BACKEND,SUB-EVENT,_MatMul_2_pre_reshape:OpId_25 (cycles)
359506302603,EXECUTE,0,CYCLES,BACKEND,SUB-EVENT,_MatMul_1_pre_reshape:OpId_26 (cycles)
359506302603,EXECUTE,0,CYCLES,BACKEND,SUB-EVENT,_MatMul_pre_reshape:OpId_27 (cycles)
359506302603,EXECUTE,1548,CYCLES,BACKEND,SUB-EVENT,OpId_29 (cycles)
359506302603,EXECUTE,0,CYCLES,BACKEND,SUB-EVENT,_MatMul_lhs_reshape:OpId_30 (cycles)
359506302603,EXECUTE,0,CYCLES,BACKEND,SUB-EVENT,_MatMul_lhs_cast_fp16:OpId_31 (cycles)
359506302603,EXECUTE,817,CYCLES,BACKEND,SUB-EVENT,_MatMul_rhs_cast_fp16:OpId_32 (cycles)
359506302603,EXECUTE,0,CYCLES,BACKEND,SUB-EVENT,_MatMul_bias_reshape:OpId_33 (cycles)
359506302603,EXECUTE,801546,CYCLES,BACKEND,SUB-EVENT,_MatMul:OpId_34 (cycles)
359506302603,EXECUTE,0,CYCLES,BACKEND,SUB-EVENT,_MatMul_custom_output_reshape:OpId_35 (cycles)
359506302603,EXECUTE,7901,CYCLES,BACKEND,SUB-EVENT,_MatMul_post_reshape:OpId_36 (cycles)
359506302603,EXECUTE,0,CYCLES,BACKEND,SUB-EVENT,_MatMul_1:OpId_39 (cycles)
359506302603,EXECUTE,0,CYCLES,BACKEND,SUB-EVENT,_MatMul_1_post_reshape:OpId_41 (cycles)
359506302603,EXECUTE,0,CYCLES,BACKEND,SUB-EVENT,_MatMul_2:OpId_44 (cycles)
359506302603,EXECUTE,0,CYCLES,BACKEND,SUB-EVENT,_MatMul_2_post_reshape:OpId_46 (cycles)
359506302603,EXECUTE,33324,CYCLES,BACKEND,SUB-EVENT,_Transpose:OpId_48 (cycles)
359506302603,EXECUTE,6548,CYCLES,BACKEND,SUB-EVENT,_Transpose_1:OpId_50 (cycles)
359506302603,EXECUTE,11761,CYCLES,BACKEND,SUB-EVENT,_Transpose_2:OpId_52 (cycles)
359506302603,EXECUTE,22525,CYCLES,BACKEND,SUB-EVENT,_Slice:OpId_54 (cycles)
359506302603,EXECUTE,7878,CYCLES,BACKEND,SUB-EVENT,_Slice_1:OpId_60 (cycles)
359506302603,EXECUTE,17355,CYCLES,BACKEND,SUB-EVENT,_Mul_2:OpId_66 (cycles)
359506302603,EXECUTE,4928,CYCLES,BACKEND,SUB-EVENT,_Mul_3:OpId_69 (cycles)
359506302603,EXECUTE,911,CYCLES,BACKEND,SUB-EVENT,_Sub:OpId_71 (cycles)
359506302603,EXECUTE,11590,CYCLES,BACKEND,SUB-EVENT,_Mul_4:OpId_73 (cycles)
359506302603,EXECUTE,4826,CYCLES,BACKEND,SUB-EVENT,_Mul_5:OpId_75 (cycles)
359506302603,EXECUTE,1360,CYCLES,BACKEND,SUB-EVENT,_Add_4:OpId_77 (cycles)
359506302603,EXECUTE,0,CYCLES,BACKEND,SUB-EVENT,_Unsqueeze:OpId_79 (cycles)
359506302603,EXECUTE,0,CYCLES,BACKEND,SUB-EVENT,_Unsqueeze_1:OpId_80 (cycles)
359506302603,EXECUTE,2874,CYCLES,BACKEND,SUB-EVENT,_Concat:OpId_81 (cycles)
359506302603,EXECUTE,0,CYCLES,BACKEND,SUB-EVENT,_Reshape_3:OpId_83 (cycles)
359506302603,EXECUTE,41021,CYCLES,BACKEND,SUB-EVENT,_Slice_3:OpId_85 (cycles)
359506302603,EXECUTE,4432,CYCLES,BACKEND,SUB-EVENT,_Slice_4:OpId_91 (cycles)
359506302603,EXECUTE,3954,CYCLES,BACKEND,SUB-EVENT,_Mul_6:OpId_96 (cycles)
359506302603,EXECUTE,3825,CYCLES,BACKEND,SUB-EVENT,_Mul_7:OpId_98 (cycles)
359506302603,EXECUTE,647,CYCLES,BACKEND,SUB-EVENT,_Sub_1:OpId_100 (cycles)
359506302603,EXECUTE,3826,CYCLES,BACKEND,SUB-EVENT,_Mul_8:OpId_102 (cycles)
359506302603,EXECUTE,3551,CYCLES,BACKEND,SUB-EVENT,_Mul_9:OpId_104 (cycles)
359506302603,EXECUTE,814,CYCLES,BACKEND,SUB-EVENT,_Add_5:OpId_106 (cycles)
359506302603,EXECUTE,0,CYCLES,BACKEND,SUB-EVENT,_Unsqueeze_2:OpId_108 (cycles)
359506302603,EXECUTE,0,CYCLES,BACKEND,SUB-EVENT,_Unsqueeze_3:OpId_109 (cycles)
359506302603,EXECUTE,17379,CYCLES,BACKEND,SUB-EVENT,_Concat_2:OpId_110 (cycles)
359506302603,EXECUTE,4522,CYCLES,BACKEND,SUB-EVENT,_Reshape_4:OpId_112 (cycles)
359506302603,EXECUTE,0,CYCLES,BACKEND,SUB-EVENT,_Unsqueeze_4:OpId_113 (cycles)
359506302603,EXECUTE,8600,CYCLES,BACKEND,SUB-EVENT,_Tile:OpId_115 (cycles)
359506302603,EXECUTE,0,CYCLES,BACKEND,SUB-EVENT,_Reshape_5:OpId_116 (cycles)
359506302603,EXECUTE,0,CYCLES,BACKEND,SUB-EVENT,_Unsqueeze_5:OpId_117 (cycles)
359506302603,EXECUTE,6209,CYCLES,BACKEND,SUB-EVENT,_Tile_1:OpId_119 (cycles)
359506302603,EXECUTE,0,CYCLES,BACKEND,SUB-EVENT,_Reshape_6:OpId_120 (cycles)
359506302603,EXECUTE,0,CYCLES,BACKEND,SUB-EVENT,_Transpose_3:OpId_122 (cycles)
359506302603,EXECUTE,76333,CYCLES,BACKEND,SUB-EVENT,_MatMul_3:OpId_123 (cycles)
359506302603,EXECUTE,67129,CYCLES,BACKEND,SUB-EVENT,_Div_1:OpId_128 (cycles)
359506302603,EXECUTE,3633,CYCLES,BACKEND,SUB-EVENT,_Add_6:OpId_131 (cycles)
359506302603,EXECUTE,63868,CYCLES,BACKEND,SUB-EVENT,_Softmax:OpId_133 (cycles)
359506302603,EXECUTE,32123,CYCLES,BACKEND,SUB-EVENT,_MatMul_4:OpId_136 (cycles)
359506302603,EXECUTE,0,CYCLES,BACKEND,SUB-EVENT,_Transpose_4:OpId_141 (cycles)
359506302603,EXECUTE,0,CYCLES,BACKEND,SUB-EVENT,_Reshape_7:OpId_142 (cycles)
359506302603,EXECUTE,14606,CYCLES,BACKEND,SUB-EVENT,_MatMul_5:OpId_144 (cycles)
359506302603,EXECUTE,0,CYCLES,BACKEND,SUB-EVENT,_MatMul_5_post_reshape:OpId_147 (cycles)
359506302603,EXECUTE,0,CYCLES,BACKEND,SUB-EVENT,_MatMul_5_output_0_nfc:OpId_149 (cycles)
359506302603,EXECUTE,7001,CYCLES,BACKEND,SUB-EVENT,_Add_7:OpId_151 (cycles)
359506302603,EXECUTE,0,CYCLES,BACKEND,SUB-EVENT,_Add_7_output_0_ncf:OpId_154 (cycles)
359506302603,EXECUTE,12923,CYCLES,BACKEND,SUB-EVENT,rms_norm__Mul_11_output_0:OpId_159 (cycles)
359506302603,EXECUTE,0,CYCLES,BACKEND,SUB-EVENT,_MatMul_7_pre_reshape:OpId_162 (cycles)
359506302603,EXECUTE,0,CYCLES,BACKEND,SUB-EVENT,_MatMul_6_pre_reshape:OpId_163 (cycles)
359506302603,EXECUTE,140264,CYCLES,BACKEND,SUB-EVENT,_MatMul_6:OpId_165 (cycles)
359506302603,EXECUTE,0,CYCLES,BACKEND,SUB-EVENT,_MatMul_6_post_reshape:OpId_168 (cycles)
359506302603,EXECUTE,373121,CYCLES,BACKEND,SUB-EVENT,_MatMul_7:OpId_170 (cycles)
359506302603,EXECUTE,0,CYCLES,BACKEND,SUB-EVENT,_MatMul_7_post_reshape:OpId_173 (cycles)
359506302603,EXECUTE,0,CYCLES,BACKEND,SUB-EVENT,_Sigmoid:OpId_174 (cycles)
359506302603,EXECUTE,228747,CYCLES,BACKEND,SUB-EVENT,_Mul_12:OpId_181 (cycles)
359506302603,EXECUTE,121280,CYCLES,BACKEND,SUB-EVENT,_Mul_13:OpId_183 (cycles)
359506302603,EXECUTE,0,CYCLES,BACKEND,SUB-EVENT,_MatMul_8_pre_reshape:OpId_185 (cycles)
359506302603,EXECUTE,374413,CYCLES,BACKEND,SUB-EVENT,_MatMul_8:OpId_187 (cycles)
359506302603,EXECUTE,0,CYCLES,BACKEND,SUB-EVENT,_MatMul_8_post_reshape:OpId_190 (cycles)
359506302603,EXECUTE,0,CYCLES,BACKEND,SUB-EVENT,_MatMul_8_output_0_nfc:OpId_192 (cycles)
359506302603,EXECUTE,7158,CYCLES,BACKEND,SUB-EVENT,_Add_9:OpId_194 (cycles)
359506302603,EXECUTE,36759,CYCLES,BACKEND,SUB-EVENT,hidden_out_ncf:OpId_197 (cycles)
359506302603,EXECUTE,24548,CYCLES,BACKEND,SUB-EVENT,Output OpId_3 (cycles)
359506302603,EXECUTE,7636,US,BACKEND,ROOT,Accelerator (execute) time
359506302603,EXECUTE,5801,US,BACKEND,ROOT,Accelerator (execute excluding wait) time
359506302603,EXECUTE,16717,US,BACKEND,ROOT,QNN (execute) time
359506326687,EXECUTE,17495,US,NETRUN,ROOT,Graph 0: qwen2_0_5b_layer0_prefill_seq16
359506326687,EXECUTE,4,COUNT,BACKEND,ROOT,Number of HVX threads used
359506326687,EXECUTE,16898,US,BACKEND,ROOT,RPC (execute) time
359506326687,EXECUTE,14321,US,BACKEND,ROOT,QNN accelerator (execute) time
359506326687,EXECUTE,0,COUNT,BACKEND,ROOT,Num times yield occured
359506326687,EXECUTE,7703,US,BACKEND,ROOT,Time for initial VTCM acquire
359506326687,EXECUTE,4980,US,BACKEND,ROOT,Time for HVX + HMX power on and acquire
359506326687,EXECUTE,3220013,CYCLES,BACKEND,ROOT,Accelerator (execute) time (cycles)
359506326687,EXECUTE,3488,CYCLES,BACKEND,SUB-EVENT,Input OpId_2 (cycles)
359506326687,EXECUTE,0,CYCLES,BACKEND,SUB-EVENT,hidden_states_nfc:OpId_17 (cycles)
359506326687,EXECUTE,324469,CYCLES,BACKEND,SUB-EVENT,rms_norm__Mul_1_output_0:OpId_22 (cycles)
359506326687,EXECUTE,0,CYCLES,BACKEND,SUB-EVENT,_MatMul_2_pre_reshape:OpId_25 (cycles)
359506326687,EXECUTE,0,CYCLES,BACKEND,SUB-EVENT,_MatMul_1_pre_reshape:OpId_26 (cycles)
359506326687,EXECUTE,0,CYCLES,BACKEND,SUB-EVENT,_MatMul_pre_reshape:OpId_27 (cycles)
359506326687,EXECUTE,4468,CYCLES,BACKEND,SUB-EVENT,OpId_29 (cycles)
359506326687,EXECUTE,0,CYCLES,BACKEND,SUB-EVENT,_MatMul_lhs_reshape:OpId_30 (cycles)
359506326687,EXECUTE,0,CYCLES,BACKEND,SUB-EVENT,_MatMul_lhs_cast_fp16:OpId_31 (cycles)
359506326687,EXECUTE,3254,CYCLES,BACKEND,SUB-EVENT,_MatMul_rhs_cast_fp16:OpId_32 (cycles)
359506326687,EXECUTE,0,CYCLES,BACKEND,SUB-EVENT,_MatMul_bias_reshape:OpId_33 (cycles)
359506326687,EXECUTE,801024,CYCLES,BACKEND,SUB-EVENT,_MatMul:OpId_34 (cycles)
359506326687,EXECUTE,0,CYCLES,BACKEND,SUB-EVENT,_MatMul_custom_output_reshape:OpId_35 (cycles)
359506326687,EXECUTE,7932,CYCLES,BACKEND,SUB-EVENT,_MatMul_post_reshape:OpId_36 (cycles)
359506326687,EXECUTE,0,CYCLES,BACKEND,SUB-EVENT,_MatMul_1:OpId_39 (cycles)
359506326687,EXECUTE,0,CYCLES,BACKEND,SUB-EVENT,_MatMul_1_post_reshape:OpId_41 (cycles)
359506326687,EXECUTE,0,CYCLES,BACKEND,SUB-EVENT,_MatMul_2:OpId_44 (cycles)
359506326687,EXECUTE,0,CYCLES,BACKEND,SUB-EVENT,_MatMul_2_post_reshape:OpId_46 (cycles)
359506326687,EXECUTE,68040,CYCLES,BACKEND,SUB-EVENT,_Transpose:OpId_48 (cycles)
359506326687,EXECUTE,12279,CYCLES,BACKEND,SUB-EVENT,_Transpose_1:OpId_50 (cycles)
359506326687,EXECUTE,12950,CYCLES,BACKEND,SUB-EVENT,_Transpose_2:OpId_52 (cycles)
359506326687,EXECUTE,22816,CYCLES,BACKEND,SUB-EVENT,_Slice:OpId_54 (cycles)
359506326687,EXECUTE,7663,CYCLES,BACKEND,SUB-EVENT,_Slice_1:OpId_60 (cycles)
359506326687,EXECUTE,15834,CYCLES,BACKEND,SUB-EVENT,_Mul_2:OpId_66 (cycles)
359506326687,EXECUTE,4758,CYCLES,BACKEND,SUB-EVENT,_Mul_3:OpId_69 (cycles)
359506326687,EXECUTE,934,CYCLES,BACKEND,SUB-EVENT,_Sub:OpId_71 (cycles)
359506326687,EXECUTE,10233,CYCLES,BACKEND,SUB-EVENT,_Mul_4:OpId_73 (cycles)
359506326687,EXECUTE,4898,CYCLES,BACKEND,SUB-EVENT,_Mul_5:OpId_75 (cycles)
359506326687,EXECUTE,2550,CYCLES,BACKEND,SUB-EVENT,_Add_4:OpId_77 (cycles)
359506326687,EXECUTE,0,CYCLES,BACKEND,SUB-EVENT,_Unsqueeze:OpId_79 (cycles)
359506326687,EXECUTE,0,CYCLES,BACKEND,SUB-EVENT,_Unsqueeze_1:OpId_80 (cycles)
359506326687,EXECUTE,2936,CYCLES,BACKEND,SUB-EVENT,_Concat:OpId_81 (cycles)
359506326687,EXECUTE,0,CYCLES,BACKEND,SUB-EVENT,_Reshape_3:OpId_83 (cycles)
359506326687,EXECUTE,122199,CYCLES,BACKEND,SUB-EVENT,_Slice_3:OpId_85 (cycles)
359506326687,EXECUTE,5011,CYCLES,BACKEND,SUB-EVENT,_Slice_4:OpId_91 (cycles)
359506326687,EXECUTE,6061,CYCLES,BACKEND,SUB-EVENT,_Mul_6:OpId_96 (cycles)
359506326687,EXECUTE,5885,CYCLES,BACKEND,SUB-EVENT,_Mul_7:OpId_98 (cycles)
359506326687,EXECUTE,700,CYCLES,BACKEND,SUB-EVENT,_Sub_1:OpId_100 (cycles)
359506326687,EXECUTE,5946,CYCLES,BACKEND,SUB-EVENT,_Mul_8:OpId_102 (cycles)
359506326687,EXECUTE,5678,CYCLES,BACKEND,SUB-EVENT,_Mul_9:OpId_104 (cycles)
359506326687,EXECUTE,1424,CYCLES,BACKEND,SUB-EVENT,_Add_5:OpId_106 (cycles)
359506326687,EXECUTE,0,CYCLES,BACKEND,SUB-EVENT,_Unsqueeze_2:OpId_108 (cycles)
359506326687,EXECUTE,0,CYCLES,BACKEND,SUB-EVENT,_Unsqueeze_3:OpId_109 (cycles)
359506326687,EXECUTE,14878,CYCLES,BACKEND,SUB-EVENT,_Concat_2:OpId_110 (cycles)
359506326687,EXECUTE,4144,CYCLES,BACKEND,SUB-EVENT,_Reshape_4:OpId_112 (cycles)
359506326687,EXECUTE,0,CYCLES,BACKEND,SUB-EVENT,_Unsqueeze_4:OpId_113 (cycles)
359506326687,EXECUTE,7678,CYCLES,BACKEND,SUB-EVENT,_Tile:OpId_115 (cycles)
359506326687,EXECUTE,0,CYCLES,BACKEND,SUB-EVENT,_Reshape_5:OpId_116 (cycles)
359506326687,EXECUTE,0,CYCLES,BACKEND,SUB-EVENT,_Unsqueeze_5:OpId_117 (cycles)
359506326687,EXECUTE,7881,CYCLES,BACKEND,SUB-EVENT,_Tile_1:OpId_119 (cycles)
359506326687,EXECUTE,0,CYCLES,BACKEND,SUB-EVENT,_Reshape_6:OpId_120 (cycles)
359506326687,EXECUTE,0,CYCLES,BACKEND,SUB-EVENT,_Transpose_3:OpId_122 (cycles)
359506326687,EXECUTE,83461,CYCLES,BACKEND,SUB-EVENT,_MatMul_3:OpId_123 (cycles)
359506326687,EXECUTE,66471,CYCLES,BACKEND,SUB-EVENT,_Div_1:OpId_128 (cycles)
359506326687,EXECUTE,10301,CYCLES,BACKEND,SUB-EVENT,_Add_6:OpId_131 (cycles)
359506326687,EXECUTE,61358,CYCLES,BACKEND,SUB-EVENT,_Softmax:OpId_133 (cycles)
359506326687,EXECUTE,94293,CYCLES,BACKEND,SUB-EVENT,_MatMul_4:OpId_136 (cycles)
359506326687,EXECUTE,0,CYCLES,BACKEND,SUB-EVENT,_Transpose_4:OpId_141 (cycles)
359506326687,EXECUTE,0,CYCLES,BACKEND,SUB-EVENT,_Reshape_7:OpId_142 (cycles)
359506326687,EXECUTE,33082,CYCLES,BACKEND,SUB-EVENT,_MatMul_5:OpId_144 (cycles)
359506326687,EXECUTE,0,CYCLES,BACKEND,SUB-EVENT,_MatMul_5_post_reshape:OpId_147 (cycles)
359506326687,EXECUTE,0,CYCLES,BACKEND,SUB-EVENT,_MatMul_5_output_0_nfc:OpId_149 (cycles)
359506326687,EXECUTE,3985,CYCLES,BACKEND,SUB-EVENT,_Add_7:OpId_151 (cycles)
359506326687,EXECUTE,0,CYCLES,BACKEND,SUB-EVENT,_Add_7_output_0_ncf:OpId_154 (cycles)
359506326687,EXECUTE,12111,CYCLES,BACKEND,SUB-EVENT,rms_norm__Mul_11_output_0:OpId_159 (cycles)
359506326687,EXECUTE,0,CYCLES,BACKEND,SUB-EVENT,_MatMul_7_pre_reshape:OpId_162 (cycles)
359506326687,EXECUTE,0,CYCLES,BACKEND,SUB-EVENT,_MatMul_6_pre_reshape:OpId_163 (cycles)
359506326687,EXECUTE,201286,CYCLES,BACKEND,SUB-EVENT,_MatMul_6:OpId_165 (cycles)
359506326687,EXECUTE,0,CYCLES,BACKEND,SUB-EVENT,_MatMul_6_post_reshape:OpId_168 (cycles)
359506326687,EXECUTE,371570,CYCLES,BACKEND,SUB-EVENT,_MatMul_7:OpId_170 (cycles)
359506326687,EXECUTE,0,CYCLES,BACKEND,SUB-EVENT,_MatMul_7_post_reshape:OpId_173 (cycles)
359506326687,EXECUTE,0,CYCLES,BACKEND,SUB-EVENT,_Sigmoid:OpId_174 (cycles)
359506326687,EXECUTE,237363,CYCLES,BACKEND,SUB-EVENT,_Mul_12:OpId_181 (cycles)
359506326687,EXECUTE,101417,CYCLES,BACKEND,SUB-EVENT,_Mul_13:OpId_183 (cycles)
359506326687,EXECUTE,0,CYCLES,BACKEND,SUB-EVENT,_MatMul_8_pre_reshape:OpId_185 (cycles)
359506326687,EXECUTE,376190,CYCLES,BACKEND,SUB-EVENT,_MatMul_8:OpId_187 (cycles)
359506326687,EXECUTE,0,CYCLES,BACKEND,SUB-EVENT,_MatMul_8_post_reshape:OpId_190 (cycles)
359506326687,EXECUTE,0,CYCLES,BACKEND,SUB-EVENT,_MatMul_8_output_0_nfc:OpId_192 (cycles)
359506326687,EXECUTE,7158,CYCLES,BACKEND,SUB-EVENT,_Add_9:OpId_194 (cycles)
359506326687,EXECUTE,40248,CYCLES,BACKEND,SUB-EVENT,hidden_out_ncf:OpId_197 (cycles)
359506326687,EXECUTE,21708,CYCLES,BACKEND,SUB-EVENT,Output OpId_3 (cycles)
359506326687,EXECUTE,8279,US,BACKEND,ROOT,Accelerator (execute) time
359506326687,EXECUTE,6367,US,BACKEND,ROOT,Accelerator (execute excluding wait) time
359506326687,EXECUTE,17447,US,BACKEND,ROOT,QNN (execute) time
359506349857,EXECUTE,17496,US,NETRUN,ROOT,Graph 0: qwen2_0_5b_layer0_prefill_seq16
359506349857,EXECUTE,4,COUNT,BACKEND,ROOT,Number of HVX threads used
359506349857,EXECUTE,16978,US,BACKEND,ROOT,RPC (execute) time
359506349857,EXECUTE,14365,US,BACKEND,ROOT,QNN accelerator (execute) time
359506349857,EXECUTE,0,COUNT,BACKEND,ROOT,Num times yield occured
359506349857,EXECUTE,7283,US,BACKEND,ROOT,Time for initial VTCM acquire
359506349857,EXECUTE,5201,US,BACKEND,ROOT,Time for HVX + HMX power on and acquire
359506349857,EXECUTE,3052762,CYCLES,BACKEND,ROOT,Accelerator (execute) time (cycles)
359506349857,EXECUTE,8398,CYCLES,BACKEND,SUB-EVENT,Input OpId_2 (cycles)
359506349857,EXECUTE,0,CYCLES,BACKEND,SUB-EVENT,hidden_states_nfc:OpId_17 (cycles)
359506349857,EXECUTE,235041,CYCLES,BACKEND,SUB-EVENT,rms_norm__Mul_1_output_0:OpId_22 (cycles)
359506349857,EXECUTE,0,CYCLES,BACKEND,SUB-EVENT,_MatMul_2_pre_reshape:OpId_25 (cycles)
359506349857,EXECUTE,0,CYCLES,BACKEND,SUB-EVENT,_MatMul_1_pre_reshape:OpId_26 (cycles)
359506349857,EXECUTE,0,CYCLES,BACKEND,SUB-EVENT,_MatMul_pre_reshape:OpId_27 (cycles)
359506349857,EXECUTE,1104,CYCLES,BACKEND,SUB-EVENT,OpId_29 (cycles)
359506349857,EXECUTE,0,CYCLES,BACKEND,SUB-EVENT,_MatMul_lhs_reshape:OpId_30 (cycles)
359506349857,EXECUTE,0,CYCLES,BACKEND,SUB-EVENT,_MatMul_lhs_cast_fp16:OpId_31 (cycles)
359506349857,EXECUTE,57888,CYCLES,BACKEND,SUB-EVENT,_MatMul_rhs_cast_fp16:OpId_32 (cycles)
359506349857,EXECUTE,0,CYCLES,BACKEND,SUB-EVENT,_MatMul_bias_reshape:OpId_33 (cycles)
359506349857,EXECUTE,800255,CYCLES,BACKEND,SUB-EVENT,_MatMul:OpId_34 (cycles)
359506349857,EXECUTE,0,CYCLES,BACKEND,SUB-EVENT,_MatMul_custom_output_reshape:OpId_35 (cycles)
359506349857,EXECUTE,7863,CYCLES,BACKEND,SUB-EVENT,_MatMul_post_reshape:OpId_36 (cycles)
359506349857,EXECUTE,0,CYCLES,BACKEND,SUB-EVENT,_MatMul_1:OpId_39 (cycles)
359506349857,EXECUTE,0,CYCLES,BACKEND,SUB-EVENT,_MatMul_1_post_reshape:OpId_41 (cycles)
359506349857,EXECUTE,0,CYCLES,BACKEND,SUB-EVENT,_MatMul_2:OpId_44 (cycles)
359506349857,EXECUTE,0,CYCLES,BACKEND,SUB-EVENT,_MatMul_2_post_reshape:OpId_46 (cycles)
359506349857,EXECUTE,24171,CYCLES,BACKEND,SUB-EVENT,_Transpose:OpId_48 (cycles)
359506349857,EXECUTE,9832,CYCLES,BACKEND,SUB-EVENT,_Transpose_1:OpId_50 (cycles)
359506349857,EXECUTE,9253,CYCLES,BACKEND,SUB-EVENT,_Transpose_2:OpId_52 (cycles)
359506349857,EXECUTE,22560,CYCLES,BACKEND,SUB-EVENT,_Slice:OpId_54 (cycles)
359506349857,EXECUTE,7649,CYCLES,BACKEND,SUB-EVENT,_Slice_1:OpId_60 (cycles)
359506349857,EXECUTE,6387,CYCLES,BACKEND,SUB-EVENT,_Mul_2:OpId_66 (cycles)
359506349857,EXECUTE,4907,CYCLES,BACKEND,SUB-EVENT,_Mul_3:OpId_69 (cycles)
359506349857,EXECUTE,903,CYCLES,BACKEND,SUB-EVENT,_Sub:OpId_71 (cycles)
359506349857,EXECUTE,6354,CYCLES,BACKEND,SUB-EVENT,_Mul_4:OpId_73 (cycles)
359506349857,EXECUTE,4909,CYCLES,BACKEND,SUB-EVENT,_Mul_5:OpId_75 (cycles)
359506349857,EXECUTE,1030,CYCLES,BACKEND,SUB-EVENT,_Add_4:OpId_77 (cycles)
359506349857,EXECUTE,0,CYCLES,BACKEND,SUB-EVENT,_Unsqueeze:OpId_79 (cycles)
359506349857,EXECUTE,0,CYCLES,BACKEND,SUB-EVENT,_Unsqueeze_1:OpId_80 (cycles)
359506349857,EXECUTE,2729,CYCLES,BACKEND,SUB-EVENT,_Concat:OpId_81 (cycles)
359506349857,EXECUTE,0,CYCLES,BACKEND,SUB-EVENT,_Reshape_3:OpId_83 (cycles)
359506349857,EXECUTE,28433,CYCLES,BACKEND,SUB-EVENT,_Slice_3:OpId_85 (cycles)
359506349857,EXECUTE,4833,CYCLES,BACKEND,SUB-EVENT,_Slice_4:OpId_91 (cycles)
359506349857,EXECUTE,4749,CYCLES,BACKEND,SUB-EVENT,_Mul_6:OpId_96 (cycles)
359506349857,EXECUTE,4616,CYCLES,BACKEND,SUB-EVENT,_Mul_7:OpId_98 (cycles)
359506349857,EXECUTE,815,CYCLES,BACKEND,SUB-EVENT,_Sub_1:OpId_100 (cycles)
359506349857,EXECUTE,4681,CYCLES,BACKEND,SUB-EVENT,_Mul_8:OpId_102 (cycles)
359506349857,EXECUTE,4355,CYCLES,BACKEND,SUB-EVENT,_Mul_9:OpId_104 (cycles)
359506349857,EXECUTE,1194,CYCLES,BACKEND,SUB-EVENT,_Add_5:OpId_106 (cycles)
359506349857,EXECUTE,0,CYCLES,BACKEND,SUB-EVENT,_Unsqueeze_2:OpId_108 (cycles)
359506349857,EXECUTE,0,CYCLES,BACKEND,SUB-EVENT,_Unsqueeze_3:OpId_109 (cycles)
359506349857,EXECUTE,3423,CYCLES,BACKEND,SUB-EVENT,_Concat_2:OpId_110 (cycles)
359506349857,EXECUTE,4405,CYCLES,BACKEND,SUB-EVENT,_Reshape_4:OpId_112 (cycles)
359506349857,EXECUTE,0,CYCLES,BACKEND,SUB-EVENT,_Unsqueeze_4:OpId_113 (cycles)
359506349857,EXECUTE,2320,CYCLES,BACKEND,SUB-EVENT,_Tile:OpId_115 (cycles)
359506349857,EXECUTE,0,CYCLES,BACKEND,SUB-EVENT,_Reshape_5:OpId_116 (cycles)
359506349857,EXECUTE,0,CYCLES,BACKEND,SUB-EVENT,_Unsqueeze_5:OpId_117 (cycles)
359506349857,EXECUTE,4115,CYCLES,BACKEND,SUB-EVENT,_Tile_1:OpId_119 (cycles)
359506349857,EXECUTE,0,CYCLES,BACKEND,SUB-EVENT,_Reshape_6:OpId_120 (cycles)
359506349857,EXECUTE,0,CYCLES,BACKEND,SUB-EVENT,_Transpose_3:OpId_122 (cycles)
359506349857,EXECUTE,77614,CYCLES,BACKEND,SUB-EVENT,_MatMul_3:OpId_123 (cycles)
359506349857,EXECUTE,13203,CYCLES,BACKEND,SUB-EVENT,_Div_1:OpId_128 (cycles)
359506349857,EXECUTE,3743,CYCLES,BACKEND,SUB-EVENT,_Add_6:OpId_131 (cycles)
359506349857,EXECUTE,63548,CYCLES,BACKEND,SUB-EVENT,_Softmax:OpId_133 (cycles)
359506349857,EXECUTE,17281,CYCLES,BACKEND,SUB-EVENT,_MatMul_4:OpId_136 (cycles)
359506349857,EXECUTE,0,CYCLES,BACKEND,SUB-EVENT,_Transpose_4:OpId_141 (cycles)
359506349857,EXECUTE,0,CYCLES,BACKEND,SUB-EVENT,_Reshape_7:OpId_142 (cycles)
359506349857,EXECUTE,11408,CYCLES,BACKEND,SUB-EVENT,_MatMul_5:OpId_144 (cycles)
359506349857,EXECUTE,0,CYCLES,BACKEND,SUB-EVENT,_MatMul_5_post_reshape:OpId_147 (cycles)
359506349857,EXECUTE,0,CYCLES,BACKEND,SUB-EVENT,_MatMul_5_output_0_nfc:OpId_149 (cycles)
359506349857,EXECUTE,3032,CYCLES,BACKEND,SUB-EVENT,_Add_7:OpId_151 (cycles)
359506349857,EXECUTE,0,CYCLES,BACKEND,SUB-EVENT,_Add_7_output_0_ncf:OpId_154 (cycles)
359506349857,EXECUTE,12389,CYCLES,BACKEND,SUB-EVENT,rms_norm__Mul_11_output_0:OpId_159 (cycles)
359506349857,EXECUTE,0,CYCLES,BACKEND,SUB-EVENT,_MatMul_7_pre_reshape:OpId_162 (cycles)
359506349857,EXECUTE,0,CYCLES,BACKEND,SUB-EVENT,_MatMul_6_pre_reshape:OpId_163 (cycles)
359506349857,EXECUTE,411561,CYCLES,BACKEND,SUB-EVENT,_MatMul_6:OpId_165 (cycles)
359506349857,EXECUTE,0,CYCLES,BACKEND,SUB-EVENT,_MatMul_6_post_reshape:OpId_168 (cycles)
359506349857,EXECUTE,353891,CYCLES,BACKEND,SUB-EVENT,_MatMul_7:OpId_170 (cycles)
359506349857,EXECUTE,0,CYCLES,BACKEND,SUB-EVENT,_MatMul_7_post_reshape:OpId_173 (cycles)
359506349857,EXECUTE,0,CYCLES,BACKEND,SUB-EVENT,_Sigmoid:OpId_174 (cycles)
359506349857,EXECUTE,238943,CYCLES,BACKEND,SUB-EVENT,_Mul_12:OpId_181 (cycles)
359506349857,EXECUTE,119681,CYCLES,BACKEND,SUB-EVENT,_Mul_13:OpId_183 (cycles)
359506349857,EXECUTE,0,CYCLES,BACKEND,SUB-EVENT,_MatMul_8_pre_reshape:OpId_185 (cycles)
359506349857,EXECUTE,374699,CYCLES,BACKEND,SUB-EVENT,_MatMul_8:OpId_187 (cycles)
359506349857,EXECUTE,0,CYCLES,BACKEND,SUB-EVENT,_MatMul_8_post_reshape:OpId_190 (cycles)
359506349857,EXECUTE,0,CYCLES,BACKEND,SUB-EVENT,_MatMul_8_output_0_nfc:OpId_192 (cycles)
359506349857,EXECUTE,7083,CYCLES,BACKEND,SUB-EVENT,_Add_9:OpId_194 (cycles)
359506349857,EXECUTE,34604,CYCLES,BACKEND,SUB-EVENT,hidden_out_ncf:OpId_197 (cycles)
359506349857,EXECUTE,30910,CYCLES,BACKEND,SUB-EVENT,Output OpId_3 (cycles)
359506349857,EXECUTE,8491,US,BACKEND,ROOT,Accelerator (execute) time
359506349857,EXECUTE,6629,US,BACKEND,ROOT,Accelerator (execute excluding wait) time
359506349857,EXECUTE,17447,US,BACKEND,ROOT,QNN (execute) time
359506374569,EXECUTE,17603,US,NETRUN,ROOT,Graph 0: qwen2_0_5b_layer0_prefill_seq16
359506374569,EXECUTE,4,COUNT,BACKEND,ROOT,Number of HVX threads used
359506374569,EXECUTE,17028,US,BACKEND,ROOT,RPC (execute) time
359506374569,EXECUTE,14434,US,BACKEND,ROOT,QNN accelerator (execute) time
359506374569,EXECUTE,0,COUNT,BACKEND,ROOT,Num times yield occured
359506374569,EXECUTE,7181,US,BACKEND,ROOT,Time for initial VTCM acquire
359506374569,EXECUTE,5149,US,BACKEND,ROOT,Time for HVX + HMX power on and acquire
359506374569,EXECUTE,3203364,CYCLES,BACKEND,ROOT,Accelerator (execute) time (cycles)
359506374569,EXECUTE,3007,CYCLES,BACKEND,SUB-EVENT,Input OpId_2 (cycles)
359506374569,EXECUTE,0,CYCLES,BACKEND,SUB-EVENT,hidden_states_nfc:OpId_17 (cycles)
359506374569,EXECUTE,341146,CYCLES,BACKEND,SUB-EVENT,rms_norm__Mul_1_output_0:OpId_22 (cycles)
359506374569,EXECUTE,0,CYCLES,BACKEND,SUB-EVENT,_MatMul_2_pre_reshape:OpId_25 (cycles)
359506374569,EXECUTE,0,CYCLES,BACKEND,SUB-EVENT,_MatMul_1_pre_reshape:OpId_26 (cycles)
359506374569,EXECUTE,0,CYCLES,BACKEND,SUB-EVENT,_MatMul_pre_reshape:OpId_27 (cycles)
359506374569,EXECUTE,3650,CYCLES,BACKEND,SUB-EVENT,OpId_29 (cycles)
359506374569,EXECUTE,0,CYCLES,BACKEND,SUB-EVENT,_MatMul_lhs_reshape:OpId_30 (cycles)
359506374569,EXECUTE,0,CYCLES,BACKEND,SUB-EVENT,_MatMul_lhs_cast_fp16:OpId_31 (cycles)
359506374569,EXECUTE,3388,CYCLES,BACKEND,SUB-EVENT,_MatMul_rhs_cast_fp16:OpId_32 (cycles)
359506374569,EXECUTE,0,CYCLES,BACKEND,SUB-EVENT,_MatMul_bias_reshape:OpId_33 (cycles)
359506374569,EXECUTE,801797,CYCLES,BACKEND,SUB-EVENT,_MatMul:OpId_34 (cycles)
359506374569,EXECUTE,0,CYCLES,BACKEND,SUB-EVENT,_MatMul_custom_output_reshape:OpId_35 (cycles)
359506374569,EXECUTE,8032,CYCLES,BACKEND,SUB-EVENT,_MatMul_post_reshape:OpId_36 (cycles)
359506374569,EXECUTE,0,CYCLES,BACKEND,SUB-EVENT,_MatMul_1:OpId_39 (cycles)
359506374569,EXECUTE,0,CYCLES,BACKEND,SUB-EVENT,_MatMul_1_post_reshape:OpId_41 (cycles)
359506374569,EXECUTE,0,CYCLES,BACKEND,SUB-EVENT,_MatMul_2:OpId_44 (cycles)
359506374569,EXECUTE,0,CYCLES,BACKEND,SUB-EVENT,_MatMul_2_post_reshape:OpId_46 (cycles)
359506374569,EXECUTE,55646,CYCLES,BACKEND,SUB-EVENT,_Transpose:OpId_48 (cycles)
359506374569,EXECUTE,12684,CYCLES,BACKEND,SUB-EVENT,_Transpose_1:OpId_50 (cycles)
359506374569,EXECUTE,11954,CYCLES,BACKEND,SUB-EVENT,_Transpose_2:OpId_52 (cycles)
359506374569,EXECUTE,23936,CYCLES,BACKEND,SUB-EVENT,_Slice:OpId_54 (cycles)
359506374569,EXECUTE,7632,CYCLES,BACKEND,SUB-EVENT,_Slice_1:OpId_60 (cycles)
359506374569,EXECUTE,13657,CYCLES,BACKEND,SUB-EVENT,_Mul_2:OpId_66 (cycles)
359506374569,EXECUTE,4963,CYCLES,BACKEND,SUB-EVENT,_Mul_3:OpId_69 (cycles)
359506374569,EXECUTE,934,CYCLES,BACKEND,SUB-EVENT,_Sub:OpId_71 (cycles)
359506374569,EXECUTE,8860,CYCLES,BACKEND,SUB-EVENT,_Mul_4:OpId_73 (cycles)
359506374569,EXECUTE,4841,CYCLES,BACKEND,SUB-EVENT,_Mul_5:OpId_75 (cycles)
359506374569,EXECUTE,3294,CYCLES,BACKEND,SUB-EVENT,_Add_4:OpId_77 (cycles)
359506374569,EXECUTE,0,CYCLES,BACKEND,SUB-EVENT,_Unsqueeze:OpId_79 (cycles)
359506374569,EXECUTE,0,CYCLES,BACKEND,SUB-EVENT,_Unsqueeze_1:OpId_80 (cycles)
359506374569,EXECUTE,5934,CYCLES,BACKEND,SUB-EVENT,_Concat:OpId_81 (cycles)
359506374569,EXECUTE,0,CYCLES,BACKEND,SUB-EVENT,_Reshape_3:OpId_83 (cycles)
359506374569,EXECUTE,133615,CYCLES,BACKEND,SUB-EVENT,_Slice_3:OpId_85 (cycles)
359506374569,EXECUTE,4927,CYCLES,BACKEND,SUB-EVENT,_Slice_4:OpId_91 (cycles)
359506374569,EXECUTE,5821,CYCLES,BACKEND,SUB-EVENT,_Mul_6:OpId_96 (cycles)
359506374569,EXECUTE,5714,CYCLES,BACKEND,SUB-EVENT,_Mul_7:OpId_98 (cycles)
359506374569,EXECUTE,825,CYCLES,BACKEND,SUB-EVENT,_Sub_1:OpId_100 (cycles)
359506374569,EXECUTE,5757,CYCLES,BACKEND,SUB-EVENT,_Mul_8:OpId_102 (cycles)
359506374569,EXECUTE,5510,CYCLES,BACKEND,SUB-EVENT,_Mul_9:OpId_104 (cycles)
359506374569,EXECUTE,1434,CYCLES,BACKEND,SUB-EVENT,_Add_5:OpId_106 (cycles)
359506374569,EXECUTE,0,CYCLES,BACKEND,SUB-EVENT,_Unsqueeze_2:OpId_108 (cycles)
359506374569,EXECUTE,0,CYCLES,BACKEND,SUB-EVENT,_Unsqueeze_3:OpId_109 (cycles)
359506374569,EXECUTE,16235,CYCLES,BACKEND,SUB-EVENT,_Concat_2:OpId_110 (cycles)
359506374569,EXECUTE,3919,CYCLES,BACKEND,SUB-EVENT,_Reshape_4:OpId_112 (cycles)
359506374569,EXECUTE,0,CYCLES,BACKEND,SUB-EVENT,_Unsqueeze_4:OpId_113 (cycles)
359506374569,EXECUTE,6256,CYCLES,BACKEND,SUB-EVENT,_Tile:OpId_115 (cycles)
359506374569,EXECUTE,0,CYCLES,BACKEND,SUB-EVENT,_Reshape_5:OpId_116 (cycles)
359506374569,EXECUTE,0,CYCLES,BACKEND,SUB-EVENT,_Unsqueeze_5:OpId_117 (cycles)
359506374569,EXECUTE,11260,CYCLES,BACKEND,SUB-EVENT,_Tile_1:OpId_119 (cycles)
359506374569,EXECUTE,0,CYCLES,BACKEND,SUB-EVENT,_Reshape_6:OpId_120 (cycles)
359506374569,EXECUTE,0,CYCLES,BACKEND,SUB-EVENT,_Transpose_3:OpId_122 (cycles)
359506374569,EXECUTE,72426,CYCLES,BACKEND,SUB-EVENT,_MatMul_3:OpId_123 (cycles)
359506374569,EXECUTE,60642,CYCLES,BACKEND,SUB-EVENT,_Div_1:OpId_128 (cycles)
359506374569,EXECUTE,4837,CYCLES,BACKEND,SUB-EVENT,_Add_6:OpId_131 (cycles)
359506374569,EXECUTE,62715,CYCLES,BACKEND,SUB-EVENT,_Softmax:OpId_133 (cycles)
359506374569,EXECUTE,71333,CYCLES,BACKEND,SUB-EVENT,_MatMul_4:OpId_136 (cycles)
359506374569,EXECUTE,0,CYCLES,BACKEND,SUB-EVENT,_Transpose_4:OpId_141 (cycles)
359506374569,EXECUTE,0,CYCLES,BACKEND,SUB-EVENT,_Reshape_7:OpId_142 (cycles)
359506374569,EXECUTE,29776,CYCLES,BACKEND,SUB-EVENT,_MatMul_5:OpId_144 (cycles)
359506374569,EXECUTE,0,CYCLES,BACKEND,SUB-EVENT,_MatMul_5_post_reshape:OpId_147 (cycles)
359506374569,EXECUTE,0,CYCLES,BACKEND,SUB-EVENT,_MatMul_5_output_0_nfc:OpId_149 (cycles)
359506374569,EXECUTE,3999,CYCLES,BACKEND,SUB-EVENT,_Add_7:OpId_151 (cycles)
359506374569,EXECUTE,0,CYCLES,BACKEND,SUB-EVENT,_Add_7_output_0_ncf:OpId_154 (cycles)
359506374569,EXECUTE,14766,CYCLES,BACKEND,SUB-EVENT,rms_norm__Mul_11_output_0:OpId_159 (cycles)
359506374569,EXECUTE,0,CYCLES,BACKEND,SUB-EVENT,_MatMul_7_pre_reshape:OpId_162 (cycles)
359506374569,EXECUTE,0,CYCLES,BACKEND,SUB-EVENT,_MatMul_6_pre_reshape:OpId_163 (cycles)
359506374569,EXECUTE,221750,CYCLES,BACKEND,SUB-EVENT,_MatMul_6:OpId_165 (cycles)
359506374569,EXECUTE,0,CYCLES,BACKEND,SUB-EVENT,_MatMul_6_post_reshape:OpId_168 (cycles)
359506374569,EXECUTE,361699,CYCLES,BACKEND,SUB-EVENT,_MatMul_7:OpId_170 (cycles)
359506374569,EXECUTE,0,CYCLES,BACKEND,SUB-EVENT,_MatMul_7_post_reshape:OpId_173 (cycles)
359506374569,EXECUTE,0,CYCLES,BACKEND,SUB-EVENT,_Sigmoid:OpId_174 (cycles)
359506374569,EXECUTE,226517,CYCLES,BACKEND,SUB-EVENT,_Mul_12:OpId_181 (cycles)
359506374569,EXECUTE,108849,CYCLES,BACKEND,SUB-EVENT,_Mul_13:OpId_183 (cycles)
359506374569,EXECUTE,0,CYCLES,BACKEND,SUB-EVENT,_MatMul_8_pre_reshape:OpId_185 (cycles)
359506374569,EXECUTE,374743,CYCLES,BACKEND,SUB-EVENT,_MatMul_8:OpId_187 (cycles)
359506374569,EXECUTE,0,CYCLES,BACKEND,SUB-EVENT,_MatMul_8_post_reshape:OpId_190 (cycles)
359506374569,EXECUTE,0,CYCLES,BACKEND,SUB-EVENT,_MatMul_8_output_0_nfc:OpId_192 (cycles)
359506374569,EXECUTE,7129,CYCLES,BACKEND,SUB-EVENT,_Add_9:OpId_194 (cycles)
359506374569,EXECUTE,39561,CYCLES,BACKEND,SUB-EVENT,hidden_out_ncf:OpId_197 (cycles)
359506374569,EXECUTE,25994,CYCLES,BACKEND,SUB-EVENT,Output OpId_3 (cycles)
359506374569,EXECUTE,8287,US,BACKEND,ROOT,Accelerator (execute) time
359506374569,EXECUTE,6412,US,BACKEND,ROOT,Accelerator (execute excluding wait) time
359506374569,EXECUTE,17553,US,BACKEND,ROOT,QNN (execute) time
359506397038,EXECUTE,17589,US,NETRUN,ROOT,Graph 0: qwen2_0_5b_layer0_prefill_seq16
359506397038,EXECUTE,4,COUNT,BACKEND,ROOT,Number of HVX threads used
359506397038,EXECUTE,16808,US,BACKEND,ROOT,RPC (execute) time
359506397038,EXECUTE,14287,US,BACKEND,ROOT,QNN accelerator (execute) time
359506397038,EXECUTE,0,COUNT,BACKEND,ROOT,Num times yield occured
359506397038,EXECUTE,7262,US,BACKEND,ROOT,Time for initial VTCM acquire
359506397038,EXECUTE,5032,US,BACKEND,ROOT,Time for HVX + HMX power on and acquire
359506397038,EXECUTE,3128622,CYCLES,BACKEND,ROOT,Accelerator (execute) time (cycles)
359506397038,EXECUTE,2743,CYCLES,BACKEND,SUB-EVENT,Input OpId_2 (cycles)
359506397038,EXECUTE,0,CYCLES,BACKEND,SUB-EVENT,hidden_states_nfc:OpId_17 (cycles)
359506397038,EXECUTE,315663,CYCLES,BACKEND,SUB-EVENT,rms_norm__Mul_1_output_0:OpId_22 (cycles)
359506397038,EXECUTE,0,CYCLES,BACKEND,SUB-EVENT,_MatMul_2_pre_reshape:OpId_25 (cycles)
359506397038,EXECUTE,0,CYCLES,BACKEND,SUB-EVENT,_MatMul_1_pre_reshape:OpId_26 (cycles)
359506397038,EXECUTE,0,CYCLES,BACKEND,SUB-EVENT,_MatMul_pre_reshape:OpId_27 (cycles)
359506397038,EXECUTE,4140,CYCLES,BACKEND,SUB-EVENT,OpId_29 (cycles)
359506397038,EXECUTE,0,CYCLES,BACKEND,SUB-EVENT,_MatMul_lhs_reshape:OpId_30 (cycles)
359506397038,EXECUTE,0,CYCLES,BACKEND,SUB-EVENT,_MatMul_lhs_cast_fp16:OpId_31 (cycles)
359506397038,EXECUTE,3227,CYCLES,BACKEND,SUB-EVENT,_MatMul_rhs_cast_fp16:OpId_32 (cycles)
359506397038,EXECUTE,0,CYCLES,BACKEND,SUB-EVENT,_MatMul_bias_reshape:OpId_33 (cycles)
359506397038,EXECUTE,799981,CYCLES,BACKEND,SUB-EVENT,_MatMul:OpId_34 (cycles)
359506397038,EXECUTE,0,CYCLES,BACKEND,SUB-EVENT,_MatMul_custom_output_reshape:OpId_35 (cycles)
359506397038,EXECUTE,8077,CYCLES,BACKEND,SUB-EVENT,_MatMul_post_reshape:OpId_36 (cycles)
359506397038,EXECUTE,0,CYCLES,BACKEND,SUB-EVENT,_MatMul_1:OpId_39 (cycles)
359506397038,EXECUTE,0,CYCLES,BACKEND,SUB-EVENT,_MatMul_1_post_reshape:OpId_41 (cycles)
359506397038,EXECUTE,0,CYCLES,BACKEND,SUB-EVENT,_MatMul_2:OpId_44 (cycles)
359506397038,EXECUTE,0,CYCLES,BACKEND,SUB-EVENT,_MatMul_2_post_reshape:OpId_46 (cycles)
359506397038,EXECUTE,51466,CYCLES,BACKEND,SUB-EVENT,_Transpose:OpId_48 (cycles)
359506397038,EXECUTE,11510,CYCLES,BACKEND,SUB-EVENT,_Transpose_1:OpId_50 (cycles)
359506397038,EXECUTE,12528,CYCLES,BACKEND,SUB-EVENT,_Transpose_2:OpId_52 (cycles)
359506397038,EXECUTE,23727,CYCLES,BACKEND,SUB-EVENT,_Slice:OpId_54 (cycles)
359506397038,EXECUTE,7962,CYCLES,BACKEND,SUB-EVENT,_Slice_1:OpId_60 (cycles)
359506397038,EXECUTE,16864,CYCLES,BACKEND,SUB-EVENT,_Mul_2:OpId_66 (cycles)
359506397038,EXECUTE,4897,CYCLES,BACKEND,SUB-EVENT,_Mul_3:OpId_69 (cycles)
359506397038,EXECUTE,923,CYCLES,BACKEND,SUB-EVENT,_Sub:OpId_71 (cycles)
359506397038,EXECUTE,10634,CYCLES,BACKEND,SUB-EVENT,_Mul_4:OpId_73 (cycles)
359506397038,EXECUTE,4887,CYCLES,BACKEND,SUB-EVENT,_Mul_5:OpId_75 (cycles)
359506397038,EXECUTE,2921,CYCLES,BACKEND,SUB-EVENT,_Add_4:OpId_77 (cycles)
359506397038,EXECUTE,0,CYCLES,BACKEND,SUB-EVENT,_Unsqueeze:OpId_79 (cycles)
359506397038,EXECUTE,0,CYCLES,BACKEND,SUB-EVENT,_Unsqueeze_1:OpId_80 (cycles)
359506397038,EXECUTE,2919,CYCLES,BACKEND,SUB-EVENT,_Concat:OpId_81 (cycles)
359506397038,EXECUTE,0,CYCLES,BACKEND,SUB-EVENT,_Reshape_3:OpId_83 (cycles)
359506397038,EXECUTE,106017,CYCLES,BACKEND,SUB-EVENT,_Slice_3:OpId_85 (cycles)
359506397038,EXECUTE,4768,CYCLES,BACKEND,SUB-EVENT,_Slice_4:OpId_91 (cycles)
359506397038,EXECUTE,5358,CYCLES,BACKEND,SUB-EVENT,_Mul_6:OpId_96 (cycles)
359506397038,EXECUTE,5187,CYCLES,BACKEND,SUB-EVENT,_Mul_7:OpId_98 (cycles)
359506397038,EXECUTE,821,CYCLES,BACKEND,SUB-EVENT,_Sub_1:OpId_100 (cycles)
359506397038,EXECUTE,5261,CYCLES,BACKEND,SUB-EVENT,_Mul_8:OpId_102 (cycles)
359506397038,EXECUTE,5137,CYCLES,BACKEND,SUB-EVENT,_Mul_9:OpId_104 (cycles)
359506397038,EXECUTE,747,CYCLES,BACKEND,SUB-EVENT,_Add_5:OpId_106 (cycles)
359506397038,EXECUTE,0,CYCLES,BACKEND,SUB-EVENT,_Unsqueeze_2:OpId_108 (cycles)
359506397038,EXECUTE,0,CYCLES,BACKEND,SUB-EVENT,_Unsqueeze_3:OpId_109 (cycles)
359506397038,EXECUTE,12756,CYCLES,BACKEND,SUB-EVENT,_Concat_2:OpId_110 (cycles)
359506397038,EXECUTE,3587,CYCLES,BACKEND,SUB-EVENT,_Reshape_4:OpId_112 (cycles)
359506397038,EXECUTE,0,CYCLES,BACKEND,SUB-EVENT,_Unsqueeze_4:OpId_113 (cycles)
359506397038,EXECUTE,7812,CYCLES,BACKEND,SUB-EVENT,_Tile:OpId_115 (cycles)
359506397038,EXECUTE,0,CYCLES,BACKEND,SUB-EVENT,_Reshape_5:OpId_116 (cycles)
359506397038,EXECUTE,0,CYCLES,BACKEND,SUB-EVENT,_Unsqueeze_5:OpId_117 (cycles)
359506397038,EXECUTE,9018,CYCLES,BACKEND,SUB-EVENT,_Tile_1:OpId_119 (cycles)
359506397038,EXECUTE,0,CYCLES,BACKEND,SUB-EVENT,_Reshape_6:OpId_120 (cycles)
359506397038,EXECUTE,0,CYCLES,BACKEND,SUB-EVENT,_Transpose_3:OpId_122 (cycles)
359506397038,EXECUTE,73613,CYCLES,BACKEND,SUB-EVENT,_MatMul_3:OpId_123 (cycles)
359506397038,EXECUTE,67473,CYCLES,BACKEND,SUB-EVENT,_Div_1:OpId_128 (cycles)
359506397038,EXECUTE,4876,CYCLES,BACKEND,SUB-EVENT,_Add_6:OpId_131 (cycles)
359506397038,EXECUTE,58011,CYCLES,BACKEND,SUB-EVENT,_Softmax:OpId_133 (cycles)
359506397038,EXECUTE,84446,CYCLES,BACKEND,SUB-EVENT,_MatMul_4:OpId_136 (cycles)
359506397038,EXECUTE,0,CYCLES,BACKEND,SUB-EVENT,_Transpose_4:OpId_141 (cycles)
359506397038,EXECUTE,0,CYCLES,BACKEND,SUB-EVENT,_Reshape_7:OpId_142 (cycles)
359506397038,EXECUTE,30638,CYCLES,BACKEND,SUB-EVENT,_MatMul_5:OpId_144 (cycles)
359506397038,EXECUTE,0,CYCLES,BACKEND,SUB-EVENT,_MatMul_5_post_reshape:OpId_147 (cycles)
359506397038,EXECUTE,0,CYCLES,BACKEND,SUB-EVENT,_MatMul_5_output_0_nfc:OpId_149 (cycles)
359506397038,EXECUTE,4135,CYCLES,BACKEND,SUB-EVENT,_Add_7:OpId_151 (cycles)
359506397038,EXECUTE,0,CYCLES,BACKEND,SUB-EVENT,_Add_7_output_0_ncf:OpId_154 (cycles)
359506397038,EXECUTE,15244,CYCLES,BACKEND,SUB-EVENT,rms_norm__Mul_11_output_0:OpId_159 (cycles)
359506397038,EXECUTE,0,CYCLES,BACKEND,SUB-EVENT,_MatMul_7_pre_reshape:OpId_162 (cycles)
359506397038,EXECUTE,0,CYCLES,BACKEND,SUB-EVENT,_MatMul_6_pre_reshape:OpId_163 (cycles)
359506397038,EXECUTE,226173,CYCLES,BACKEND,SUB-EVENT,_MatMul_6:OpId_165 (cycles)
359506397038,EXECUTE,0,CYCLES,BACKEND,SUB-EVENT,_MatMul_6_post_reshape:OpId_168 (cycles)
359506397038,EXECUTE,370708,CYCLES,BACKEND,SUB-EVENT,_MatMul_7:OpId_170 (cycles)
359506397038,EXECUTE,0,CYCLES,BACKEND,SUB-EVENT,_MatMul_7_post_reshape:OpId_173 (cycles)
359506397038,EXECUTE,0,CYCLES,BACKEND,SUB-EVENT,_Sigmoid:OpId_174 (cycles)
359506397038,EXECUTE,212961,CYCLES,BACKEND,SUB-EVENT,_Mul_12:OpId_181 (cycles)
359506397038,EXECUTE,85654,CYCLES,BACKEND,SUB-EVENT,_Mul_13:OpId_183 (cycles)
359506397038,EXECUTE,0,CYCLES,BACKEND,SUB-EVENT,_MatMul_8_pre_reshape:OpId_185 (cycles)
359506397038,EXECUTE,379473,CYCLES,BACKEND,SUB-EVENT,_MatMul_8:OpId_187 (cycles)
359506397038,EXECUTE,0,CYCLES,BACKEND,SUB-EVENT,_MatMul_8_post_reshape:OpId_190 (cycles)
359506397038,EXECUTE,0,CYCLES,BACKEND,SUB-EVENT,_MatMul_8_output_0_nfc:OpId_192 (cycles)
359506397038,EXECUTE,7150,CYCLES,BACKEND,SUB-EVENT,_Add_9:OpId_194 (cycles)
359506397038,EXECUTE,38343,CYCLES,BACKEND,SUB-EVENT,hidden_out_ncf:OpId_197 (cycles)
359506397038,EXECUTE,18186,CYCLES,BACKEND,SUB-EVENT,Output OpId_3 (cycles)
359506397038,EXECUTE,8266,US,BACKEND,ROOT,Accelerator (execute) time
359506397038,EXECUTE,6376,US,BACKEND,ROOT,Accelerator (execute excluding wait) time
359506397038,EXECUTE,17307,US,BACKEND,ROOT,QNN (execute) time
359506419301,EXECUTE,16241,US,NETRUN,ROOT,Graph 0: qwen2_0_5b_layer0_prefill_seq16
359506419301,EXECUTE,4,COUNT,BACKEND,ROOT,Number of HVX threads used
359506419301,EXECUTE,15778,US,BACKEND,ROOT,RPC (execute) time
359506419301,EXECUTE,14405,US,BACKEND,ROOT,QNN accelerator (execute) time
359506419301,EXECUTE,0,COUNT,BACKEND,ROOT,Num times yield occured
359506419301,EXECUTE,7592,US,BACKEND,ROOT,Time for initial VTCM acquire
359506419301,EXECUTE,5031,US,BACKEND,ROOT,Time for HVX + HMX power on and acquire
359506419301,EXECUTE,3158988,CYCLES,BACKEND,ROOT,Accelerator (execute) time (cycles)
359506419301,EXECUTE,3205,CYCLES,BACKEND,SUB-EVENT,Input OpId_2 (cycles)
359506419301,EXECUTE,0,CYCLES,BACKEND,SUB-EVENT,hidden_states_nfc:OpId_17 (cycles)
359506419301,EXECUTE,309413,CYCLES,BACKEND,SUB-EVENT,rms_norm__Mul_1_output_0:OpId_22 (cycles)
359506419301,EXECUTE,0,CYCLES,BACKEND,SUB-EVENT,_MatMul_2_pre_reshape:OpId_25 (cycles)
359506419301,EXECUTE,0,CYCLES,BACKEND,SUB-EVENT,_MatMul_1_pre_reshape:OpId_26 (cycles)
359506419301,EXECUTE,0,CYCLES,BACKEND,SUB-EVENT,_MatMul_pre_reshape:OpId_27 (cycles)
359506419301,EXECUTE,3884,CYCLES,BACKEND,SUB-EVENT,OpId_29 (cycles)
359506419301,EXECUTE,0,CYCLES,BACKEND,SUB-EVENT,_MatMul_lhs_reshape:OpId_30 (cycles)
359506419301,EXECUTE,0,CYCLES,BACKEND,SUB-EVENT,_MatMul_lhs_cast_fp16:OpId_31 (cycles)
359506419301,EXECUTE,3641,CYCLES,BACKEND,SUB-EVENT,_MatMul_rhs_cast_fp16:OpId_32 (cycles)
359506419301,EXECUTE,0,CYCLES,BACKEND,SUB-EVENT,_MatMul_bias_reshape:OpId_33 (cycles)
359506419301,EXECUTE,799075,CYCLES,BACKEND,SUB-EVENT,_MatMul:OpId_34 (cycles)
359506419301,EXECUTE,0,CYCLES,BACKEND,SUB-EVENT,_MatMul_custom_output_reshape:OpId_35 (cycles)
359506419301,EXECUTE,8021,CYCLES,BACKEND,SUB-EVENT,_MatMul_post_reshape:OpId_36 (cycles)
359506419301,EXECUTE,0,CYCLES,BACKEND,SUB-EVENT,_MatMul_1:OpId_39 (cycles)
359506419301,EXECUTE,0,CYCLES,BACKEND,SUB-EVENT,_MatMul_1_post_reshape:OpId_41 (cycles)
359506419301,EXECUTE,0,CYCLES,BACKEND,SUB-EVENT,_MatMul_2:OpId_44 (cycles)
359506419301,EXECUTE,0,CYCLES,BACKEND,SUB-EVENT,_MatMul_2_post_reshape:OpId_46 (cycles)
359506419301,EXECUTE,54036,CYCLES,BACKEND,SUB-EVENT,_Transpose:OpId_48 (cycles)
359506419301,EXECUTE,11788,CYCLES,BACKEND,SUB-EVENT,_Transpose_1:OpId_50 (cycles)
359506419301,EXECUTE,12013,CYCLES,BACKEND,SUB-EVENT,_Transpose_2:OpId_52 (cycles)
359506419301,EXECUTE,22696,CYCLES,BACKEND,SUB-EVENT,_Slice:OpId_54 (cycles)
359506419301,EXECUTE,8022,CYCLES,BACKEND,SUB-EVENT,_Slice_1:OpId_60 (cycles)
359506419301,EXECUTE,23907,CYCLES,BACKEND,SUB-EVENT,_Mul_2:OpId_66 (cycles)
359506419301,EXECUTE,4959,CYCLES,BACKEND,SUB-EVENT,_Mul_3:OpId_69 (cycles)
359506419301,EXECUTE,902,CYCLES,BACKEND,SUB-EVENT,_Sub:OpId_71 (cycles)
359506419301,EXECUTE,14049,CYCLES,BACKEND,SUB-EVENT,_Mul_4:OpId_73 (cycles)
359506419301,EXECUTE,4740,CYCLES,BACKEND,SUB-EVENT,_Mul_5:OpId_75 (cycles)
359506419301,EXECUTE,9190,CYCLES,BACKEND,SUB-EVENT,_Add_4:OpId_77 (cycles)
359506419301,EXECUTE,0,CYCLES,BACKEND,SUB-EVENT,_Unsqueeze:OpId_79 (cycles)
359506419301,EXECUTE,0,CYCLES,BACKEND,SUB-EVENT,_Unsqueeze_1:OpId_80 (cycles)
359506419301,EXECUTE,2742,CYCLES,BACKEND,SUB-EVENT,_Concat:OpId_81 (cycles)
359506419301,EXECUTE,0,CYCLES,BACKEND,SUB-EVENT,_Reshape_3:OpId_83 (cycles)
359506419301,EXECUTE,112131,CYCLES,BACKEND,SUB-EVENT,_Slice_3:OpId_85 (cycles)
359506419301,EXECUTE,4632,CYCLES,BACKEND,SUB-EVENT,_Slice_4:OpId_91 (cycles)
359506419301,EXECUTE,5505,CYCLES,BACKEND,SUB-EVENT,_Mul_6:OpId_96 (cycles)
359506419301,EXECUTE,5404,CYCLES,BACKEND,SUB-EVENT,_Mul_7:OpId_98 (cycles)
359506419301,EXECUTE,850,CYCLES,BACKEND,SUB-EVENT,_Sub_1:OpId_100 (cycles)
359506419301,EXECUTE,5429,CYCLES,BACKEND,SUB-EVENT,_Mul_8:OpId_102 (cycles)
359506419301,EXECUTE,5046,CYCLES,BACKEND,SUB-EVENT,_Mul_9:OpId_104 (cycles)
359506419301,EXECUTE,954,CYCLES,BACKEND,SUB-EVENT,_Add_5:OpId_106 (cycles)
359506419301,EXECUTE,0,CYCLES,BACKEND,SUB-EVENT,_Unsqueeze_2:OpId_108 (cycles)
359506419301,EXECUTE,0,CYCLES,BACKEND,SUB-EVENT,_Unsqueeze_3:OpId_109 (cycles)
359506419301,EXECUTE,9462,CYCLES,BACKEND,SUB-EVENT,_Concat_2:OpId_110 (cycles)
359506419301,EXECUTE,3314,CYCLES,BACKEND,SUB-EVENT,_Reshape_4:OpId_112 (cycles)
359506419301,EXECUTE,0,CYCLES,BACKEND,SUB-EVENT,_Unsqueeze_4:OpId_113 (cycles)
359506419301,EXECUTE,11463,CYCLES,BACKEND,SUB-EVENT,_Tile:OpId_115 (cycles)
359506419301,EXECUTE,0,CYCLES,BACKEND,SUB-EVENT,_Reshape_5:OpId_116 (cycles)
359506419301,EXECUTE,0,CYCLES,BACKEND,SUB-EVENT,_Unsqueeze_5:OpId_117 (cycles)
359506419301,EXECUTE,7476,CYCLES,BACKEND,SUB-EVENT,_Tile_1:OpId_119 (cycles)
359506419301,EXECUTE,0,CYCLES,BACKEND,SUB-EVENT,_Reshape_6:OpId_120 (cycles)
359506419301,EXECUTE,0,CYCLES,BACKEND,SUB-EVENT,_Transpose_3:OpId_122 (cycles)
359506419301,EXECUTE,75907,CYCLES,BACKEND,SUB-EVENT,_MatMul_3:OpId_123 (cycles)
359506419301,EXECUTE,57396,CYCLES,BACKEND,SUB-EVENT,_Div_1:OpId_128 (cycles)
359506419301,EXECUTE,9907,CYCLES,BACKEND,SUB-EVENT,_Add_6:OpId_131 (cycles)
359506419301,EXECUTE,61606,CYCLES,BACKEND,SUB-EVENT,_Softmax:OpId_133 (cycles)
359506419301,EXECUTE,88913,CYCLES,BACKEND,SUB-EVENT,_MatMul_4:OpId_136 (cycles)
359506419301,EXECUTE,0,CYCLES,BACKEND,SUB-EVENT,_Transpose_4:OpId_141 (cycles)
359506419301,EXECUTE,0,CYCLES,BACKEND,SUB-EVENT,_Reshape_7:OpId_142 (cycles)
359506419301,EXECUTE,37187,CYCLES,BACKEND,SUB-EVENT,_MatMul_5:OpId_144 (cycles)
359506419301,EXECUTE,0,CYCLES,BACKEND,SUB-EVENT,_MatMul_5_post_reshape:OpId_147 (cycles)
359506419301,EXECUTE,0,CYCLES,BACKEND,SUB-EVENT,_MatMul_5_output_0_nfc:OpId_149 (cycles)
359506419301,EXECUTE,2666,CYCLES,BACKEND,SUB-EVENT,_Add_7:OpId_151 (cycles)
359506419301,EXECUTE,0,CYCLES,BACKEND,SUB-EVENT,_Add_7_output_0_ncf:OpId_154 (cycles)
359506419301,EXECUTE,14929,CYCLES,BACKEND,SUB-EVENT,rms_norm__Mul_11_output_0:OpId_159 (cycles)
359506419301,EXECUTE,0,CYCLES,BACKEND,SUB-EVENT,_MatMul_7_pre_reshape:OpId_162 (cycles)
359506419301,EXECUTE,0,CYCLES,BACKEND,SUB-EVENT,_MatMul_6_pre_reshape:OpId_163 (cycles)
359506419301,EXECUTE,213967,CYCLES,BACKEND,SUB-EVENT,_MatMul_6:OpId_165 (cycles)
359506419301,EXECUTE,0,CYCLES,BACKEND,SUB-EVENT,_MatMul_6_post_reshape:OpId_168 (cycles)
359506419301,EXECUTE,368313,CYCLES,BACKEND,SUB-EVENT,_MatMul_7:OpId_170 (cycles)
359506419301,EXECUTE,0,CYCLES,BACKEND,SUB-EVENT,_MatMul_7_post_reshape:OpId_173 (cycles)
359506419301,EXECUTE,0,CYCLES,BACKEND,SUB-EVENT,_Sigmoid:OpId_174 (cycles)
359506419301,EXECUTE,215241,CYCLES,BACKEND,SUB-EVENT,_Mul_12:OpId_181 (cycles)
359506419301,EXECUTE,101555,CYCLES,BACKEND,SUB-EVENT,_Mul_13:OpId_183 (cycles)
359506419301,EXECUTE,0,CYCLES,BACKEND,SUB-EVENT,_MatMul_8_pre_reshape:OpId_185 (cycles)
359506419301,EXECUTE,368054,CYCLES,BACKEND,SUB-EVENT,_MatMul_8:OpId_187 (cycles)
359506419301,EXECUTE,0,CYCLES,BACKEND,SUB-EVENT,_MatMul_8_post_reshape:OpId_190 (cycles)
359506419301,EXECUTE,0,CYCLES,BACKEND,SUB-EVENT,_MatMul_8_output_0_nfc:OpId_192 (cycles)
359506419301,EXECUTE,7116,CYCLES,BACKEND,SUB-EVENT,_Add_9:OpId_194 (cycles)
359506419301,EXECUTE,40334,CYCLES,BACKEND,SUB-EVENT,hidden_out_ncf:OpId_197 (cycles)
359506419301,EXECUTE,27948,CYCLES,BACKEND,SUB-EVENT,Output OpId_3 (cycles)
359506419301,EXECUTE,8289,US,BACKEND,ROOT,Accelerator (execute) time
359506419301,EXECUTE,6389,US,BACKEND,ROOT,Accelerator (execute excluding wait) time
359506419301,EXECUTE,16197,US,BACKEND,ROOT,QNN (execute) time
359506442165,EXECUTE,16349,US,NETRUN,ROOT,Graph 0: qwen2_0_5b_layer0_prefill_seq16
359506442165,EXECUTE,4,COUNT,BACKEND,ROOT,Number of HVX threads used
359506442165,EXECUTE,15908,US,BACKEND,ROOT,RPC (execute) time
359506442165,EXECUTE,14553,US,BACKEND,ROOT,QNN accelerator (execute) time
359506442165,EXECUTE,0,COUNT,BACKEND,ROOT,Num times yield occured
359506442165,EXECUTE,7523,US,BACKEND,ROOT,Time for initial VTCM acquire
359506442165,EXECUTE,5018,US,BACKEND,ROOT,Time for HVX + HMX power on and acquire
359506442165,EXECUTE,3044637,CYCLES,BACKEND,ROOT,Accelerator (execute) time (cycles)
359506442165,EXECUTE,7984,CYCLES,BACKEND,SUB-EVENT,Input OpId_2 (cycles)
359506442165,EXECUTE,0,CYCLES,BACKEND,SUB-EVENT,hidden_states_nfc:OpId_17 (cycles)
359506442165,EXECUTE,233921,CYCLES,BACKEND,SUB-EVENT,rms_norm__Mul_1_output_0:OpId_22 (cycles)
359506442165,EXECUTE,0,CYCLES,BACKEND,SUB-EVENT,_MatMul_2_pre_reshape:OpId_25 (cycles)
359506442165,EXECUTE,0,CYCLES,BACKEND,SUB-EVENT,_MatMul_1_pre_reshape:OpId_26 (cycles)
359506442165,EXECUTE,0,CYCLES,BACKEND,SUB-EVENT,_MatMul_pre_reshape:OpId_27 (cycles)
359506442165,EXECUTE,1107,CYCLES,BACKEND,SUB-EVENT,OpId_29 (cycles)
359506442165,EXECUTE,0,CYCLES,BACKEND,SUB-EVENT,_MatMul_lhs_reshape:OpId_30 (cycles)
359506442165,EXECUTE,0,CYCLES,BACKEND,SUB-EVENT,_MatMul_lhs_cast_fp16:OpId_31 (cycles)
359506442165,EXECUTE,57880,CYCLES,BACKEND,SUB-EVENT,_MatMul_rhs_cast_fp16:OpId_32 (cycles)
359506442165,EXECUTE,0,CYCLES,BACKEND,SUB-EVENT,_MatMul_bias_reshape:OpId_33 (cycles)
359506442165,EXECUTE,797850,CYCLES,BACKEND,SUB-EVENT,_MatMul:OpId_34 (cycles)
359506442165,EXECUTE,0,CYCLES,BACKEND,SUB-EVENT,_MatMul_custom_output_reshape:OpId_35 (cycles)
359506442165,EXECUTE,7999,CYCLES,BACKEND,SUB-EVENT,_MatMul_post_reshape:OpId_36 (cycles)
359506442165,EXECUTE,0,CYCLES,BACKEND,SUB-EVENT,_MatMul_1:OpId_39 (cycles)
359506442165,EXECUTE,0,CYCLES,BACKEND,SUB-EVENT,_MatMul_1_post_reshape:OpId_41 (cycles)
359506442165,EXECUTE,0,CYCLES,BACKEND,SUB-EVENT,_MatMul_2:OpId_44 (cycles)
359506442165,EXECUTE,0,CYCLES,BACKEND,SUB-EVENT,_MatMul_2_post_reshape:OpId_46 (cycles)
359506442165,EXECUTE,26747,CYCLES,BACKEND,SUB-EVENT,_Transpose:OpId_48 (cycles)
359506442165,EXECUTE,9866,CYCLES,BACKEND,SUB-EVENT,_Transpose_1:OpId_50 (cycles)
359506442165,EXECUTE,9519,CYCLES,BACKEND,SUB-EVENT,_Transpose_2:OpId_52 (cycles)
359506442165,EXECUTE,22945,CYCLES,BACKEND,SUB-EVENT,_Slice:OpId_54 (cycles)
359506442165,EXECUTE,7861,CYCLES,BACKEND,SUB-EVENT,_Slice_1:OpId_60 (cycles)
359506442165,EXECUTE,7276,CYCLES,BACKEND,SUB-EVENT,_Mul_2:OpId_66 (cycles)
359506442165,EXECUTE,4914,CYCLES,BACKEND,SUB-EVENT,_Mul_3:OpId_69 (cycles)
359506442165,EXECUTE,916,CYCLES,BACKEND,SUB-EVENT,_Sub:OpId_71 (cycles)
359506442165,EXECUTE,6974,CYCLES,BACKEND,SUB-EVENT,_Mul_4:OpId_73 (cycles)
359506442165,EXECUTE,4844,CYCLES,BACKEND,SUB-EVENT,_Mul_5:OpId_75 (cycles)
359506442165,EXECUTE,1489,CYCLES,BACKEND,SUB-EVENT,_Add_4:OpId_77 (cycles)
359506442165,EXECUTE,0,CYCLES,BACKEND,SUB-EVENT,_Unsqueeze:OpId_79 (cycles)
359506442165,EXECUTE,0,CYCLES,BACKEND,SUB-EVENT,_Unsqueeze_1:OpId_80 (cycles)
359506442165,EXECUTE,2630,CYCLES,BACKEND,SUB-EVENT,_Concat:OpId_81 (cycles)
359506442165,EXECUTE,0,CYCLES,BACKEND,SUB-EVENT,_Reshape_3:OpId_83 (cycles)
359506442165,EXECUTE,31012,CYCLES,BACKEND,SUB-EVENT,_Slice_3:OpId_85 (cycles)
359506442165,EXECUTE,4546,CYCLES,BACKEND,SUB-EVENT,_Slice_4:OpId_91 (cycles)
359506442165,EXECUTE,5432,CYCLES,BACKEND,SUB-EVENT,_Mul_6:OpId_96 (cycles)
359506442165,EXECUTE,5454,CYCLES,BACKEND,SUB-EVENT,_Mul_7:OpId_98 (cycles)
359506442165,EXECUTE,812,CYCLES,BACKEND,SUB-EVENT,_Sub_1:OpId_100 (cycles)
359506442165,EXECUTE,5432,CYCLES,BACKEND,SUB-EVENT,_Mul_8:OpId_102 (cycles)
359506442165,EXECUTE,4992,CYCLES,BACKEND,SUB-EVENT,_Mul_9:OpId_104 (cycles)
359506442165,EXECUTE,1452,CYCLES,BACKEND,SUB-EVENT,_Add_5:OpId_106 (cycles)
359506442165,EXECUTE,0,CYCLES,BACKEND,SUB-EVENT,_Unsqueeze_2:OpId_108 (cycles)
359506442165,EXECUTE,0,CYCLES,BACKEND,SUB-EVENT,_Unsqueeze_3:OpId_109 (cycles)
359506442165,EXECUTE,3937,CYCLES,BACKEND,SUB-EVENT,_Concat_2:OpId_110 (cycles)
359506442165,EXECUTE,4802,CYCLES,BACKEND,SUB-EVENT,_Reshape_4:OpId_112 (cycles)
359506442165,EXECUTE,0,CYCLES,BACKEND,SUB-EVENT,_Unsqueeze_4:OpId_113 (cycles)
359506442165,EXECUTE,2128,CYCLES,BACKEND,SUB-EVENT,_Tile:OpId_115 (cycles)
359506442165,EXECUTE,0,CYCLES,BACKEND,SUB-EVENT,_Reshape_5:OpId_116 (cycles)
359506442165,EXECUTE,0,CYCLES,BACKEND,SUB-EVENT,_Unsqueeze_5:OpId_117 (cycles)
359506442165,EXECUTE,3890,CYCLES,BACKEND,SUB-EVENT,_Tile_1:OpId_119 (cycles)
359506442165,EXECUTE,0,CYCLES,BACKEND,SUB-EVENT,_Reshape_6:OpId_120 (cycles)
359506442165,EXECUTE,0,CYCLES,BACKEND,SUB-EVENT,_Transpose_3:OpId_122 (cycles)
359506442165,EXECUTE,76503,CYCLES,BACKEND,SUB-EVENT,_MatMul_3:OpId_123 (cycles)
359506442165,EXECUTE,13788,CYCLES,BACKEND,SUB-EVENT,_Div_1:OpId_128 (cycles)
359506442165,EXECUTE,4192,CYCLES,BACKEND,SUB-EVENT,_Add_6:OpId_131 (cycles)
359506442165,EXECUTE,66284,CYCLES,BACKEND,SUB-EVENT,_Softmax:OpId_133 (cycles)
359506442165,EXECUTE,17024,CYCLES,BACKEND,SUB-EVENT,_MatMul_4:OpId_136 (cycles)
359506442165,EXECUTE,0,CYCLES,BACKEND,SUB-EVENT,_Transpose_4:OpId_141 (cycles)
359506442165,EXECUTE,0,CYCLES,BACKEND,SUB-EVENT,_Reshape_7:OpId_142 (cycles)
359506442165,EXECUTE,11160,CYCLES,BACKEND,SUB-EVENT,_MatMul_5:OpId_144 (cycles)
359506442165,EXECUTE,0,CYCLES,BACKEND,SUB-EVENT,_MatMul_5_post_reshape:OpId_147 (cycles)
359506442165,EXECUTE,0,CYCLES,BACKEND,SUB-EVENT,_MatMul_5_output_0_nfc:OpId_149 (cycles)
359506442165,EXECUTE,3763,CYCLES,BACKEND,SUB-EVENT,_Add_7:OpId_151 (cycles)
359506442165,EXECUTE,0,CYCLES,BACKEND,SUB-EVENT,_Add_7_output_0_ncf:OpId_154 (cycles)
359506442165,EXECUTE,12359,CYCLES,BACKEND,SUB-EVENT,rms_norm__Mul_11_output_0:OpId_159 (cycles)
359506442165,EXECUTE,0,CYCLES,BACKEND,SUB-EVENT,_MatMul_7_pre_reshape:OpId_162 (cycles)
359506442165,EXECUTE,0,CYCLES,BACKEND,SUB-EVENT,_MatMul_6_pre_reshape:OpId_163 (cycles)
359506442165,EXECUTE,405159,CYCLES,BACKEND,SUB-EVENT,_MatMul_6:OpId_165 (cycles)
359506442165,EXECUTE,0,CYCLES,BACKEND,SUB-EVENT,_MatMul_6_post_reshape:OpId_168 (cycles)
359506442165,EXECUTE,350316,CYCLES,BACKEND,SUB-EVENT,_MatMul_7:OpId_170 (cycles)
359506442165,EXECUTE,0,CYCLES,BACKEND,SUB-EVENT,_MatMul_7_post_reshape:OpId_173 (cycles)
359506442165,EXECUTE,0,CYCLES,BACKEND,SUB-EVENT,_Sigmoid:OpId_174 (cycles)
359506442165,EXECUTE,238720,CYCLES,BACKEND,SUB-EVENT,_Mul_12:OpId_181 (cycles)
359506442165,EXECUTE,110244,CYCLES,BACKEND,SUB-EVENT,_Mul_13:OpId_183 (cycles)
359506442165,EXECUTE,0,CYCLES,BACKEND,SUB-EVENT,_MatMul_8_pre_reshape:OpId_185 (cycles)
359506442165,EXECUTE,384285,CYCLES,BACKEND,SUB-EVENT,_MatMul_8:OpId_187 (cycles)
359506442165,EXECUTE,0,CYCLES,BACKEND,SUB-EVENT,_MatMul_8_post_reshape:OpId_190 (cycles)
359506442165,EXECUTE,0,CYCLES,BACKEND,SUB-EVENT,_MatMul_8_output_0_nfc:OpId_192 (cycles)
359506442165,EXECUTE,7056,CYCLES,BACKEND,SUB-EVENT,_Add_9:OpId_194 (cycles)
359506442165,EXECUTE,37191,CYCLES,BACKEND,SUB-EVENT,hidden_out_ncf:OpId_197 (cycles)
359506442165,EXECUTE,19982,CYCLES,BACKEND,SUB-EVENT,Output OpId_3 (cycles)
359506442165,EXECUTE,8466,US,BACKEND,ROOT,Accelerator (execute) time
359506442165,EXECUTE,6595,US,BACKEND,ROOT,Accelerator (execute excluding wait) time
359506442165,EXECUTE,16306,US,BACKEND,ROOT,QNN (execute) time
359506464473,EXECUTE,16226,US,NETRUN,ROOT,Graph 0: qwen2_0_5b_layer0_prefill_seq16
359506464473,EXECUTE,4,COUNT,BACKEND,ROOT,Number of HVX threads used
359506464473,EXECUTE,15796,US,BACKEND,ROOT,RPC (execute) time
359506464473,EXECUTE,14340,US,BACKEND,ROOT,QNN accelerator (execute) time
359506464473,EXECUTE,0,COUNT,BACKEND,ROOT,Num times yield occured
359506464473,EXECUTE,7380,US,BACKEND,ROOT,Time for initial VTCM acquire
359506464473,EXECUTE,4945,US,BACKEND,ROOT,Time for HVX + HMX power on and acquire
359506464473,EXECUTE,3113048,CYCLES,BACKEND,ROOT,Accelerator (execute) time (cycles)
359506464473,EXECUTE,1882,CYCLES,BACKEND,SUB-EVENT,Input OpId_2 (cycles)
359506464473,EXECUTE,0,CYCLES,BACKEND,SUB-EVENT,hidden_states_nfc:OpId_17 (cycles)
359506464473,EXECUTE,251141,CYCLES,BACKEND,SUB-EVENT,rms_norm__Mul_1_output_0:OpId_22 (cycles)
359506464473,EXECUTE,0,CYCLES,BACKEND,SUB-EVENT,_MatMul_2_pre_reshape:OpId_25 (cycles)
359506464473,EXECUTE,0,CYCLES,BACKEND,SUB-EVENT,_MatMul_1_pre_reshape:OpId_26 (cycles)
359506464473,EXECUTE,0,CYCLES,BACKEND,SUB-EVENT,_MatMul_pre_reshape:OpId_27 (cycles)
359506464473,EXECUTE,3112,CYCLES,BACKEND,SUB-EVENT,OpId_29 (cycles)
359506464473,EXECUTE,0,CYCLES,BACKEND,SUB-EVENT,_MatMul_lhs_reshape:OpId_30 (cycles)
359506464473,EXECUTE,0,CYCLES,BACKEND,SUB-EVENT,_MatMul_lhs_cast_fp16:OpId_31 (cycles)
359506464473,EXECUTE,4144,CYCLES,BACKEND,SUB-EVENT,_MatMul_rhs_cast_fp16:OpId_32 (cycles)
359506464473,EXECUTE,0,CYCLES,BACKEND,SUB-EVENT,_MatMul_bias_reshape:OpId_33 (cycles)
359506464473,EXECUTE,798789,CYCLES,BACKEND,SUB-EVENT,_MatMul:OpId_34 (cycles)
359506464473,EXECUTE,0,CYCLES,BACKEND,SUB-EVENT,_MatMul_custom_output_reshape:OpId_35 (cycles)
359506464473,EXECUTE,7872,CYCLES,BACKEND,SUB-EVENT,_MatMul_post_reshape:OpId_36 (cycles)
359506464473,EXECUTE,0,CYCLES,BACKEND,SUB-EVENT,_MatMul_1:OpId_39 (cycles)
359506464473,EXECUTE,0,CYCLES,BACKEND,SUB-EVENT,_MatMul_1_post_reshape:OpId_41 (cycles)
359506464473,EXECUTE,0,CYCLES,BACKEND,SUB-EVENT,_MatMul_2:OpId_44 (cycles)
359506464473,EXECUTE,0,CYCLES,BACKEND,SUB-EVENT,_MatMul_2_post_reshape:OpId_46 (cycles)
359506464473,EXECUTE,48072,CYCLES,BACKEND,SUB-EVENT,_Transpose:OpId_48 (cycles)
359506464473,EXECUTE,11482,CYCLES,BACKEND,SUB-EVENT,_Transpose_1:OpId_50 (cycles)
359506464473,EXECUTE,12666,CYCLES,BACKEND,SUB-EVENT,_Transpose_2:OpId_52 (cycles)
359506464473,EXECUTE,22800,CYCLES,BACKEND,SUB-EVENT,_Slice:OpId_54 (cycles)
359506464473,EXECUTE,7955,CYCLES,BACKEND,SUB-EVENT,_Slice_1:OpId_60 (cycles)
359506464473,EXECUTE,26059,CYCLES,BACKEND,SUB-EVENT,_Mul_2:OpId_66 (cycles)
359506464473,EXECUTE,4790,CYCLES,BACKEND,SUB-EVENT,_Mul_3:OpId_69 (cycles)
359506464473,EXECUTE,926,CYCLES,BACKEND,SUB-EVENT,_Sub:OpId_71 (cycles)
359506464473,EXECUTE,15884,CYCLES,BACKEND,SUB-EVENT,_Mul_4:OpId_73 (cycles)
359506464473,EXECUTE,4790,CYCLES,BACKEND,SUB-EVENT,_Mul_5:OpId_75 (cycles)
359506464473,EXECUTE,2504,CYCLES,BACKEND,SUB-EVENT,_Add_4:OpId_77 (cycles)
359506464473,EXECUTE,0,CYCLES,BACKEND,SUB-EVENT,_Unsqueeze:OpId_79 (cycles)
359506464473,EXECUTE,0,CYCLES,BACKEND,SUB-EVENT,_Unsqueeze_1:OpId_80 (cycles)
359506464473,EXECUTE,5540,CYCLES,BACKEND,SUB-EVENT,_Concat:OpId_81 (cycles)
359506464473,EXECUTE,0,CYCLES,BACKEND,SUB-EVENT,_Reshape_3:OpId_83 (cycles)
359506464473,EXECUTE,130377,CYCLES,BACKEND,SUB-EVENT,_Slice_3:OpId_85 (cycles)
359506464473,EXECUTE,5065,CYCLES,BACKEND,SUB-EVENT,_Slice_4:OpId_91 (cycles)
359506464473,EXECUTE,5363,CYCLES,BACKEND,SUB-EVENT,_Mul_6:OpId_96 (cycles)
359506464473,EXECUTE,5295,CYCLES,BACKEND,SUB-EVENT,_Mul_7:OpId_98 (cycles)
359506464473,EXECUTE,713,CYCLES,BACKEND,SUB-EVENT,_Sub_1:OpId_100 (cycles)
359506464473,EXECUTE,10554,CYCLES,BACKEND,SUB-EVENT,_Mul_8:OpId_102 (cycles)
359506464473,EXECUTE,4931,CYCLES,BACKEND,SUB-EVENT,_Mul_9:OpId_104 (cycles)
359506464473,EXECUTE,1395,CYCLES,BACKEND,SUB-EVENT,_Add_5:OpId_106 (cycles)
359506464473,EXECUTE,0,CYCLES,BACKEND,SUB-EVENT,_Unsqueeze_2:OpId_108 (cycles)
359506464473,EXECUTE,0,CYCLES,BACKEND,SUB-EVENT,_Unsqueeze_3:OpId_109 (cycles)
359506464473,EXECUTE,8526,CYCLES,BACKEND,SUB-EVENT,_Concat_2:OpId_110 (cycles)
359506464473,EXECUTE,3316,CYCLES,BACKEND,SUB-EVENT,_Reshape_4:OpId_112 (cycles)
359506464473,EXECUTE,0,CYCLES,BACKEND,SUB-EVENT,_Unsqueeze_4:OpId_113 (cycles)
359506464473,EXECUTE,11132,CYCLES,BACKEND,SUB-EVENT,_Tile:OpId_115 (cycles)
359506464473,EXECUTE,0,CYCLES,BACKEND,SUB-EVENT,_Reshape_5:OpId_116 (cycles)
359506464473,EXECUTE,0,CYCLES,BACKEND,SUB-EVENT,_Unsqueeze_5:OpId_117 (cycles)
359506464473,EXECUTE,7822,CYCLES,BACKEND,SUB-EVENT,_Tile_1:OpId_119 (cycles)
359506464473,EXECUTE,0,CYCLES,BACKEND,SUB-EVENT,_Reshape_6:OpId_120 (cycles)
359506464473,EXECUTE,0,CYCLES,BACKEND,SUB-EVENT,_Transpose_3:OpId_122 (cycles)
359506464473,EXECUTE,78602,CYCLES,BACKEND,SUB-EVENT,_MatMul_3:OpId_123 (cycles)
359506464473,EXECUTE,51680,CYCLES,BACKEND,SUB-EVENT,_Div_1:OpId_128 (cycles)
359506464473,EXECUTE,4799,CYCLES,BACKEND,SUB-EVENT,_Add_6:OpId_131 (cycles)
359506464473,EXECUTE,58801,CYCLES,BACKEND,SUB-EVENT,_Softmax:OpId_133 (cycles)
359506464473,EXECUTE,83670,CYCLES,BACKEND,SUB-EVENT,_MatMul_4:OpId_136 (cycles)
359506464473,EXECUTE,0,CYCLES,BACKEND,SUB-EVENT,_Transpose_4:OpId_141 (cycles)
359506464473,EXECUTE,0,CYCLES,BACKEND,SUB-EVENT,_Reshape_7:OpId_142 (cycles)
359506464473,EXECUTE,18242,CYCLES,BACKEND,SUB-EVENT,_MatMul_5:OpId_144 (cycles)
359506464473,EXECUTE,0,CYCLES,BACKEND,SUB-EVENT,_MatMul_5_post_reshape:OpId_147 (cycles)
359506464473,EXECUTE,0,CYCLES,BACKEND,SUB-EVENT,_MatMul_5_output_0_nfc:OpId_149 (cycles)
359506464473,EXECUTE,3742,CYCLES,BACKEND,SUB-EVENT,_Add_7:OpId_151 (cycles)
359506464473,EXECUTE,0,CYCLES,BACKEND,SUB-EVENT,_Add_7_output_0_ncf:OpId_154 (cycles)
359506464473,EXECUTE,14970,CYCLES,BACKEND,SUB-EVENT,rms_norm__Mul_11_output_0:OpId_159 (cycles)
359506464473,EXECUTE,0,CYCLES,BACKEND,SUB-EVENT,_MatMul_7_pre_reshape:OpId_162 (cycles)
359506464473,EXECUTE,0,CYCLES,BACKEND,SUB-EVENT,_MatMul_6_pre_reshape:OpId_163 (cycles)
359506464473,EXECUTE,234332,CYCLES,BACKEND,SUB-EVENT,_MatMul_6:OpId_165 (cycles)
359506464473,EXECUTE,0,CYCLES,BACKEND,SUB-EVENT,_MatMul_6_post_reshape:OpId_168 (cycles)
359506464473,EXECUTE,367354,CYCLES,BACKEND,SUB-EVENT,_MatMul_7:OpId_170 (cycles)
359506464473,EXECUTE,0,CYCLES,BACKEND,SUB-EVENT,_MatMul_7_post_reshape:OpId_173 (cycles)
359506464473,EXECUTE,0,CYCLES,BACKEND,SUB-EVENT,_Sigmoid:OpId_174 (cycles)
359506464473,EXECUTE,236092,CYCLES,BACKEND,SUB-EVENT,_Mul_12:OpId_181 (cycles)
359506464473,EXECUTE,92729,CYCLES,BACKEND,SUB-EVENT,_Mul_13:OpId_183 (cycles)
359506464473,EXECUTE,0,CYCLES,BACKEND,SUB-EVENT,_MatMul_8_pre_reshape:OpId_185 (cycles)
359506464473,EXECUTE,374798,CYCLES,BACKEND,SUB-EVENT,_MatMul_8:OpId_187 (cycles)
359506464473,EXECUTE,0,CYCLES,BACKEND,SUB-EVENT,_MatMul_8_post_reshape:OpId_190 (cycles)
359506464473,EXECUTE,0,CYCLES,BACKEND,SUB-EVENT,_MatMul_8_output_0_nfc:OpId_192 (cycles)
359506464473,EXECUTE,7147,CYCLES,BACKEND,SUB-EVENT,_Add_9:OpId_194 (cycles)
359506464473,EXECUTE,38641,CYCLES,BACKEND,SUB-EVENT,hidden_out_ncf:OpId_197 (cycles)
359506464473,EXECUTE,22552,CYCLES,BACKEND,SUB-EVENT,Output OpId_3 (cycles)
359506464473,EXECUTE,8248,US,BACKEND,ROOT,Accelerator (execute) time
359506464473,EXECUTE,6366,US,BACKEND,ROOT,Accelerator (execute excluding wait) time
359506464473,EXECUTE,16184,US,BACKEND,ROOT,QNN (execute) time
359506468899,EXECUTE IPS,43.395432,INF/SEC,NETRUN,ROOT,null
