input log file location, tiny_llm_block_custom_matmul/device_output/prefill_gate_proj_lhs_prepack/qnn-profiling-data_0.log
qnn-profile-viewer version, v2.47.0.260601114230
qnn-net-run version, v2.47.0.260601114230
Backend version, v2.47.0.260601114230
Msg Timestamp, Message, Time, Unit of Measurement, Timing Source, Event Level, Event Identifier
301369540539,INIT,164107,US,NETRUN,ROOT,null
301369621286,COMPOSE GRAPHS,79837,US,NETRUN,ROOT,null
301369702846,FINALIZE,80606,US,NETRUN,ROOT,Graph 0: tiny_block_prefill
301369702846,FINALIZE,6604,US,BACKEND,ROOT,RPC (finalize) time
301369702846,FINALIZE,5026,US,BACKEND,ROOT,QNN accelerator (finalize) time
301369702846,FINALIZE,4885,US,BACKEND,ROOT,Accelerator (finalize) time
301369702846,FINALIZE,80573,US,BACKEND,ROOT,QNN (finalize) time
301369702846,FINALIZE,240,US,BACKEND,SUB-EVENT,Graph Preparation Initializing
301369702846,FINALIZE,50280,US,BACKEND,SUB-EVENT,Graph Optimizations
301369702846,FINALIZE,1324,US,BACKEND,SUB-EVENT,Post Graph Optimization
301369702846,FINALIZE,6170,US,BACKEND,SUB-EVENT,Graph Sequencing for Target
301369702846,FINALIZE,702,US,BACKEND,SUB-EVENT,VTCM Allocation
301369702846,FINALIZE,154,US,BACKEND,SUB-EVENT,Parallelization Optimization
301369702846,FINALIZE,542,US,BACKEND,SUB-EVENT,Finalizing Graph Sequence
301369702846,FINALIZE,27,US,BACKEND,SUB-EVENT,Completion
301369969838,DE-INIT,31997,US,NETRUN,ROOT,null
301369969838,DE-INIT,6505,US,BACKEND,ROOT,RPC (deinit) time
301369969838,DE-INIT,5235,US,BACKEND,ROOT,QNN Accelerator (deinit) time
301369969838,DE-INIT,5093,US,BACKEND,ROOT,Accelerator (deinit) time
301369969838,DE-INIT,31954,US,BACKEND,ROOT,QNN (deinit) time
301369727753,EXECUTE,23571,US,NETRUN,ROOT,Graph 0: tiny_block_prefill
301369727753,EXECUTE,4,COUNT,BACKEND,ROOT,Number of HVX threads used
301369727753,EXECUTE,23094,US,BACKEND,ROOT,RPC (execute) time
301369727753,EXECUTE,18990,US,BACKEND,ROOT,QNN accelerator (execute) time
301369727753,EXECUTE,0,COUNT,BACKEND,ROOT,Num times yield occured
301369727753,EXECUTE,2768,US,BACKEND,ROOT,Time for initial VTCM acquire
301369727753,EXECUTE,44440,US,BACKEND,ROOT,Time for HVX + HMX power on and acquire
301369727753,EXECUTE,4661211,CYCLES,BACKEND,ROOT,Accelerator (execute) time (cycles)
301369727753,EXECUTE,5307,CYCLES,BACKEND,SUB-EVENT,Input OpId_2 (cycles)
301369727753,EXECUTE,0,CYCLES,BACKEND,SUB-EVENT,hidden_states_nfc:OpId_17 (cycles)
301369727753,EXECUTE,26426,CYCLES,BACKEND,SUB-EVENT,rms_norm__Mul_2_output_0:OpId_22 (cycles)
301369727753,EXECUTE,0,CYCLES,BACKEND,SUB-EVENT,_MatMul_2_pre_reshape:OpId_25 (cycles)
301369727753,EXECUTE,0,CYCLES,BACKEND,SUB-EVENT,_MatMul_1_pre_reshape:OpId_26 (cycles)
301369727753,EXECUTE,0,CYCLES,BACKEND,SUB-EVENT,_MatMul_pre_reshape:OpId_27 (cycles)
301369727753,EXECUTE,0,CYCLES,BACKEND,SUB-EVENT,_MatMul:OpId_30 (cycles)
301369727753,EXECUTE,0,CYCLES,BACKEND,SUB-EVENT,_MatMul_post_reshape:OpId_32 (cycles)
301369727753,EXECUTE,9740,CYCLES,BACKEND,SUB-EVENT,_Transpose:OpId_34 (cycles)
301369727753,EXECUTE,0,CYCLES,BACKEND,SUB-EVENT,_MatMul_1:OpId_37 (cycles)
301369727753,EXECUTE,0,CYCLES,BACKEND,SUB-EVENT,_MatMul_1_post_reshape:OpId_39 (cycles)
301369727753,EXECUTE,11057,CYCLES,BACKEND,SUB-EVENT,_Transpose_1:OpId_41 (cycles)
301369727753,EXECUTE,0,CYCLES,BACKEND,SUB-EVENT,_MatMul_2:OpId_44 (cycles)
301369727753,EXECUTE,0,CYCLES,BACKEND,SUB-EVENT,_MatMul_2_post_reshape:OpId_46 (cycles)
301369727753,EXECUTE,15617,CYCLES,BACKEND,SUB-EVENT,_Transpose_2:OpId_48 (cycles)
301369727753,EXECUTE,0,CYCLES,BACKEND,SUB-EVENT,_Slice:OpId_50 (cycles)
301369727753,EXECUTE,652,CYCLES,BACKEND,SUB-EVENT,_Slice_1:OpId_56 (cycles)
301369727753,EXECUTE,7325,CYCLES,BACKEND,SUB-EVENT,_Mul_3:OpId_62 (cycles)
301369727753,EXECUTE,6733,CYCLES,BACKEND,SUB-EVENT,_Mul_4:OpId_65 (cycles)
301369727753,EXECUTE,828,CYCLES,BACKEND,SUB-EVENT,_Sub:OpId_67 (cycles)
301369727753,EXECUTE,5763,CYCLES,BACKEND,SUB-EVENT,_Mul_5:OpId_69 (cycles)
301369727753,EXECUTE,7355,CYCLES,BACKEND,SUB-EVENT,_Mul_6:OpId_71 (cycles)
301369727753,EXECUTE,1107,CYCLES,BACKEND,SUB-EVENT,_Add_4:OpId_73 (cycles)
301369727753,EXECUTE,1970,CYCLES,BACKEND,SUB-EVENT,_Concat:OpId_75 (cycles)
301369727753,EXECUTE,0,CYCLES,BACKEND,SUB-EVENT,_Slice_2:OpId_78 (cycles)
301369727753,EXECUTE,1846,CYCLES,BACKEND,SUB-EVENT,_Slice_3:OpId_84 (cycles)
301369727753,EXECUTE,10152,CYCLES,BACKEND,SUB-EVENT,_Mul_7:OpId_89 (cycles)
301369727753,EXECUTE,6639,CYCLES,BACKEND,SUB-EVENT,_Mul_8:OpId_91 (cycles)
301369727753,EXECUTE,1461,CYCLES,BACKEND,SUB-EVENT,_Sub_1:OpId_93 (cycles)
301369727753,EXECUTE,6574,CYCLES,BACKEND,SUB-EVENT,_Mul_9:OpId_95 (cycles)
301369727753,EXECUTE,10133,CYCLES,BACKEND,SUB-EVENT,_Mul_10:OpId_97 (cycles)
301369727753,EXECUTE,1443,CYCLES,BACKEND,SUB-EVENT,_Add_5:OpId_99 (cycles)
301369727753,EXECUTE,7223,CYCLES,BACKEND,SUB-EVENT,_Concat_1:OpId_101 (cycles)
301369727753,EXECUTE,0,CYCLES,BACKEND,SUB-EVENT,_Unsqueeze_4:OpId_103 (cycles)
301369727753,EXECUTE,1984,CYCLES,BACKEND,SUB-EVENT,_Tile:OpId_105 (cycles)
301369727753,EXECUTE,0,CYCLES,BACKEND,SUB-EVENT,_Reshape_3:OpId_106 (cycles)
301369727753,EXECUTE,0,CYCLES,BACKEND,SUB-EVENT,_Unsqueeze_5:OpId_107 (cycles)
301369727753,EXECUTE,2765,CYCLES,BACKEND,SUB-EVENT,_Tile_1:OpId_109 (cycles)
301369727753,EXECUTE,0,CYCLES,BACKEND,SUB-EVENT,_Reshape_4:OpId_110 (cycles)
301369727753,EXECUTE,0,CYCLES,BACKEND,SUB-EVENT,_Transpose_3:OpId_112 (cycles)
301369727753,EXECUTE,151818,CYCLES,BACKEND,SUB-EVENT,_MatMul_3:OpId_113 (cycles)
301369727753,EXECUTE,18031,CYCLES,BACKEND,SUB-EVENT,_Mul_11:OpId_118 (cycles)
301369727753,EXECUTE,0,CYCLES,BACKEND,SUB-EVENT,_Unsqueeze_7_output_0_cast_to_bool:OpId_121 (cycles)
301369727753,EXECUTE,21113,CYCLES,BACKEND,SUB-EVENT,_Where:OpId_123 (cycles)
301369727753,EXECUTE,23665,CYCLES,BACKEND,SUB-EVENT,_Softmax:OpId_124 (cycles)
301369727753,EXECUTE,20274,CYCLES,BACKEND,SUB-EVENT,_MatMul_4:OpId_127 (cycles)
301369727753,EXECUTE,0,CYCLES,BACKEND,SUB-EVENT,_Transpose_4:OpId_132 (cycles)
301369727753,EXECUTE,0,CYCLES,BACKEND,SUB-EVENT,_Reshape_5:OpId_133 (cycles)
301369727753,EXECUTE,2870,CYCLES,BACKEND,SUB-EVENT,_MatMul_5:OpId_135 (cycles)
301369727753,EXECUTE,0,CYCLES,BACKEND,SUB-EVENT,_MatMul_5_post_reshape:OpId_138 (cycles)
301369727753,EXECUTE,0,CYCLES,BACKEND,SUB-EVENT,_MatMul_5_output_0_nfc:OpId_140 (cycles)
301369727753,EXECUTE,1107,CYCLES,BACKEND,SUB-EVENT,_Add_6:OpId_142 (cycles)
301369727753,EXECUTE,0,CYCLES,BACKEND,SUB-EVENT,_Add_6_output_0_ncf:OpId_145 (cycles)
301369727753,EXECUTE,8732,CYCLES,BACKEND,SUB-EVENT,rms_norm__Mul_14_output_0:OpId_150 (cycles)
301369727753,EXECUTE,0,CYCLES,BACKEND,SUB-EVENT,_MatMul_7_pre_reshape:OpId_153 (cycles)
301369727753,EXECUTE,0,CYCLES,BACKEND,SUB-EVENT,_MatMul_6_pre_reshape:OpId_154 (cycles)
301369727753,EXECUTE,0,CYCLES,BACKEND,SUB-EVENT,_MatMul_6_lhs_reshape:OpId_156 (cycles)
301369727753,EXECUTE,0,CYCLES,BACKEND,SUB-EVENT,_MatMul_6_lhs_cast_fp16:OpId_157 (cycles)
301369727753,EXECUTE,9466,CYCLES,BACKEND,SUB-EVENT,_MatMul_6_pack_lhs_q13:OpId_158 (cycles)
301369727753,EXECUTE,26167,CYCLES,BACKEND,SUB-EVENT,_MatMul_6_weight_transpose:OpId_160 (cycles)
301369727753,EXECUTE,0,CYCLES,BACKEND,SUB-EVENT,_MatMul_6_rhs_cast_fp16:OpId_161 (cycles)
301369727753,EXECUTE,4051957,CYCLES,BACKEND,SUB-EVENT,_MatMul_6:OpId_162 (cycles)
301369727753,EXECUTE,0,CYCLES,BACKEND,SUB-EVENT,_MatMul_6_output_reshape:OpId_163 (cycles)
301369727753,EXECUTE,0,CYCLES,BACKEND,SUB-EVENT,_MatMul_6_post_reshape:OpId_164 (cycles)
301369727753,EXECUTE,24097,CYCLES,BACKEND,SUB-EVENT,_Sigmoid:OpId_165 (cycles)
301369727753,EXECUTE,64187,CYCLES,BACKEND,SUB-EVENT,_Mul_15:OpId_172 (cycles)
301369727753,EXECUTE,9753,CYCLES,BACKEND,SUB-EVENT,_MatMul_7:OpId_175 (cycles)
301369727753,EXECUTE,0,CYCLES,BACKEND,SUB-EVENT,_MatMul_7_post_reshape:OpId_178 (cycles)
301369727753,EXECUTE,40669,CYCLES,BACKEND,SUB-EVENT,_Mul_16:OpId_179 (cycles)
301369727753,EXECUTE,0,CYCLES,BACKEND,SUB-EVENT,_MatMul_8_pre_reshape:OpId_181 (cycles)
301369727753,EXECUTE,2246,CYCLES,BACKEND,SUB-EVENT,_MatMul_8:OpId_183 (cycles)
301369727753,EXECUTE,0,CYCLES,BACKEND,SUB-EVENT,_MatMul_8_post_reshape:OpId_186 (cycles)
301369727753,EXECUTE,0,CYCLES,BACKEND,SUB-EVENT,_MatMul_8_output_0_nfc:OpId_188 (cycles)
301369727753,EXECUTE,2785,CYCLES,BACKEND,SUB-EVENT,_Add_8:OpId_190 (cycles)
301369727753,EXECUTE,14613,CYCLES,BACKEND,SUB-EVENT,hidden_out_ncf:OpId_193 (cycles)
301369727753,EXECUTE,17561,CYCLES,BACKEND,SUB-EVENT,Output OpId_3 (cycles)
301369727753,EXECUTE,15265,US,BACKEND,ROOT,Accelerator (execute) time
301369727753,EXECUTE,11634,US,BACKEND,ROOT,Accelerator (execute excluding wait) time
301369727753,EXECUTE,23525,US,BACKEND,ROOT,QNN (execute) time
301369748859,EXECUTE,18029,US,NETRUN,ROOT,Graph 0: tiny_block_prefill
301369748859,EXECUTE,4,COUNT,BACKEND,ROOT,Number of HVX threads used
301369748859,EXECUTE,17435,US,BACKEND,ROOT,RPC (execute) time
301369748859,EXECUTE,15150,US,BACKEND,ROOT,QNN accelerator (execute) time
301369748859,EXECUTE,0,COUNT,BACKEND,ROOT,Num times yield occured
301369748859,EXECUTE,7285,US,BACKEND,ROOT,Time for initial VTCM acquire
301369748859,EXECUTE,5032,US,BACKEND,ROOT,Time for HVX + HMX power on and acquire
301369748859,EXECUTE,4465563,CYCLES,BACKEND,ROOT,Accelerator (execute) time (cycles)
301369748859,EXECUTE,1360,CYCLES,BACKEND,SUB-EVENT,Input OpId_2 (cycles)
301369748859,EXECUTE,0,CYCLES,BACKEND,SUB-EVENT,hidden_states_nfc:OpId_17 (cycles)
301369748859,EXECUTE,15636,CYCLES,BACKEND,SUB-EVENT,rms_norm__Mul_2_output_0:OpId_22 (cycles)
301369748859,EXECUTE,0,CYCLES,BACKEND,SUB-EVENT,_MatMul_2_pre_reshape:OpId_25 (cycles)
301369748859,EXECUTE,0,CYCLES,BACKEND,SUB-EVENT,_MatMul_1_pre_reshape:OpId_26 (cycles)
301369748859,EXECUTE,0,CYCLES,BACKEND,SUB-EVENT,_MatMul_pre_reshape:OpId_27 (cycles)
301369748859,EXECUTE,0,CYCLES,BACKEND,SUB-EVENT,_MatMul:OpId_30 (cycles)
301369748859,EXECUTE,0,CYCLES,BACKEND,SUB-EVENT,_MatMul_post_reshape:OpId_32 (cycles)
301369748859,EXECUTE,12476,CYCLES,BACKEND,SUB-EVENT,_Transpose:OpId_34 (cycles)
301369748859,EXECUTE,0,CYCLES,BACKEND,SUB-EVENT,_MatMul_1:OpId_37 (cycles)
301369748859,EXECUTE,0,CYCLES,BACKEND,SUB-EVENT,_MatMul_1_post_reshape:OpId_39 (cycles)
301369748859,EXECUTE,7143,CYCLES,BACKEND,SUB-EVENT,_Transpose_1:OpId_41 (cycles)
301369748859,EXECUTE,0,CYCLES,BACKEND,SUB-EVENT,_MatMul_2:OpId_44 (cycles)
301369748859,EXECUTE,0,CYCLES,BACKEND,SUB-EVENT,_MatMul_2_post_reshape:OpId_46 (cycles)
301369748859,EXECUTE,8371,CYCLES,BACKEND,SUB-EVENT,_Transpose_2:OpId_48 (cycles)
301369748859,EXECUTE,0,CYCLES,BACKEND,SUB-EVENT,_Slice:OpId_50 (cycles)
301369748859,EXECUTE,691,CYCLES,BACKEND,SUB-EVENT,_Slice_1:OpId_56 (cycles)
301369748859,EXECUTE,7122,CYCLES,BACKEND,SUB-EVENT,_Mul_3:OpId_62 (cycles)
301369748859,EXECUTE,6351,CYCLES,BACKEND,SUB-EVENT,_Mul_4:OpId_65 (cycles)
301369748859,EXECUTE,827,CYCLES,BACKEND,SUB-EVENT,_Sub:OpId_67 (cycles)
301369748859,EXECUTE,5942,CYCLES,BACKEND,SUB-EVENT,_Mul_5:OpId_69 (cycles)
301369748859,EXECUTE,7043,CYCLES,BACKEND,SUB-EVENT,_Mul_6:OpId_71 (cycles)
301369748859,EXECUTE,1348,CYCLES,BACKEND,SUB-EVENT,_Add_4:OpId_73 (cycles)
301369748859,EXECUTE,1179,CYCLES,BACKEND,SUB-EVENT,_Concat:OpId_75 (cycles)
301369748859,EXECUTE,0,CYCLES,BACKEND,SUB-EVENT,_Slice_2:OpId_78 (cycles)
301369748859,EXECUTE,1106,CYCLES,BACKEND,SUB-EVENT,_Slice_3:OpId_84 (cycles)
301369748859,EXECUTE,8125,CYCLES,BACKEND,SUB-EVENT,_Mul_7:OpId_89 (cycles)
301369748859,EXECUTE,5691,CYCLES,BACKEND,SUB-EVENT,_Mul_8:OpId_91 (cycles)
301369748859,EXECUTE,1072,CYCLES,BACKEND,SUB-EVENT,_Sub_1:OpId_93 (cycles)
301369748859,EXECUTE,5608,CYCLES,BACKEND,SUB-EVENT,_Mul_9:OpId_95 (cycles)
301369748859,EXECUTE,8141,CYCLES,BACKEND,SUB-EVENT,_Mul_10:OpId_97 (cycles)
301369748859,EXECUTE,546,CYCLES,BACKEND,SUB-EVENT,_Add_5:OpId_99 (cycles)
301369748859,EXECUTE,3224,CYCLES,BACKEND,SUB-EVENT,_Concat_1:OpId_101 (cycles)
301369748859,EXECUTE,0,CYCLES,BACKEND,SUB-EVENT,_Unsqueeze_4:OpId_103 (cycles)
301369748859,EXECUTE,2126,CYCLES,BACKEND,SUB-EVENT,_Tile:OpId_105 (cycles)
301369748859,EXECUTE,0,CYCLES,BACKEND,SUB-EVENT,_Reshape_3:OpId_106 (cycles)
301369748859,EXECUTE,0,CYCLES,BACKEND,SUB-EVENT,_Unsqueeze_5:OpId_107 (cycles)
301369748859,EXECUTE,2535,CYCLES,BACKEND,SUB-EVENT,_Tile_1:OpId_109 (cycles)
301369748859,EXECUTE,0,CYCLES,BACKEND,SUB-EVENT,_Reshape_4:OpId_110 (cycles)
301369748859,EXECUTE,0,CYCLES,BACKEND,SUB-EVENT,_Transpose_3:OpId_112 (cycles)
301369748859,EXECUTE,44153,CYCLES,BACKEND,SUB-EVENT,_MatMul_3:OpId_113 (cycles)
301369748859,EXECUTE,15003,CYCLES,BACKEND,SUB-EVENT,_Mul_11:OpId_118 (cycles)
301369748859,EXECUTE,0,CYCLES,BACKEND,SUB-EVENT,_Unsqueeze_7_output_0_cast_to_bool:OpId_121 (cycles)
301369748859,EXECUTE,15246,CYCLES,BACKEND,SUB-EVENT,_Where:OpId_123 (cycles)
301369748859,EXECUTE,17885,CYCLES,BACKEND,SUB-EVENT,_Softmax:OpId_124 (cycles)
301369748859,EXECUTE,16298,CYCLES,BACKEND,SUB-EVENT,_MatMul_4:OpId_127 (cycles)
301369748859,EXECUTE,0,CYCLES,BACKEND,SUB-EVENT,_Transpose_4:OpId_132 (cycles)
301369748859,EXECUTE,0,CYCLES,BACKEND,SUB-EVENT,_Reshape_5:OpId_133 (cycles)
301369748859,EXECUTE,2945,CYCLES,BACKEND,SUB-EVENT,_MatMul_5:OpId_135 (cycles)
301369748859,EXECUTE,0,CYCLES,BACKEND,SUB-EVENT,_MatMul_5_post_reshape:OpId_138 (cycles)
301369748859,EXECUTE,0,CYCLES,BACKEND,SUB-EVENT,_MatMul_5_output_0_nfc:OpId_140 (cycles)
301369748859,EXECUTE,1117,CYCLES,BACKEND,SUB-EVENT,_Add_6:OpId_142 (cycles)
301369748859,EXECUTE,0,CYCLES,BACKEND,SUB-EVENT,_Add_6_output_0_ncf:OpId_145 (cycles)
301369748859,EXECUTE,8542,CYCLES,BACKEND,SUB-EVENT,rms_norm__Mul_14_output_0:OpId_150 (cycles)
301369748859,EXECUTE,0,CYCLES,BACKEND,SUB-EVENT,_MatMul_7_pre_reshape:OpId_153 (cycles)
301369748859,EXECUTE,0,CYCLES,BACKEND,SUB-EVENT,_MatMul_6_pre_reshape:OpId_154 (cycles)
301369748859,EXECUTE,0,CYCLES,BACKEND,SUB-EVENT,_MatMul_6_lhs_reshape:OpId_156 (cycles)
301369748859,EXECUTE,0,CYCLES,BACKEND,SUB-EVENT,_MatMul_6_lhs_cast_fp16:OpId_157 (cycles)
301369748859,EXECUTE,7347,CYCLES,BACKEND,SUB-EVENT,_MatMul_6_pack_lhs_q13:OpId_158 (cycles)
301369748859,EXECUTE,21804,CYCLES,BACKEND,SUB-EVENT,_MatMul_6_weight_transpose:OpId_160 (cycles)
301369748859,EXECUTE,0,CYCLES,BACKEND,SUB-EVENT,_MatMul_6_rhs_cast_fp16:OpId_161 (cycles)
301369748859,EXECUTE,4036196,CYCLES,BACKEND,SUB-EVENT,_MatMul_6:OpId_162 (cycles)
301369748859,EXECUTE,0,CYCLES,BACKEND,SUB-EVENT,_MatMul_6_output_reshape:OpId_163 (cycles)
301369748859,EXECUTE,0,CYCLES,BACKEND,SUB-EVENT,_MatMul_6_post_reshape:OpId_164 (cycles)
301369748859,EXECUTE,11971,CYCLES,BACKEND,SUB-EVENT,_Sigmoid:OpId_165 (cycles)
301369748859,EXECUTE,56932,CYCLES,BACKEND,SUB-EVENT,_Mul_15:OpId_172 (cycles)
301369748859,EXECUTE,19708,CYCLES,BACKEND,SUB-EVENT,_MatMul_7:OpId_175 (cycles)
301369748859,EXECUTE,0,CYCLES,BACKEND,SUB-EVENT,_MatMul_7_post_reshape:OpId_178 (cycles)
301369748859,EXECUTE,46198,CYCLES,BACKEND,SUB-EVENT,_Mul_16:OpId_179 (cycles)
301369748859,EXECUTE,0,CYCLES,BACKEND,SUB-EVENT,_MatMul_8_pre_reshape:OpId_181 (cycles)
301369748859,EXECUTE,13155,CYCLES,BACKEND,SUB-EVENT,_MatMul_8:OpId_183 (cycles)
301369748859,EXECUTE,0,CYCLES,BACKEND,SUB-EVENT,_MatMul_8_post_reshape:OpId_186 (cycles)
301369748859,EXECUTE,0,CYCLES,BACKEND,SUB-EVENT,_MatMul_8_output_0_nfc:OpId_188 (cycles)
301369748859,EXECUTE,2763,CYCLES,BACKEND,SUB-EVENT,_Add_8:OpId_190 (cycles)
301369748859,EXECUTE,6742,CYCLES,BACKEND,SUB-EVENT,hidden_out_ncf:OpId_193 (cycles)
301369748859,EXECUTE,7895,CYCLES,BACKEND,SUB-EVENT,Output OpId_3 (cycles)
301369748859,EXECUTE,13298,US,BACKEND,ROOT,Accelerator (execute) time
301369748859,EXECUTE,11439,US,BACKEND,ROOT,Accelerator (execute excluding wait) time
301369748859,EXECUTE,17972,US,BACKEND,ROOT,QNN (execute) time
301369771441,EXECUTE,17749,US,NETRUN,ROOT,Graph 0: tiny_block_prefill
301369771441,EXECUTE,4,COUNT,BACKEND,ROOT,Number of HVX threads used
301369771441,EXECUTE,17243,US,BACKEND,ROOT,RPC (execute) time
301369771441,EXECUTE,15117,US,BACKEND,ROOT,QNN accelerator (execute) time
301369771441,EXECUTE,0,COUNT,BACKEND,ROOT,Num times yield occured
301369771441,EXECUTE,7120,US,BACKEND,ROOT,Time for initial VTCM acquire
301369771441,EXECUTE,4819,US,BACKEND,ROOT,Time for HVX + HMX power on and acquire
301369771441,EXECUTE,4474946,CYCLES,BACKEND,ROOT,Accelerator (execute) time (cycles)
301369771441,EXECUTE,1051,CYCLES,BACKEND,SUB-EVENT,Input OpId_2 (cycles)
301369771441,EXECUTE,0,CYCLES,BACKEND,SUB-EVENT,hidden_states_nfc:OpId_17 (cycles)
301369771441,EXECUTE,15265,CYCLES,BACKEND,SUB-EVENT,rms_norm__Mul_2_output_0:OpId_22 (cycles)
301369771441,EXECUTE,0,CYCLES,BACKEND,SUB-EVENT,_MatMul_2_pre_reshape:OpId_25 (cycles)
301369771441,EXECUTE,0,CYCLES,BACKEND,SUB-EVENT,_MatMul_1_pre_reshape:OpId_26 (cycles)
301369771441,EXECUTE,0,CYCLES,BACKEND,SUB-EVENT,_MatMul_pre_reshape:OpId_27 (cycles)
301369771441,EXECUTE,0,CYCLES,BACKEND,SUB-EVENT,_MatMul:OpId_30 (cycles)
301369771441,EXECUTE,0,CYCLES,BACKEND,SUB-EVENT,_MatMul_post_reshape:OpId_32 (cycles)
301369771441,EXECUTE,11414,CYCLES,BACKEND,SUB-EVENT,_Transpose:OpId_34 (cycles)
301369771441,EXECUTE,0,CYCLES,BACKEND,SUB-EVENT,_MatMul_1:OpId_37 (cycles)
301369771441,EXECUTE,0,CYCLES,BACKEND,SUB-EVENT,_MatMul_1_post_reshape:OpId_39 (cycles)
301369771441,EXECUTE,3845,CYCLES,BACKEND,SUB-EVENT,_Transpose_1:OpId_41 (cycles)
301369771441,EXECUTE,0,CYCLES,BACKEND,SUB-EVENT,_MatMul_2:OpId_44 (cycles)
301369771441,EXECUTE,0,CYCLES,BACKEND,SUB-EVENT,_MatMul_2_post_reshape:OpId_46 (cycles)
301369771441,EXECUTE,4938,CYCLES,BACKEND,SUB-EVENT,_Transpose_2:OpId_48 (cycles)
301369771441,EXECUTE,0,CYCLES,BACKEND,SUB-EVENT,_Slice:OpId_50 (cycles)
301369771441,EXECUTE,676,CYCLES,BACKEND,SUB-EVENT,_Slice_1:OpId_56 (cycles)
301369771441,EXECUTE,7248,CYCLES,BACKEND,SUB-EVENT,_Mul_3:OpId_62 (cycles)
301369771441,EXECUTE,6200,CYCLES,BACKEND,SUB-EVENT,_Mul_4:OpId_65 (cycles)
301369771441,EXECUTE,820,CYCLES,BACKEND,SUB-EVENT,_Sub:OpId_67 (cycles)
301369771441,EXECUTE,6059,CYCLES,BACKEND,SUB-EVENT,_Mul_5:OpId_69 (cycles)
301369771441,EXECUTE,6868,CYCLES,BACKEND,SUB-EVENT,_Mul_6:OpId_71 (cycles)
301369771441,EXECUTE,1507,CYCLES,BACKEND,SUB-EVENT,_Add_4:OpId_73 (cycles)
301369771441,EXECUTE,1231,CYCLES,BACKEND,SUB-EVENT,_Concat:OpId_75 (cycles)
301369771441,EXECUTE,0,CYCLES,BACKEND,SUB-EVENT,_Slice_2:OpId_78 (cycles)
301369771441,EXECUTE,1151,CYCLES,BACKEND,SUB-EVENT,_Slice_3:OpId_84 (cycles)
301369771441,EXECUTE,8329,CYCLES,BACKEND,SUB-EVENT,_Mul_7:OpId_89 (cycles)
301369771441,EXECUTE,5829,CYCLES,BACKEND,SUB-EVENT,_Mul_8:OpId_91 (cycles)
301369771441,EXECUTE,1084,CYCLES,BACKEND,SUB-EVENT,_Sub_1:OpId_93 (cycles)
301369771441,EXECUTE,5824,CYCLES,BACKEND,SUB-EVENT,_Mul_9:OpId_95 (cycles)
301369771441,EXECUTE,8324,CYCLES,BACKEND,SUB-EVENT,_Mul_10:OpId_97 (cycles)
301369771441,EXECUTE,606,CYCLES,BACKEND,SUB-EVENT,_Add_5:OpId_99 (cycles)
301369771441,EXECUTE,2489,CYCLES,BACKEND,SUB-EVENT,_Concat_1:OpId_101 (cycles)
301369771441,EXECUTE,0,CYCLES,BACKEND,SUB-EVENT,_Unsqueeze_4:OpId_103 (cycles)
301369771441,EXECUTE,1984,CYCLES,BACKEND,SUB-EVENT,_Tile:OpId_105 (cycles)
301369771441,EXECUTE,0,CYCLES,BACKEND,SUB-EVENT,_Reshape_3:OpId_106 (cycles)
301369771441,EXECUTE,0,CYCLES,BACKEND,SUB-EVENT,_Unsqueeze_5:OpId_107 (cycles)
301369771441,EXECUTE,2045,CYCLES,BACKEND,SUB-EVENT,_Tile_1:OpId_109 (cycles)
301369771441,EXECUTE,0,CYCLES,BACKEND,SUB-EVENT,_Reshape_4:OpId_110 (cycles)
301369771441,EXECUTE,0,CYCLES,BACKEND,SUB-EVENT,_Transpose_3:OpId_112 (cycles)
301369771441,EXECUTE,63794,CYCLES,BACKEND,SUB-EVENT,_MatMul_3:OpId_113 (cycles)
301369771441,EXECUTE,26384,CYCLES,BACKEND,SUB-EVENT,_Mul_11:OpId_118 (cycles)
301369771441,EXECUTE,0,CYCLES,BACKEND,SUB-EVENT,_Unsqueeze_7_output_0_cast_to_bool:OpId_121 (cycles)
301369771441,EXECUTE,16265,CYCLES,BACKEND,SUB-EVENT,_Where:OpId_123 (cycles)
301369771441,EXECUTE,26198,CYCLES,BACKEND,SUB-EVENT,_Softmax:OpId_124 (cycles)
301369771441,EXECUTE,15542,CYCLES,BACKEND,SUB-EVENT,_MatMul_4:OpId_127 (cycles)
301369771441,EXECUTE,0,CYCLES,BACKEND,SUB-EVENT,_Transpose_4:OpId_132 (cycles)
301369771441,EXECUTE,0,CYCLES,BACKEND,SUB-EVENT,_Reshape_5:OpId_133 (cycles)
301369771441,EXECUTE,1090,CYCLES,BACKEND,SUB-EVENT,_MatMul_5:OpId_135 (cycles)
301369771441,EXECUTE,0,CYCLES,BACKEND,SUB-EVENT,_MatMul_5_post_reshape:OpId_138 (cycles)
301369771441,EXECUTE,0,CYCLES,BACKEND,SUB-EVENT,_MatMul_5_output_0_nfc:OpId_140 (cycles)
301369771441,EXECUTE,1098,CYCLES,BACKEND,SUB-EVENT,_Add_6:OpId_142 (cycles)
301369771441,EXECUTE,0,CYCLES,BACKEND,SUB-EVENT,_Add_6_output_0_ncf:OpId_145 (cycles)
301369771441,EXECUTE,8541,CYCLES,BACKEND,SUB-EVENT,rms_norm__Mul_14_output_0:OpId_150 (cycles)
301369771441,EXECUTE,0,CYCLES,BACKEND,SUB-EVENT,_MatMul_7_pre_reshape:OpId_153 (cycles)
301369771441,EXECUTE,0,CYCLES,BACKEND,SUB-EVENT,_MatMul_6_pre_reshape:OpId_154 (cycles)
301369771441,EXECUTE,0,CYCLES,BACKEND,SUB-EVENT,_MatMul_6_lhs_reshape:OpId_156 (cycles)
301369771441,EXECUTE,0,CYCLES,BACKEND,SUB-EVENT,_MatMul_6_lhs_cast_fp16:OpId_157 (cycles)
301369771441,EXECUTE,8128,CYCLES,BACKEND,SUB-EVENT,_MatMul_6_pack_lhs_q13:OpId_158 (cycles)
301369771441,EXECUTE,21189,CYCLES,BACKEND,SUB-EVENT,_MatMul_6_weight_transpose:OpId_160 (cycles)
301369771441,EXECUTE,0,CYCLES,BACKEND,SUB-EVENT,_MatMul_6_rhs_cast_fp16:OpId_161 (cycles)
301369771441,EXECUTE,4056171,CYCLES,BACKEND,SUB-EVENT,_MatMul_6:OpId_162 (cycles)
301369771441,EXECUTE,0,CYCLES,BACKEND,SUB-EVENT,_MatMul_6_output_reshape:OpId_163 (cycles)
301369771441,EXECUTE,0,CYCLES,BACKEND,SUB-EVENT,_MatMul_6_post_reshape:OpId_164 (cycles)
301369771441,EXECUTE,14651,CYCLES,BACKEND,SUB-EVENT,_Sigmoid:OpId_165 (cycles)
301369771441,EXECUTE,56100,CYCLES,BACKEND,SUB-EVENT,_Mul_15:OpId_172 (cycles)
301369771441,EXECUTE,2864,CYCLES,BACKEND,SUB-EVENT,_MatMul_7:OpId_175 (cycles)
301369771441,EXECUTE,0,CYCLES,BACKEND,SUB-EVENT,_MatMul_7_post_reshape:OpId_178 (cycles)
301369771441,EXECUTE,30280,CYCLES,BACKEND,SUB-EVENT,_Mul_16:OpId_179 (cycles)
301369771441,EXECUTE,0,CYCLES,BACKEND,SUB-EVENT,_MatMul_8_pre_reshape:OpId_181 (cycles)
301369771441,EXECUTE,2195,CYCLES,BACKEND,SUB-EVENT,_MatMul_8:OpId_183 (cycles)
301369771441,EXECUTE,0,CYCLES,BACKEND,SUB-EVENT,_MatMul_8_post_reshape:OpId_186 (cycles)
301369771441,EXECUTE,0,CYCLES,BACKEND,SUB-EVENT,_MatMul_8_output_0_nfc:OpId_188 (cycles)
301369771441,EXECUTE,2775,CYCLES,BACKEND,SUB-EVENT,_Add_8:OpId_190 (cycles)
301369771441,EXECUTE,7703,CYCLES,BACKEND,SUB-EVENT,hidden_out_ncf:OpId_193 (cycles)
301369771441,EXECUTE,9191,CYCLES,BACKEND,SUB-EVENT,Output OpId_3 (cycles)
301369771441,EXECUTE,13263,US,BACKEND,ROOT,Accelerator (execute) time
301369771441,EXECUTE,11444,US,BACKEND,ROOT,Accelerator (execute excluding wait) time
301369771441,EXECUTE,17697,US,BACKEND,ROOT,QNN (execute) time
301369793248,EXECUTE,17296,US,NETRUN,ROOT,Graph 0: tiny_block_prefill
301369793248,EXECUTE,4,COUNT,BACKEND,ROOT,Number of HVX threads used
301369793248,EXECUTE,16606,US,BACKEND,ROOT,RPC (execute) time
301369793248,EXECUTE,15030,US,BACKEND,ROOT,QNN accelerator (execute) time
301369793248,EXECUTE,0,COUNT,BACKEND,ROOT,Num times yield occured
301369793248,EXECUTE,7058,US,BACKEND,ROOT,Time for initial VTCM acquire
301369793248,EXECUTE,4747,US,BACKEND,ROOT,Time for HVX + HMX power on and acquire
301369793248,EXECUTE,4412784,CYCLES,BACKEND,ROOT,Accelerator (execute) time (cycles)
301369793248,EXECUTE,1236,CYCLES,BACKEND,SUB-EVENT,Input OpId_2 (cycles)
301369793248,EXECUTE,0,CYCLES,BACKEND,SUB-EVENT,hidden_states_nfc:OpId_17 (cycles)
301369793248,EXECUTE,11935,CYCLES,BACKEND,SUB-EVENT,rms_norm__Mul_2_output_0:OpId_22 (cycles)
301369793248,EXECUTE,0,CYCLES,BACKEND,SUB-EVENT,_MatMul_2_pre_reshape:OpId_25 (cycles)
301369793248,EXECUTE,0,CYCLES,BACKEND,SUB-EVENT,_MatMul_1_pre_reshape:OpId_26 (cycles)
301369793248,EXECUTE,0,CYCLES,BACKEND,SUB-EVENT,_MatMul_pre_reshape:OpId_27 (cycles)
301369793248,EXECUTE,0,CYCLES,BACKEND,SUB-EVENT,_MatMul:OpId_30 (cycles)
301369793248,EXECUTE,0,CYCLES,BACKEND,SUB-EVENT,_MatMul_post_reshape:OpId_32 (cycles)
301369793248,EXECUTE,10740,CYCLES,BACKEND,SUB-EVENT,_Transpose:OpId_34 (cycles)
301369793248,EXECUTE,0,CYCLES,BACKEND,SUB-EVENT,_MatMul_1:OpId_37 (cycles)
301369793248,EXECUTE,0,CYCLES,BACKEND,SUB-EVENT,_MatMul_1_post_reshape:OpId_39 (cycles)
301369793248,EXECUTE,4020,CYCLES,BACKEND,SUB-EVENT,_Transpose_1:OpId_41 (cycles)
301369793248,EXECUTE,0,CYCLES,BACKEND,SUB-EVENT,_MatMul_2:OpId_44 (cycles)
301369793248,EXECUTE,0,CYCLES,BACKEND,SUB-EVENT,_MatMul_2_post_reshape:OpId_46 (cycles)
301369793248,EXECUTE,4078,CYCLES,BACKEND,SUB-EVENT,_Transpose_2:OpId_48 (cycles)
301369793248,EXECUTE,0,CYCLES,BACKEND,SUB-EVENT,_Slice:OpId_50 (cycles)
301369793248,EXECUTE,646,CYCLES,BACKEND,SUB-EVENT,_Slice_1:OpId_56 (cycles)
301369793248,EXECUTE,6504,CYCLES,BACKEND,SUB-EVENT,_Mul_3:OpId_62 (cycles)
301369793248,EXECUTE,5547,CYCLES,BACKEND,SUB-EVENT,_Mul_4:OpId_65 (cycles)
301369793248,EXECUTE,809,CYCLES,BACKEND,SUB-EVENT,_Sub:OpId_67 (cycles)
301369793248,EXECUTE,5405,CYCLES,BACKEND,SUB-EVENT,_Mul_5:OpId_69 (cycles)
301369793248,EXECUTE,6167,CYCLES,BACKEND,SUB-EVENT,_Mul_6:OpId_71 (cycles)
301369793248,EXECUTE,1411,CYCLES,BACKEND,SUB-EVENT,_Add_4:OpId_73 (cycles)
301369793248,EXECUTE,1789,CYCLES,BACKEND,SUB-EVENT,_Concat:OpId_75 (cycles)
301369793248,EXECUTE,0,CYCLES,BACKEND,SUB-EVENT,_Slice_2:OpId_78 (cycles)
301369793248,EXECUTE,1065,CYCLES,BACKEND,SUB-EVENT,_Slice_3:OpId_84 (cycles)
301369793248,EXECUTE,6344,CYCLES,BACKEND,SUB-EVENT,_Mul_7:OpId_89 (cycles)
301369793248,EXECUTE,4430,CYCLES,BACKEND,SUB-EVENT,_Mul_8:OpId_91 (cycles)
301369793248,EXECUTE,1022,CYCLES,BACKEND,SUB-EVENT,_Sub_1:OpId_93 (cycles)
301369793248,EXECUTE,4364,CYCLES,BACKEND,SUB-EVENT,_Mul_9:OpId_95 (cycles)
301369793248,EXECUTE,6357,CYCLES,BACKEND,SUB-EVENT,_Mul_10:OpId_97 (cycles)
301369793248,EXECUTE,524,CYCLES,BACKEND,SUB-EVENT,_Add_5:OpId_99 (cycles)
301369793248,EXECUTE,1845,CYCLES,BACKEND,SUB-EVENT,_Concat_1:OpId_101 (cycles)
301369793248,EXECUTE,0,CYCLES,BACKEND,SUB-EVENT,_Unsqueeze_4:OpId_103 (cycles)
301369793248,EXECUTE,1705,CYCLES,BACKEND,SUB-EVENT,_Tile:OpId_105 (cycles)
301369793248,EXECUTE,0,CYCLES,BACKEND,SUB-EVENT,_Reshape_3:OpId_106 (cycles)
301369793248,EXECUTE,0,CYCLES,BACKEND,SUB-EVENT,_Unsqueeze_5:OpId_107 (cycles)
301369793248,EXECUTE,1988,CYCLES,BACKEND,SUB-EVENT,_Tile_1:OpId_109 (cycles)
301369793248,EXECUTE,0,CYCLES,BACKEND,SUB-EVENT,_Reshape_4:OpId_110 (cycles)
301369793248,EXECUTE,0,CYCLES,BACKEND,SUB-EVENT,_Transpose_3:OpId_112 (cycles)
301369793248,EXECUTE,63724,CYCLES,BACKEND,SUB-EVENT,_MatMul_3:OpId_113 (cycles)
301369793248,EXECUTE,21324,CYCLES,BACKEND,SUB-EVENT,_Mul_11:OpId_118 (cycles)
301369793248,EXECUTE,0,CYCLES,BACKEND,SUB-EVENT,_Unsqueeze_7_output_0_cast_to_bool:OpId_121 (cycles)
301369793248,EXECUTE,14175,CYCLES,BACKEND,SUB-EVENT,_Where:OpId_123 (cycles)
301369793248,EXECUTE,18084,CYCLES,BACKEND,SUB-EVENT,_Softmax:OpId_124 (cycles)
301369793248,EXECUTE,13274,CYCLES,BACKEND,SUB-EVENT,_MatMul_4:OpId_127 (cycles)
301369793248,EXECUTE,0,CYCLES,BACKEND,SUB-EVENT,_Transpose_4:OpId_132 (cycles)
301369793248,EXECUTE,0,CYCLES,BACKEND,SUB-EVENT,_Reshape_5:OpId_133 (cycles)
301369793248,EXECUTE,1110,CYCLES,BACKEND,SUB-EVENT,_MatMul_5:OpId_135 (cycles)
301369793248,EXECUTE,0,CYCLES,BACKEND,SUB-EVENT,_MatMul_5_post_reshape:OpId_138 (cycles)
301369793248,EXECUTE,0,CYCLES,BACKEND,SUB-EVENT,_MatMul_5_output_0_nfc:OpId_140 (cycles)
301369793248,EXECUTE,1076,CYCLES,BACKEND,SUB-EVENT,_Add_6:OpId_142 (cycles)
301369793248,EXECUTE,0,CYCLES,BACKEND,SUB-EVENT,_Add_6_output_0_ncf:OpId_145 (cycles)
301369793248,EXECUTE,7989,CYCLES,BACKEND,SUB-EVENT,rms_norm__Mul_14_output_0:OpId_150 (cycles)
301369793248,EXECUTE,0,CYCLES,BACKEND,SUB-EVENT,_MatMul_7_pre_reshape:OpId_153 (cycles)
301369793248,EXECUTE,0,CYCLES,BACKEND,SUB-EVENT,_MatMul_6_pre_reshape:OpId_154 (cycles)
301369793248,EXECUTE,0,CYCLES,BACKEND,SUB-EVENT,_MatMul_6_lhs_reshape:OpId_156 (cycles)
301369793248,EXECUTE,0,CYCLES,BACKEND,SUB-EVENT,_MatMul_6_lhs_cast_fp16:OpId_157 (cycles)
301369793248,EXECUTE,12068,CYCLES,BACKEND,SUB-EVENT,_MatMul_6_pack_lhs_q13:OpId_158 (cycles)
301369793248,EXECUTE,15096,CYCLES,BACKEND,SUB-EVENT,_MatMul_6_weight_transpose:OpId_160 (cycles)
301369793248,EXECUTE,0,CYCLES,BACKEND,SUB-EVENT,_MatMul_6_rhs_cast_fp16:OpId_161 (cycles)
301369793248,EXECUTE,4042572,CYCLES,BACKEND,SUB-EVENT,_MatMul_6:OpId_162 (cycles)
301369793248,EXECUTE,0,CYCLES,BACKEND,SUB-EVENT,_MatMul_6_output_reshape:OpId_163 (cycles)
301369793248,EXECUTE,0,CYCLES,BACKEND,SUB-EVENT,_MatMul_6_post_reshape:OpId_164 (cycles)
301369793248,EXECUTE,10522,CYCLES,BACKEND,SUB-EVENT,_Sigmoid:OpId_165 (cycles)
301369793248,EXECUTE,50748,CYCLES,BACKEND,SUB-EVENT,_Mul_15:OpId_172 (cycles)
301369793248,EXECUTE,3000,CYCLES,BACKEND,SUB-EVENT,_MatMul_7:OpId_175 (cycles)
301369793248,EXECUTE,0,CYCLES,BACKEND,SUB-EVENT,_MatMul_7_post_reshape:OpId_178 (cycles)
301369793248,EXECUTE,28577,CYCLES,BACKEND,SUB-EVENT,_Mul_16:OpId_179 (cycles)
301369793248,EXECUTE,0,CYCLES,BACKEND,SUB-EVENT,_MatMul_8_pre_reshape:OpId_181 (cycles)
301369793248,EXECUTE,2257,CYCLES,BACKEND,SUB-EVENT,_MatMul_8:OpId_183 (cycles)
301369793248,EXECUTE,0,CYCLES,BACKEND,SUB-EVENT,_MatMul_8_post_reshape:OpId_186 (cycles)
301369793248,EXECUTE,0,CYCLES,BACKEND,SUB-EVENT,_MatMul_8_output_0_nfc:OpId_188 (cycles)
301369793248,EXECUTE,2886,CYCLES,BACKEND,SUB-EVENT,_Add_8:OpId_190 (cycles)
301369793248,EXECUTE,6820,CYCLES,BACKEND,SUB-EVENT,hidden_out_ncf:OpId_193 (cycles)
301369793248,EXECUTE,7551,CYCLES,BACKEND,SUB-EVENT,Output OpId_3 (cycles)
301369793248,EXECUTE,13205,US,BACKEND,ROOT,Accelerator (execute) time
301369793248,EXECUTE,11419,US,BACKEND,ROOT,Accelerator (execute excluding wait) time
301369793248,EXECUTE,17250,US,BACKEND,ROOT,QNN (execute) time
301369815527,EXECUTE,17752,US,NETRUN,ROOT,Graph 0: tiny_block_prefill
301369815527,EXECUTE,4,COUNT,BACKEND,ROOT,Number of HVX threads used
301369815527,EXECUTE,17274,US,BACKEND,ROOT,RPC (execute) time
301369815527,EXECUTE,15048,US,BACKEND,ROOT,QNN accelerator (execute) time
301369815527,EXECUTE,0,COUNT,BACKEND,ROOT,Num times yield occured
301369815527,EXECUTE,6961,US,BACKEND,ROOT,Time for initial VTCM acquire
301369815527,EXECUTE,4859,US,BACKEND,ROOT,Time for HVX + HMX power on and acquire
301369815527,EXECUTE,4489110,CYCLES,BACKEND,ROOT,Accelerator (execute) time (cycles)
301369815527,EXECUTE,1261,CYCLES,BACKEND,SUB-EVENT,Input OpId_2 (cycles)
301369815527,EXECUTE,0,CYCLES,BACKEND,SUB-EVENT,hidden_states_nfc:OpId_17 (cycles)
301369815527,EXECUTE,13367,CYCLES,BACKEND,SUB-EVENT,rms_norm__Mul_2_output_0:OpId_22 (cycles)
301369815527,EXECUTE,0,CYCLES,BACKEND,SUB-EVENT,_MatMul_2_pre_reshape:OpId_25 (cycles)
301369815527,EXECUTE,0,CYCLES,BACKEND,SUB-EVENT,_MatMul_1_pre_reshape:OpId_26 (cycles)
301369815527,EXECUTE,0,CYCLES,BACKEND,SUB-EVENT,_MatMul_pre_reshape:OpId_27 (cycles)
301369815527,EXECUTE,0,CYCLES,BACKEND,SUB-EVENT,_MatMul:OpId_30 (cycles)
301369815527,EXECUTE,0,CYCLES,BACKEND,SUB-EVENT,_MatMul_post_reshape:OpId_32 (cycles)
301369815527,EXECUTE,11169,CYCLES,BACKEND,SUB-EVENT,_Transpose:OpId_34 (cycles)
301369815527,EXECUTE,0,CYCLES,BACKEND,SUB-EVENT,_MatMul_1:OpId_37 (cycles)
301369815527,EXECUTE,0,CYCLES,BACKEND,SUB-EVENT,_MatMul_1_post_reshape:OpId_39 (cycles)
301369815527,EXECUTE,5000,CYCLES,BACKEND,SUB-EVENT,_Transpose_1:OpId_41 (cycles)
301369815527,EXECUTE,0,CYCLES,BACKEND,SUB-EVENT,_MatMul_2:OpId_44 (cycles)
301369815527,EXECUTE,0,CYCLES,BACKEND,SUB-EVENT,_MatMul_2_post_reshape:OpId_46 (cycles)
301369815527,EXECUTE,5433,CYCLES,BACKEND,SUB-EVENT,_Transpose_2:OpId_48 (cycles)
301369815527,EXECUTE,0,CYCLES,BACKEND,SUB-EVENT,_Slice:OpId_50 (cycles)
301369815527,EXECUTE,659,CYCLES,BACKEND,SUB-EVENT,_Slice_1:OpId_56 (cycles)
301369815527,EXECUTE,7055,CYCLES,BACKEND,SUB-EVENT,_Mul_3:OpId_62 (cycles)
301369815527,EXECUTE,6246,CYCLES,BACKEND,SUB-EVENT,_Mul_4:OpId_65 (cycles)
301369815527,EXECUTE,831,CYCLES,BACKEND,SUB-EVENT,_Sub:OpId_67 (cycles)
301369815527,EXECUTE,5830,CYCLES,BACKEND,SUB-EVENT,_Mul_5:OpId_69 (cycles)
301369815527,EXECUTE,6925,CYCLES,BACKEND,SUB-EVENT,_Mul_6:OpId_71 (cycles)
301369815527,EXECUTE,1554,CYCLES,BACKEND,SUB-EVENT,_Add_4:OpId_73 (cycles)
301369815527,EXECUTE,1307,CYCLES,BACKEND,SUB-EVENT,_Concat:OpId_75 (cycles)
301369815527,EXECUTE,0,CYCLES,BACKEND,SUB-EVENT,_Slice_2:OpId_78 (cycles)
301369815527,EXECUTE,1527,CYCLES,BACKEND,SUB-EVENT,_Slice_3:OpId_84 (cycles)
301369815527,EXECUTE,7925,CYCLES,BACKEND,SUB-EVENT,_Mul_7:OpId_89 (cycles)
301369815527,EXECUTE,5784,CYCLES,BACKEND,SUB-EVENT,_Mul_8:OpId_91 (cycles)
301369815527,EXECUTE,1085,CYCLES,BACKEND,SUB-EVENT,_Sub_1:OpId_93 (cycles)
301369815527,EXECUTE,5746,CYCLES,BACKEND,SUB-EVENT,_Mul_9:OpId_95 (cycles)
301369815527,EXECUTE,7895,CYCLES,BACKEND,SUB-EVENT,_Mul_10:OpId_97 (cycles)
301369815527,EXECUTE,598,CYCLES,BACKEND,SUB-EVENT,_Add_5:OpId_99 (cycles)
301369815527,EXECUTE,2598,CYCLES,BACKEND,SUB-EVENT,_Concat_1:OpId_101 (cycles)
301369815527,EXECUTE,0,CYCLES,BACKEND,SUB-EVENT,_Unsqueeze_4:OpId_103 (cycles)
301369815527,EXECUTE,1970,CYCLES,BACKEND,SUB-EVENT,_Tile:OpId_105 (cycles)
301369815527,EXECUTE,0,CYCLES,BACKEND,SUB-EVENT,_Reshape_3:OpId_106 (cycles)
301369815527,EXECUTE,0,CYCLES,BACKEND,SUB-EVENT,_Unsqueeze_5:OpId_107 (cycles)
301369815527,EXECUTE,1923,CYCLES,BACKEND,SUB-EVENT,_Tile_1:OpId_109 (cycles)
301369815527,EXECUTE,0,CYCLES,BACKEND,SUB-EVENT,_Reshape_4:OpId_110 (cycles)
301369815527,EXECUTE,0,CYCLES,BACKEND,SUB-EVENT,_Transpose_3:OpId_112 (cycles)
301369815527,EXECUTE,130447,CYCLES,BACKEND,SUB-EVENT,_MatMul_3:OpId_113 (cycles)
301369815527,EXECUTE,30431,CYCLES,BACKEND,SUB-EVENT,_Mul_11:OpId_118 (cycles)
301369815527,EXECUTE,0,CYCLES,BACKEND,SUB-EVENT,_Unsqueeze_7_output_0_cast_to_bool:OpId_121 (cycles)
301369815527,EXECUTE,19384,CYCLES,BACKEND,SUB-EVENT,_Where:OpId_123 (cycles)
301369815527,EXECUTE,17058,CYCLES,BACKEND,SUB-EVENT,_Softmax:OpId_124 (cycles)
301369815527,EXECUTE,14574,CYCLES,BACKEND,SUB-EVENT,_MatMul_4:OpId_127 (cycles)
301369815527,EXECUTE,0,CYCLES,BACKEND,SUB-EVENT,_Transpose_4:OpId_132 (cycles)
301369815527,EXECUTE,0,CYCLES,BACKEND,SUB-EVENT,_Reshape_5:OpId_133 (cycles)
301369815527,EXECUTE,1152,CYCLES,BACKEND,SUB-EVENT,_MatMul_5:OpId_135 (cycles)
301369815527,EXECUTE,0,CYCLES,BACKEND,SUB-EVENT,_MatMul_5_post_reshape:OpId_138 (cycles)
301369815527,EXECUTE,0,CYCLES,BACKEND,SUB-EVENT,_MatMul_5_output_0_nfc:OpId_140 (cycles)
301369815527,EXECUTE,1129,CYCLES,BACKEND,SUB-EVENT,_Add_6:OpId_142 (cycles)
301369815527,EXECUTE,0,CYCLES,BACKEND,SUB-EVENT,_Add_6_output_0_ncf:OpId_145 (cycles)
301369815527,EXECUTE,7658,CYCLES,BACKEND,SUB-EVENT,rms_norm__Mul_14_output_0:OpId_150 (cycles)
301369815527,EXECUTE,0,CYCLES,BACKEND,SUB-EVENT,_MatMul_7_pre_reshape:OpId_153 (cycles)
301369815527,EXECUTE,0,CYCLES,BACKEND,SUB-EVENT,_MatMul_6_pre_reshape:OpId_154 (cycles)
301369815527,EXECUTE,0,CYCLES,BACKEND,SUB-EVENT,_MatMul_6_lhs_reshape:OpId_156 (cycles)
301369815527,EXECUTE,0,CYCLES,BACKEND,SUB-EVENT,_MatMul_6_lhs_cast_fp16:OpId_157 (cycles)
301369815527,EXECUTE,6733,CYCLES,BACKEND,SUB-EVENT,_MatMul_6_pack_lhs_q13:OpId_158 (cycles)
301369815527,EXECUTE,29965,CYCLES,BACKEND,SUB-EVENT,_MatMul_6_weight_transpose:OpId_160 (cycles)
301369815527,EXECUTE,0,CYCLES,BACKEND,SUB-EVENT,_MatMul_6_rhs_cast_fp16:OpId_161 (cycles)
301369815527,EXECUTE,4003846,CYCLES,BACKEND,SUB-EVENT,_MatMul_6:OpId_162 (cycles)
301369815527,EXECUTE,0,CYCLES,BACKEND,SUB-EVENT,_MatMul_6_output_reshape:OpId_163 (cycles)
301369815527,EXECUTE,0,CYCLES,BACKEND,SUB-EVENT,_MatMul_6_post_reshape:OpId_164 (cycles)
301369815527,EXECUTE,10763,CYCLES,BACKEND,SUB-EVENT,_Sigmoid:OpId_165 (cycles)
301369815527,EXECUTE,54684,CYCLES,BACKEND,SUB-EVENT,_Mul_15:OpId_172 (cycles)
301369815527,EXECUTE,2984,CYCLES,BACKEND,SUB-EVENT,_MatMul_7:OpId_175 (cycles)
301369815527,EXECUTE,0,CYCLES,BACKEND,SUB-EVENT,_MatMul_7_post_reshape:OpId_178 (cycles)
301369815527,EXECUTE,32708,CYCLES,BACKEND,SUB-EVENT,_Mul_16:OpId_179 (cycles)
301369815527,EXECUTE,0,CYCLES,BACKEND,SUB-EVENT,_MatMul_8_pre_reshape:OpId_181 (cycles)
301369815527,EXECUTE,2195,CYCLES,BACKEND,SUB-EVENT,_MatMul_8:OpId_183 (cycles)
301369815527,EXECUTE,0,CYCLES,BACKEND,SUB-EVENT,_MatMul_8_post_reshape:OpId_186 (cycles)
301369815527,EXECUTE,0,CYCLES,BACKEND,SUB-EVENT,_MatMul_8_output_0_nfc:OpId_188 (cycles)
301369815527,EXECUTE,2778,CYCLES,BACKEND,SUB-EVENT,_Add_8:OpId_190 (cycles)
301369815527,EXECUTE,8439,CYCLES,BACKEND,SUB-EVENT,hidden_out_ncf:OpId_193 (cycles)
301369815527,EXECUTE,8494,CYCLES,BACKEND,SUB-EVENT,Output OpId_3 (cycles)
301369815527,EXECUTE,13141,US,BACKEND,ROOT,Accelerator (execute) time
301369815527,EXECUTE,11306,US,BACKEND,ROOT,Accelerator (execute excluding wait) time
301369815527,EXECUTE,17707,US,BACKEND,ROOT,QNN (execute) time
301369838162,EXECUTE,17802,US,NETRUN,ROOT,Graph 0: tiny_block_prefill
301369838162,EXECUTE,4,COUNT,BACKEND,ROOT,Number of HVX threads used
301369838162,EXECUTE,17343,US,BACKEND,ROOT,RPC (execute) time
301369838162,EXECUTE,15090,US,BACKEND,ROOT,QNN accelerator (execute) time
301369838162,EXECUTE,0,COUNT,BACKEND,ROOT,Num times yield occured
301369838162,EXECUTE,7102,US,BACKEND,ROOT,Time for initial VTCM acquire
301369838162,EXECUTE,4809,US,BACKEND,ROOT,Time for HVX + HMX power on and acquire
301369838162,EXECUTE,4471400,CYCLES,BACKEND,ROOT,Accelerator (execute) time (cycles)
301369838162,EXECUTE,464,CYCLES,BACKEND,SUB-EVENT,Input OpId_2 (cycles)
301369838162,EXECUTE,0,CYCLES,BACKEND,SUB-EVENT,hidden_states_nfc:OpId_17 (cycles)
301369838162,EXECUTE,12903,CYCLES,BACKEND,SUB-EVENT,rms_norm__Mul_2_output_0:OpId_22 (cycles)
301369838162,EXECUTE,0,CYCLES,BACKEND,SUB-EVENT,_MatMul_2_pre_reshape:OpId_25 (cycles)
301369838162,EXECUTE,0,CYCLES,BACKEND,SUB-EVENT,_MatMul_1_pre_reshape:OpId_26 (cycles)
301369838162,EXECUTE,0,CYCLES,BACKEND,SUB-EVENT,_MatMul_pre_reshape:OpId_27 (cycles)
301369838162,EXECUTE,0,CYCLES,BACKEND,SUB-EVENT,_MatMul:OpId_30 (cycles)
301369838162,EXECUTE,0,CYCLES,BACKEND,SUB-EVENT,_MatMul_post_reshape:OpId_32 (cycles)
301369838162,EXECUTE,11138,CYCLES,BACKEND,SUB-EVENT,_Transpose:OpId_34 (cycles)
301369838162,EXECUTE,0,CYCLES,BACKEND,SUB-EVENT,_MatMul_1:OpId_37 (cycles)
301369838162,EXECUTE,0,CYCLES,BACKEND,SUB-EVENT,_MatMul_1_post_reshape:OpId_39 (cycles)
301369838162,EXECUTE,5156,CYCLES,BACKEND,SUB-EVENT,_Transpose_1:OpId_41 (cycles)
301369838162,EXECUTE,0,CYCLES,BACKEND,SUB-EVENT,_MatMul_2:OpId_44 (cycles)
301369838162,EXECUTE,0,CYCLES,BACKEND,SUB-EVENT,_MatMul_2_post_reshape:OpId_46 (cycles)
301369838162,EXECUTE,6456,CYCLES,BACKEND,SUB-EVENT,_Transpose_2:OpId_48 (cycles)
301369838162,EXECUTE,0,CYCLES,BACKEND,SUB-EVENT,_Slice:OpId_50 (cycles)
301369838162,EXECUTE,648,CYCLES,BACKEND,SUB-EVENT,_Slice_1:OpId_56 (cycles)
301369838162,EXECUTE,7267,CYCLES,BACKEND,SUB-EVENT,_Mul_3:OpId_62 (cycles)
301369838162,EXECUTE,6497,CYCLES,BACKEND,SUB-EVENT,_Mul_4:OpId_65 (cycles)
301369838162,EXECUTE,805,CYCLES,BACKEND,SUB-EVENT,_Sub:OpId_67 (cycles)
301369838162,EXECUTE,6059,CYCLES,BACKEND,SUB-EVENT,_Mul_5:OpId_69 (cycles)
301369838162,EXECUTE,7109,CYCLES,BACKEND,SUB-EVENT,_Mul_6:OpId_71 (cycles)
301369838162,EXECUTE,1597,CYCLES,BACKEND,SUB-EVENT,_Add_4:OpId_73 (cycles)
301369838162,EXECUTE,1127,CYCLES,BACKEND,SUB-EVENT,_Concat:OpId_75 (cycles)
301369838162,EXECUTE,0,CYCLES,BACKEND,SUB-EVENT,_Slice_2:OpId_78 (cycles)
301369838162,EXECUTE,1528,CYCLES,BACKEND,SUB-EVENT,_Slice_3:OpId_84 (cycles)
301369838162,EXECUTE,8060,CYCLES,BACKEND,SUB-EVENT,_Mul_7:OpId_89 (cycles)
301369838162,EXECUTE,5957,CYCLES,BACKEND,SUB-EVENT,_Mul_8:OpId_91 (cycles)
301369838162,EXECUTE,1099,CYCLES,BACKEND,SUB-EVENT,_Sub_1:OpId_93 (cycles)
301369838162,EXECUTE,5908,CYCLES,BACKEND,SUB-EVENT,_Mul_9:OpId_95 (cycles)
301369838162,EXECUTE,8067,CYCLES,BACKEND,SUB-EVENT,_Mul_10:OpId_97 (cycles)
301369838162,EXECUTE,594,CYCLES,BACKEND,SUB-EVENT,_Add_5:OpId_99 (cycles)
301369838162,EXECUTE,2267,CYCLES,BACKEND,SUB-EVENT,_Concat_1:OpId_101 (cycles)
301369838162,EXECUTE,0,CYCLES,BACKEND,SUB-EVENT,_Unsqueeze_4:OpId_103 (cycles)
301369838162,EXECUTE,2306,CYCLES,BACKEND,SUB-EVENT,_Tile:OpId_105 (cycles)
301369838162,EXECUTE,0,CYCLES,BACKEND,SUB-EVENT,_Reshape_3:OpId_106 (cycles)
301369838162,EXECUTE,0,CYCLES,BACKEND,SUB-EVENT,_Unsqueeze_5:OpId_107 (cycles)
301369838162,EXECUTE,2435,CYCLES,BACKEND,SUB-EVENT,_Tile_1:OpId_109 (cycles)
301369838162,EXECUTE,0,CYCLES,BACKEND,SUB-EVENT,_Reshape_4:OpId_110 (cycles)
301369838162,EXECUTE,0,CYCLES,BACKEND,SUB-EVENT,_Transpose_3:OpId_112 (cycles)
301369838162,EXECUTE,78427,CYCLES,BACKEND,SUB-EVENT,_MatMul_3:OpId_113 (cycles)
301369838162,EXECUTE,26496,CYCLES,BACKEND,SUB-EVENT,_Mul_11:OpId_118 (cycles)
301369838162,EXECUTE,0,CYCLES,BACKEND,SUB-EVENT,_Unsqueeze_7_output_0_cast_to_bool:OpId_121 (cycles)
301369838162,EXECUTE,19788,CYCLES,BACKEND,SUB-EVENT,_Where:OpId_123 (cycles)
301369838162,EXECUTE,16651,CYCLES,BACKEND,SUB-EVENT,_Softmax:OpId_124 (cycles)
301369838162,EXECUTE,14308,CYCLES,BACKEND,SUB-EVENT,_MatMul_4:OpId_127 (cycles)
301369838162,EXECUTE,0,CYCLES,BACKEND,SUB-EVENT,_Transpose_4:OpId_132 (cycles)
301369838162,EXECUTE,0,CYCLES,BACKEND,SUB-EVENT,_Reshape_5:OpId_133 (cycles)
301369838162,EXECUTE,1075,CYCLES,BACKEND,SUB-EVENT,_MatMul_5:OpId_135 (cycles)
301369838162,EXECUTE,0,CYCLES,BACKEND,SUB-EVENT,_MatMul_5_post_reshape:OpId_138 (cycles)
301369838162,EXECUTE,0,CYCLES,BACKEND,SUB-EVENT,_MatMul_5_output_0_nfc:OpId_140 (cycles)
301369838162,EXECUTE,1134,CYCLES,BACKEND,SUB-EVENT,_Add_6:OpId_142 (cycles)
301369838162,EXECUTE,0,CYCLES,BACKEND,SUB-EVENT,_Add_6_output_0_ncf:OpId_145 (cycles)
301369838162,EXECUTE,7671,CYCLES,BACKEND,SUB-EVENT,rms_norm__Mul_14_output_0:OpId_150 (cycles)
301369838162,EXECUTE,0,CYCLES,BACKEND,SUB-EVENT,_MatMul_7_pre_reshape:OpId_153 (cycles)
301369838162,EXECUTE,0,CYCLES,BACKEND,SUB-EVENT,_MatMul_6_pre_reshape:OpId_154 (cycles)
301369838162,EXECUTE,0,CYCLES,BACKEND,SUB-EVENT,_MatMul_6_lhs_reshape:OpId_156 (cycles)
301369838162,EXECUTE,0,CYCLES,BACKEND,SUB-EVENT,_MatMul_6_lhs_cast_fp16:OpId_157 (cycles)
301369838162,EXECUTE,7870,CYCLES,BACKEND,SUB-EVENT,_MatMul_6_pack_lhs_q13:OpId_158 (cycles)
301369838162,EXECUTE,19045,CYCLES,BACKEND,SUB-EVENT,_MatMul_6_weight_transpose:OpId_160 (cycles)
301369838162,EXECUTE,0,CYCLES,BACKEND,SUB-EVENT,_MatMul_6_rhs_cast_fp16:OpId_161 (cycles)
301369838162,EXECUTE,4051989,CYCLES,BACKEND,SUB-EVENT,_MatMul_6:OpId_162 (cycles)
301369838162,EXECUTE,0,CYCLES,BACKEND,SUB-EVENT,_MatMul_6_output_reshape:OpId_163 (cycles)
301369838162,EXECUTE,0,CYCLES,BACKEND,SUB-EVENT,_MatMul_6_post_reshape:OpId_164 (cycles)
301369838162,EXECUTE,9846,CYCLES,BACKEND,SUB-EVENT,_Sigmoid:OpId_165 (cycles)
301369838162,EXECUTE,61285,CYCLES,BACKEND,SUB-EVENT,_Mul_15:OpId_172 (cycles)
301369838162,EXECUTE,2934,CYCLES,BACKEND,SUB-EVENT,_MatMul_7:OpId_175 (cycles)
301369838162,EXECUTE,0,CYCLES,BACKEND,SUB-EVENT,_MatMul_7_post_reshape:OpId_178 (cycles)
301369838162,EXECUTE,28830,CYCLES,BACKEND,SUB-EVENT,_Mul_16:OpId_179 (cycles)
301369838162,EXECUTE,0,CYCLES,BACKEND,SUB-EVENT,_MatMul_8_pre_reshape:OpId_181 (cycles)
301369838162,EXECUTE,2210,CYCLES,BACKEND,SUB-EVENT,_MatMul_8:OpId_183 (cycles)
301369838162,EXECUTE,0,CYCLES,BACKEND,SUB-EVENT,_MatMul_8_post_reshape:OpId_186 (cycles)
301369838162,EXECUTE,0,CYCLES,BACKEND,SUB-EVENT,_MatMul_8_output_0_nfc:OpId_188 (cycles)
301369838162,EXECUTE,2746,CYCLES,BACKEND,SUB-EVENT,_Add_8:OpId_190 (cycles)
301369838162,EXECUTE,6507,CYCLES,BACKEND,SUB-EVENT,hidden_out_ncf:OpId_193 (cycles)
301369838162,EXECUTE,7141,CYCLES,BACKEND,SUB-EVENT,Output OpId_3 (cycles)
301369838162,EXECUTE,13241,US,BACKEND,ROOT,Accelerator (execute) time
301369838162,EXECUTE,11448,US,BACKEND,ROOT,Accelerator (execute excluding wait) time
301369838162,EXECUTE,17761,US,BACKEND,ROOT,QNN (execute) time
301369865411,EXECUTE,22210,US,NETRUN,ROOT,Graph 0: tiny_block_prefill
301369865411,EXECUTE,4,COUNT,BACKEND,ROOT,Number of HVX threads used
301369865411,EXECUTE,21200,US,BACKEND,ROOT,RPC (execute) time
301369865411,EXECUTE,15132,US,BACKEND,ROOT,QNN accelerator (execute) time
301369865411,EXECUTE,0,COUNT,BACKEND,ROOT,Num times yield occured
301369865411,EXECUTE,7572,US,BACKEND,ROOT,Time for initial VTCM acquire
301369865411,EXECUTE,4634,US,BACKEND,ROOT,Time for HVX + HMX power on and acquire
301369865411,EXECUTE,4485366,CYCLES,BACKEND,ROOT,Accelerator (execute) time (cycles)
301369865411,EXECUTE,802,CYCLES,BACKEND,SUB-EVENT,Input OpId_2 (cycles)
301369865411,EXECUTE,0,CYCLES,BACKEND,SUB-EVENT,hidden_states_nfc:OpId_17 (cycles)
301369865411,EXECUTE,14300,CYCLES,BACKEND,SUB-EVENT,rms_norm__Mul_2_output_0:OpId_22 (cycles)
301369865411,EXECUTE,0,CYCLES,BACKEND,SUB-EVENT,_MatMul_2_pre_reshape:OpId_25 (cycles)
301369865411,EXECUTE,0,CYCLES,BACKEND,SUB-EVENT,_MatMul_1_pre_reshape:OpId_26 (cycles)
301369865411,EXECUTE,0,CYCLES,BACKEND,SUB-EVENT,_MatMul_pre_reshape:OpId_27 (cycles)
301369865411,EXECUTE,0,CYCLES,BACKEND,SUB-EVENT,_MatMul:OpId_30 (cycles)
301369865411,EXECUTE,0,CYCLES,BACKEND,SUB-EVENT,_MatMul_post_reshape:OpId_32 (cycles)
301369865411,EXECUTE,11619,CYCLES,BACKEND,SUB-EVENT,_Transpose:OpId_34 (cycles)
301369865411,EXECUTE,0,CYCLES,BACKEND,SUB-EVENT,_MatMul_1:OpId_37 (cycles)
301369865411,EXECUTE,0,CYCLES,BACKEND,SUB-EVENT,_MatMul_1_post_reshape:OpId_39 (cycles)
301369865411,EXECUTE,4642,CYCLES,BACKEND,SUB-EVENT,_Transpose_1:OpId_41 (cycles)
301369865411,EXECUTE,0,CYCLES,BACKEND,SUB-EVENT,_MatMul_2:OpId_44 (cycles)
301369865411,EXECUTE,0,CYCLES,BACKEND,SUB-EVENT,_MatMul_2_post_reshape:OpId_46 (cycles)
301369865411,EXECUTE,6686,CYCLES,BACKEND,SUB-EVENT,_Transpose_2:OpId_48 (cycles)
301369865411,EXECUTE,0,CYCLES,BACKEND,SUB-EVENT,_Slice:OpId_50 (cycles)
301369865411,EXECUTE,684,CYCLES,BACKEND,SUB-EVENT,_Slice_1:OpId_56 (cycles)
301369865411,EXECUTE,7393,CYCLES,BACKEND,SUB-EVENT,_Mul_3:OpId_62 (cycles)
301369865411,EXECUTE,6666,CYCLES,BACKEND,SUB-EVENT,_Mul_4:OpId_65 (cycles)
301369865411,EXECUTE,837,CYCLES,BACKEND,SUB-EVENT,_Sub:OpId_67 (cycles)
301369865411,EXECUTE,6177,CYCLES,BACKEND,SUB-EVENT,_Mul_5:OpId_69 (cycles)
301369865411,EXECUTE,7297,CYCLES,BACKEND,SUB-EVENT,_Mul_6:OpId_71 (cycles)
301369865411,EXECUTE,1534,CYCLES,BACKEND,SUB-EVENT,_Add_4:OpId_73 (cycles)
301369865411,EXECUTE,1983,CYCLES,BACKEND,SUB-EVENT,_Concat:OpId_75 (cycles)
301369865411,EXECUTE,0,CYCLES,BACKEND,SUB-EVENT,_Slice_2:OpId_78 (cycles)
301369865411,EXECUTE,1554,CYCLES,BACKEND,SUB-EVENT,_Slice_3:OpId_84 (cycles)
301369865411,EXECUTE,7866,CYCLES,BACKEND,SUB-EVENT,_Mul_7:OpId_89 (cycles)
301369865411,EXECUTE,5769,CYCLES,BACKEND,SUB-EVENT,_Mul_8:OpId_91 (cycles)
301369865411,EXECUTE,1097,CYCLES,BACKEND,SUB-EVENT,_Sub_1:OpId_93 (cycles)
301369865411,EXECUTE,5735,CYCLES,BACKEND,SUB-EVENT,_Mul_9:OpId_95 (cycles)
301369865411,EXECUTE,7859,CYCLES,BACKEND,SUB-EVENT,_Mul_10:OpId_97 (cycles)
301369865411,EXECUTE,605,CYCLES,BACKEND,SUB-EVENT,_Add_5:OpId_99 (cycles)
301369865411,EXECUTE,2183,CYCLES,BACKEND,SUB-EVENT,_Concat_1:OpId_101 (cycles)
301369865411,EXECUTE,0,CYCLES,BACKEND,SUB-EVENT,_Unsqueeze_4:OpId_103 (cycles)
301369865411,EXECUTE,1616,CYCLES,BACKEND,SUB-EVENT,_Tile:OpId_105 (cycles)
301369865411,EXECUTE,0,CYCLES,BACKEND,SUB-EVENT,_Reshape_3:OpId_106 (cycles)
301369865411,EXECUTE,0,CYCLES,BACKEND,SUB-EVENT,_Unsqueeze_5:OpId_107 (cycles)
301369865411,EXECUTE,2342,CYCLES,BACKEND,SUB-EVENT,_Tile_1:OpId_109 (cycles)
301369865411,EXECUTE,0,CYCLES,BACKEND,SUB-EVENT,_Reshape_4:OpId_110 (cycles)
301369865411,EXECUTE,0,CYCLES,BACKEND,SUB-EVENT,_Transpose_3:OpId_112 (cycles)
301369865411,EXECUTE,101282,CYCLES,BACKEND,SUB-EVENT,_MatMul_3:OpId_113 (cycles)
301369865411,EXECUTE,24322,CYCLES,BACKEND,SUB-EVENT,_Mul_11:OpId_118 (cycles)
301369865411,EXECUTE,0,CYCLES,BACKEND,SUB-EVENT,_Unsqueeze_7_output_0_cast_to_bool:OpId_121 (cycles)
301369865411,EXECUTE,14403,CYCLES,BACKEND,SUB-EVENT,_Where:OpId_123 (cycles)
301369865411,EXECUTE,17331,CYCLES,BACKEND,SUB-EVENT,_Softmax:OpId_124 (cycles)
301369865411,EXECUTE,14516,CYCLES,BACKEND,SUB-EVENT,_MatMul_4:OpId_127 (cycles)
301369865411,EXECUTE,0,CYCLES,BACKEND,SUB-EVENT,_Transpose_4:OpId_132 (cycles)
301369865411,EXECUTE,0,CYCLES,BACKEND,SUB-EVENT,_Reshape_5:OpId_133 (cycles)
301369865411,EXECUTE,1194,CYCLES,BACKEND,SUB-EVENT,_MatMul_5:OpId_135 (cycles)
301369865411,EXECUTE,0,CYCLES,BACKEND,SUB-EVENT,_MatMul_5_post_reshape:OpId_138 (cycles)
301369865411,EXECUTE,0,CYCLES,BACKEND,SUB-EVENT,_MatMul_5_output_0_nfc:OpId_140 (cycles)
301369865411,EXECUTE,1128,CYCLES,BACKEND,SUB-EVENT,_Add_6:OpId_142 (cycles)
301369865411,EXECUTE,0,CYCLES,BACKEND,SUB-EVENT,_Add_6_output_0_ncf:OpId_145 (cycles)
301369865411,EXECUTE,7633,CYCLES,BACKEND,SUB-EVENT,rms_norm__Mul_14_output_0:OpId_150 (cycles)
301369865411,EXECUTE,0,CYCLES,BACKEND,SUB-EVENT,_MatMul_7_pre_reshape:OpId_153 (cycles)
301369865411,EXECUTE,0,CYCLES,BACKEND,SUB-EVENT,_MatMul_6_pre_reshape:OpId_154 (cycles)
301369865411,EXECUTE,0,CYCLES,BACKEND,SUB-EVENT,_MatMul_6_lhs_reshape:OpId_156 (cycles)
301369865411,EXECUTE,0,CYCLES,BACKEND,SUB-EVENT,_MatMul_6_lhs_cast_fp16:OpId_157 (cycles)
301369865411,EXECUTE,6651,CYCLES,BACKEND,SUB-EVENT,_MatMul_6_pack_lhs_q13:OpId_158 (cycles)
301369865411,EXECUTE,18087,CYCLES,BACKEND,SUB-EVENT,_MatMul_6_weight_transpose:OpId_160 (cycles)
301369865411,EXECUTE,0,CYCLES,BACKEND,SUB-EVENT,_MatMul_6_rhs_cast_fp16:OpId_161 (cycles)
301369865411,EXECUTE,4048858,CYCLES,BACKEND,SUB-EVENT,_MatMul_6:OpId_162 (cycles)
301369865411,EXECUTE,0,CYCLES,BACKEND,SUB-EVENT,_MatMul_6_output_reshape:OpId_163 (cycles)
301369865411,EXECUTE,0,CYCLES,BACKEND,SUB-EVENT,_MatMul_6_post_reshape:OpId_164 (cycles)
301369865411,EXECUTE,12223,CYCLES,BACKEND,SUB-EVENT,_Sigmoid:OpId_165 (cycles)
301369865411,EXECUTE,56120,CYCLES,BACKEND,SUB-EVENT,_Mul_15:OpId_172 (cycles)
301369865411,EXECUTE,2915,CYCLES,BACKEND,SUB-EVENT,_MatMul_7:OpId_175 (cycles)
301369865411,EXECUTE,0,CYCLES,BACKEND,SUB-EVENT,_MatMul_7_post_reshape:OpId_178 (cycles)
301369865411,EXECUTE,29626,CYCLES,BACKEND,SUB-EVENT,_Mul_16:OpId_179 (cycles)
301369865411,EXECUTE,0,CYCLES,BACKEND,SUB-EVENT,_MatMul_8_pre_reshape:OpId_181 (cycles)
301369865411,EXECUTE,5025,CYCLES,BACKEND,SUB-EVENT,_MatMul_8:OpId_183 (cycles)
301369865411,EXECUTE,0,CYCLES,BACKEND,SUB-EVENT,_MatMul_8_post_reshape:OpId_186 (cycles)
301369865411,EXECUTE,0,CYCLES,BACKEND,SUB-EVENT,_MatMul_8_output_0_nfc:OpId_188 (cycles)
301369865411,EXECUTE,2812,CYCLES,BACKEND,SUB-EVENT,_Add_8:OpId_190 (cycles)
301369865411,EXECUTE,6440,CYCLES,BACKEND,SUB-EVENT,hidden_out_ncf:OpId_193 (cycles)
301369865411,EXECUTE,7554,CYCLES,BACKEND,SUB-EVENT,Output OpId_3 (cycles)
301369865411,EXECUTE,13254,US,BACKEND,ROOT,Accelerator (execute) time
301369865411,EXECUTE,11406,US,BACKEND,ROOT,Accelerator (execute excluding wait) time
301369865411,EXECUTE,21801,US,BACKEND,ROOT,QNN (execute) time
301369888133,EXECUTE,17893,US,NETRUN,ROOT,Graph 0: tiny_block_prefill
301369888133,EXECUTE,4,COUNT,BACKEND,ROOT,Number of HVX threads used
301369888133,EXECUTE,17282,US,BACKEND,ROOT,RPC (execute) time
301369888133,EXECUTE,15083,US,BACKEND,ROOT,QNN accelerator (execute) time
301369888133,EXECUTE,0,COUNT,BACKEND,ROOT,Num times yield occured
301369888133,EXECUTE,7179,US,BACKEND,ROOT,Time for initial VTCM acquire
301369888133,EXECUTE,4879,US,BACKEND,ROOT,Time for HVX + HMX power on and acquire
301369888133,EXECUTE,4464960,CYCLES,BACKEND,ROOT,Accelerator (execute) time (cycles)
301369888133,EXECUTE,829,CYCLES,BACKEND,SUB-EVENT,Input OpId_2 (cycles)
301369888133,EXECUTE,0,CYCLES,BACKEND,SUB-EVENT,hidden_states_nfc:OpId_17 (cycles)
301369888133,EXECUTE,13002,CYCLES,BACKEND,SUB-EVENT,rms_norm__Mul_2_output_0:OpId_22 (cycles)
301369888133,EXECUTE,0,CYCLES,BACKEND,SUB-EVENT,_MatMul_2_pre_reshape:OpId_25 (cycles)
301369888133,EXECUTE,0,CYCLES,BACKEND,SUB-EVENT,_MatMul_1_pre_reshape:OpId_26 (cycles)
301369888133,EXECUTE,0,CYCLES,BACKEND,SUB-EVENT,_MatMul_pre_reshape:OpId_27 (cycles)
301369888133,EXECUTE,0,CYCLES,BACKEND,SUB-EVENT,_MatMul:OpId_30 (cycles)
301369888133,EXECUTE,0,CYCLES,BACKEND,SUB-EVENT,_MatMul_post_reshape:OpId_32 (cycles)
301369888133,EXECUTE,11342,CYCLES,BACKEND,SUB-EVENT,_Transpose:OpId_34 (cycles)
301369888133,EXECUTE,0,CYCLES,BACKEND,SUB-EVENT,_MatMul_1:OpId_37 (cycles)
301369888133,EXECUTE,0,CYCLES,BACKEND,SUB-EVENT,_MatMul_1_post_reshape:OpId_39 (cycles)
301369888133,EXECUTE,4521,CYCLES,BACKEND,SUB-EVENT,_Transpose_1:OpId_41 (cycles)
301369888133,EXECUTE,0,CYCLES,BACKEND,SUB-EVENT,_MatMul_2:OpId_44 (cycles)
301369888133,EXECUTE,0,CYCLES,BACKEND,SUB-EVENT,_MatMul_2_post_reshape:OpId_46 (cycles)
301369888133,EXECUTE,6237,CYCLES,BACKEND,SUB-EVENT,_Transpose_2:OpId_48 (cycles)
301369888133,EXECUTE,0,CYCLES,BACKEND,SUB-EVENT,_Slice:OpId_50 (cycles)
301369888133,EXECUTE,687,CYCLES,BACKEND,SUB-EVENT,_Slice_1:OpId_56 (cycles)
301369888133,EXECUTE,7112,CYCLES,BACKEND,SUB-EVENT,_Mul_3:OpId_62 (cycles)
301369888133,EXECUTE,6342,CYCLES,BACKEND,SUB-EVENT,_Mul_4:OpId_65 (cycles)
301369888133,EXECUTE,831,CYCLES,BACKEND,SUB-EVENT,_Sub:OpId_67 (cycles)
301369888133,EXECUTE,5887,CYCLES,BACKEND,SUB-EVENT,_Mul_5:OpId_69 (cycles)
301369888133,EXECUTE,7014,CYCLES,BACKEND,SUB-EVENT,_Mul_6:OpId_71 (cycles)
301369888133,EXECUTE,1432,CYCLES,BACKEND,SUB-EVENT,_Add_4:OpId_73 (cycles)
301369888133,EXECUTE,2043,CYCLES,BACKEND,SUB-EVENT,_Concat:OpId_75 (cycles)
301369888133,EXECUTE,0,CYCLES,BACKEND,SUB-EVENT,_Slice_2:OpId_78 (cycles)
301369888133,EXECUTE,1149,CYCLES,BACKEND,SUB-EVENT,_Slice_3:OpId_84 (cycles)
301369888133,EXECUTE,8382,CYCLES,BACKEND,SUB-EVENT,_Mul_7:OpId_89 (cycles)
301369888133,EXECUTE,6131,CYCLES,BACKEND,SUB-EVENT,_Mul_8:OpId_91 (cycles)
301369888133,EXECUTE,1099,CYCLES,BACKEND,SUB-EVENT,_Sub_1:OpId_93 (cycles)
301369888133,EXECUTE,6111,CYCLES,BACKEND,SUB-EVENT,_Mul_9:OpId_95 (cycles)
301369888133,EXECUTE,8341,CYCLES,BACKEND,SUB-EVENT,_Mul_10:OpId_97 (cycles)
301369888133,EXECUTE,609,CYCLES,BACKEND,SUB-EVENT,_Add_5:OpId_99 (cycles)
301369888133,EXECUTE,2857,CYCLES,BACKEND,SUB-EVENT,_Concat_1:OpId_101 (cycles)
301369888133,EXECUTE,0,CYCLES,BACKEND,SUB-EVENT,_Unsqueeze_4:OpId_103 (cycles)
301369888133,EXECUTE,1796,CYCLES,BACKEND,SUB-EVENT,_Tile:OpId_105 (cycles)
301369888133,EXECUTE,0,CYCLES,BACKEND,SUB-EVENT,_Reshape_3:OpId_106 (cycles)
301369888133,EXECUTE,0,CYCLES,BACKEND,SUB-EVENT,_Unsqueeze_5:OpId_107 (cycles)
301369888133,EXECUTE,2415,CYCLES,BACKEND,SUB-EVENT,_Tile_1:OpId_109 (cycles)
301369888133,EXECUTE,0,CYCLES,BACKEND,SUB-EVENT,_Reshape_4:OpId_110 (cycles)
301369888133,EXECUTE,0,CYCLES,BACKEND,SUB-EVENT,_Transpose_3:OpId_112 (cycles)
301369888133,EXECUTE,59864,CYCLES,BACKEND,SUB-EVENT,_MatMul_3:OpId_113 (cycles)
301369888133,EXECUTE,33070,CYCLES,BACKEND,SUB-EVENT,_Mul_11:OpId_118 (cycles)
301369888133,EXECUTE,0,CYCLES,BACKEND,SUB-EVENT,_Unsqueeze_7_output_0_cast_to_bool:OpId_121 (cycles)
301369888133,EXECUTE,16042,CYCLES,BACKEND,SUB-EVENT,_Where:OpId_123 (cycles)
301369888133,EXECUTE,27505,CYCLES,BACKEND,SUB-EVENT,_Softmax:OpId_124 (cycles)
301369888133,EXECUTE,15446,CYCLES,BACKEND,SUB-EVENT,_MatMul_4:OpId_127 (cycles)
301369888133,EXECUTE,0,CYCLES,BACKEND,SUB-EVENT,_Transpose_4:OpId_132 (cycles)
301369888133,EXECUTE,0,CYCLES,BACKEND,SUB-EVENT,_Reshape_5:OpId_133 (cycles)
301369888133,EXECUTE,1058,CYCLES,BACKEND,SUB-EVENT,_MatMul_5:OpId_135 (cycles)
301369888133,EXECUTE,0,CYCLES,BACKEND,SUB-EVENT,_MatMul_5_post_reshape:OpId_138 (cycles)
301369888133,EXECUTE,0,CYCLES,BACKEND,SUB-EVENT,_MatMul_5_output_0_nfc:OpId_140 (cycles)
301369888133,EXECUTE,1128,CYCLES,BACKEND,SUB-EVENT,_Add_6:OpId_142 (cycles)
301369888133,EXECUTE,0,CYCLES,BACKEND,SUB-EVENT,_Add_6_output_0_ncf:OpId_145 (cycles)
301369888133,EXECUTE,7685,CYCLES,BACKEND,SUB-EVENT,rms_norm__Mul_14_output_0:OpId_150 (cycles)
301369888133,EXECUTE,0,CYCLES,BACKEND,SUB-EVENT,_MatMul_7_pre_reshape:OpId_153 (cycles)
301369888133,EXECUTE,0,CYCLES,BACKEND,SUB-EVENT,_MatMul_6_pre_reshape:OpId_154 (cycles)
301369888133,EXECUTE,0,CYCLES,BACKEND,SUB-EVENT,_MatMul_6_lhs_reshape:OpId_156 (cycles)
301369888133,EXECUTE,0,CYCLES,BACKEND,SUB-EVENT,_MatMul_6_lhs_cast_fp16:OpId_157 (cycles)
301369888133,EXECUTE,6661,CYCLES,BACKEND,SUB-EVENT,_MatMul_6_pack_lhs_q13:OpId_158 (cycles)
301369888133,EXECUTE,25693,CYCLES,BACKEND,SUB-EVENT,_MatMul_6_weight_transpose:OpId_160 (cycles)
301369888133,EXECUTE,0,CYCLES,BACKEND,SUB-EVENT,_MatMul_6_rhs_cast_fp16:OpId_161 (cycles)
301369888133,EXECUTE,4049758,CYCLES,BACKEND,SUB-EVENT,_MatMul_6:OpId_162 (cycles)
301369888133,EXECUTE,0,CYCLES,BACKEND,SUB-EVENT,_MatMul_6_output_reshape:OpId_163 (cycles)
301369888133,EXECUTE,0,CYCLES,BACKEND,SUB-EVENT,_MatMul_6_post_reshape:OpId_164 (cycles)
301369888133,EXECUTE,10642,CYCLES,BACKEND,SUB-EVENT,_Sigmoid:OpId_165 (cycles)
301369888133,EXECUTE,52246,CYCLES,BACKEND,SUB-EVENT,_Mul_15:OpId_172 (cycles)
301369888133,EXECUTE,3022,CYCLES,BACKEND,SUB-EVENT,_MatMul_7:OpId_175 (cycles)
301369888133,EXECUTE,0,CYCLES,BACKEND,SUB-EVENT,_MatMul_7_post_reshape:OpId_178 (cycles)
301369888133,EXECUTE,30333,CYCLES,BACKEND,SUB-EVENT,_Mul_16:OpId_179 (cycles)
301369888133,EXECUTE,0,CYCLES,BACKEND,SUB-EVENT,_MatMul_8_pre_reshape:OpId_181 (cycles)
301369888133,EXECUTE,2203,CYCLES,BACKEND,SUB-EVENT,_MatMul_8:OpId_183 (cycles)
301369888133,EXECUTE,0,CYCLES,BACKEND,SUB-EVENT,_MatMul_8_post_reshape:OpId_186 (cycles)
301369888133,EXECUTE,0,CYCLES,BACKEND,SUB-EVENT,_MatMul_8_output_0_nfc:OpId_188 (cycles)
301369888133,EXECUTE,2806,CYCLES,BACKEND,SUB-EVENT,_Add_8:OpId_190 (cycles)
301369888133,EXECUTE,6465,CYCLES,BACKEND,SUB-EVENT,hidden_out_ncf:OpId_193 (cycles)
301369888133,EXECUTE,7164,CYCLES,BACKEND,SUB-EVENT,Output OpId_3 (cycles)
301369888133,EXECUTE,13226,US,BACKEND,ROOT,Accelerator (execute) time
301369888133,EXECUTE,11405,US,BACKEND,ROOT,Accelerator (execute excluding wait) time
301369888133,EXECUTE,17846,US,BACKEND,ROOT,QNN (execute) time
301369910297,EXECUTE,17784,US,NETRUN,ROOT,Graph 0: tiny_block_prefill
301369910297,EXECUTE,4,COUNT,BACKEND,ROOT,Number of HVX threads used
301369910297,EXECUTE,17323,US,BACKEND,ROOT,RPC (execute) time
301369910297,EXECUTE,15047,US,BACKEND,ROOT,QNN accelerator (execute) time
301369910297,EXECUTE,0,COUNT,BACKEND,ROOT,Num times yield occured
301369910297,EXECUTE,7145,US,BACKEND,ROOT,Time for initial VTCM acquire
301369910297,EXECUTE,4764,US,BACKEND,ROOT,Time for HVX + HMX power on and acquire
301369910297,EXECUTE,4425499,CYCLES,BACKEND,ROOT,Accelerator (execute) time (cycles)
301369910297,EXECUTE,3597,CYCLES,BACKEND,SUB-EVENT,Input OpId_2 (cycles)
301369910297,EXECUTE,0,CYCLES,BACKEND,SUB-EVENT,hidden_states_nfc:OpId_17 (cycles)
301369910297,EXECUTE,16077,CYCLES,BACKEND,SUB-EVENT,rms_norm__Mul_2_output_0:OpId_22 (cycles)
301369910297,EXECUTE,0,CYCLES,BACKEND,SUB-EVENT,_MatMul_2_pre_reshape:OpId_25 (cycles)
301369910297,EXECUTE,0,CYCLES,BACKEND,SUB-EVENT,_MatMul_1_pre_reshape:OpId_26 (cycles)
301369910297,EXECUTE,0,CYCLES,BACKEND,SUB-EVENT,_MatMul_pre_reshape:OpId_27 (cycles)
301369910297,EXECUTE,0,CYCLES,BACKEND,SUB-EVENT,_MatMul:OpId_30 (cycles)
301369910297,EXECUTE,0,CYCLES,BACKEND,SUB-EVENT,_MatMul_post_reshape:OpId_32 (cycles)
301369910297,EXECUTE,11164,CYCLES,BACKEND,SUB-EVENT,_Transpose:OpId_34 (cycles)
301369910297,EXECUTE,0,CYCLES,BACKEND,SUB-EVENT,_MatMul_1:OpId_37 (cycles)
301369910297,EXECUTE,0,CYCLES,BACKEND,SUB-EVENT,_MatMul_1_post_reshape:OpId_39 (cycles)
301369910297,EXECUTE,5635,CYCLES,BACKEND,SUB-EVENT,_Transpose_1:OpId_41 (cycles)
301369910297,EXECUTE,0,CYCLES,BACKEND,SUB-EVENT,_MatMul_2:OpId_44 (cycles)
301369910297,EXECUTE,0,CYCLES,BACKEND,SUB-EVENT,_MatMul_2_post_reshape:OpId_46 (cycles)
301369910297,EXECUTE,5316,CYCLES,BACKEND,SUB-EVENT,_Transpose_2:OpId_48 (cycles)
301369910297,EXECUTE,0,CYCLES,BACKEND,SUB-EVENT,_Slice:OpId_50 (cycles)
301369910297,EXECUTE,647,CYCLES,BACKEND,SUB-EVENT,_Slice_1:OpId_56 (cycles)
301369910297,EXECUTE,7117,CYCLES,BACKEND,SUB-EVENT,_Mul_3:OpId_62 (cycles)
301369910297,EXECUTE,6316,CYCLES,BACKEND,SUB-EVENT,_Mul_4:OpId_65 (cycles)
301369910297,EXECUTE,825,CYCLES,BACKEND,SUB-EVENT,_Sub:OpId_67 (cycles)
301369910297,EXECUTE,5927,CYCLES,BACKEND,SUB-EVENT,_Mul_5:OpId_69 (cycles)
301369910297,EXECUTE,7011,CYCLES,BACKEND,SUB-EVENT,_Mul_6:OpId_71 (cycles)
301369910297,EXECUTE,1484,CYCLES,BACKEND,SUB-EVENT,_Add_4:OpId_73 (cycles)
301369910297,EXECUTE,1147,CYCLES,BACKEND,SUB-EVENT,_Concat:OpId_75 (cycles)
301369910297,EXECUTE,0,CYCLES,BACKEND,SUB-EVENT,_Slice_2:OpId_78 (cycles)
301369910297,EXECUTE,916,CYCLES,BACKEND,SUB-EVENT,_Slice_3:OpId_84 (cycles)
301369910297,EXECUTE,7965,CYCLES,BACKEND,SUB-EVENT,_Mul_7:OpId_89 (cycles)
301369910297,EXECUTE,5731,CYCLES,BACKEND,SUB-EVENT,_Mul_8:OpId_91 (cycles)
301369910297,EXECUTE,1085,CYCLES,BACKEND,SUB-EVENT,_Sub_1:OpId_93 (cycles)
301369910297,EXECUTE,5673,CYCLES,BACKEND,SUB-EVENT,_Mul_9:OpId_95 (cycles)
301369910297,EXECUTE,7933,CYCLES,BACKEND,SUB-EVENT,_Mul_10:OpId_97 (cycles)
301369910297,EXECUTE,595,CYCLES,BACKEND,SUB-EVENT,_Add_5:OpId_99 (cycles)
301369910297,EXECUTE,2639,CYCLES,BACKEND,SUB-EVENT,_Concat_1:OpId_101 (cycles)
301369910297,EXECUTE,0,CYCLES,BACKEND,SUB-EVENT,_Unsqueeze_4:OpId_103 (cycles)
301369910297,EXECUTE,2396,CYCLES,BACKEND,SUB-EVENT,_Tile:OpId_105 (cycles)
301369910297,EXECUTE,0,CYCLES,BACKEND,SUB-EVENT,_Reshape_3:OpId_106 (cycles)
301369910297,EXECUTE,0,CYCLES,BACKEND,SUB-EVENT,_Unsqueeze_5:OpId_107 (cycles)
301369910297,EXECUTE,1968,CYCLES,BACKEND,SUB-EVENT,_Tile_1:OpId_109 (cycles)
301369910297,EXECUTE,0,CYCLES,BACKEND,SUB-EVENT,_Reshape_4:OpId_110 (cycles)
301369910297,EXECUTE,0,CYCLES,BACKEND,SUB-EVENT,_Transpose_3:OpId_112 (cycles)
301369910297,EXECUTE,58595,CYCLES,BACKEND,SUB-EVENT,_MatMul_3:OpId_113 (cycles)
301369910297,EXECUTE,32453,CYCLES,BACKEND,SUB-EVENT,_Mul_11:OpId_118 (cycles)
301369910297,EXECUTE,0,CYCLES,BACKEND,SUB-EVENT,_Unsqueeze_7_output_0_cast_to_bool:OpId_121 (cycles)
301369910297,EXECUTE,18053,CYCLES,BACKEND,SUB-EVENT,_Where:OpId_123 (cycles)
301369910297,EXECUTE,22670,CYCLES,BACKEND,SUB-EVENT,_Softmax:OpId_124 (cycles)
301369910297,EXECUTE,14373,CYCLES,BACKEND,SUB-EVENT,_MatMul_4:OpId_127 (cycles)
301369910297,EXECUTE,0,CYCLES,BACKEND,SUB-EVENT,_Transpose_4:OpId_132 (cycles)
301369910297,EXECUTE,0,CYCLES,BACKEND,SUB-EVENT,_Reshape_5:OpId_133 (cycles)
301369910297,EXECUTE,1131,CYCLES,BACKEND,SUB-EVENT,_MatMul_5:OpId_135 (cycles)
301369910297,EXECUTE,0,CYCLES,BACKEND,SUB-EVENT,_MatMul_5_post_reshape:OpId_138 (cycles)
301369910297,EXECUTE,0,CYCLES,BACKEND,SUB-EVENT,_MatMul_5_output_0_nfc:OpId_140 (cycles)
301369910297,EXECUTE,1268,CYCLES,BACKEND,SUB-EVENT,_Add_6:OpId_142 (cycles)
301369910297,EXECUTE,0,CYCLES,BACKEND,SUB-EVENT,_Add_6_output_0_ncf:OpId_145 (cycles)
301369910297,EXECUTE,7646,CYCLES,BACKEND,SUB-EVENT,rms_norm__Mul_14_output_0:OpId_150 (cycles)
301369910297,EXECUTE,0,CYCLES,BACKEND,SUB-EVENT,_MatMul_7_pre_reshape:OpId_153 (cycles)
301369910297,EXECUTE,0,CYCLES,BACKEND,SUB-EVENT,_MatMul_6_pre_reshape:OpId_154 (cycles)
301369910297,EXECUTE,0,CYCLES,BACKEND,SUB-EVENT,_MatMul_6_lhs_reshape:OpId_156 (cycles)
301369910297,EXECUTE,0,CYCLES,BACKEND,SUB-EVENT,_MatMul_6_lhs_cast_fp16:OpId_157 (cycles)
301369910297,EXECUTE,7640,CYCLES,BACKEND,SUB-EVENT,_MatMul_6_pack_lhs_q13:OpId_158 (cycles)
301369910297,EXECUTE,20242,CYCLES,BACKEND,SUB-EVENT,_MatMul_6_weight_transpose:OpId_160 (cycles)
301369910297,EXECUTE,0,CYCLES,BACKEND,SUB-EVENT,_MatMul_6_rhs_cast_fp16:OpId_161 (cycles)
301369910297,EXECUTE,4005509,CYCLES,BACKEND,SUB-EVENT,_MatMul_6:OpId_162 (cycles)
301369910297,EXECUTE,0,CYCLES,BACKEND,SUB-EVENT,_MatMul_6_output_reshape:OpId_163 (cycles)
301369910297,EXECUTE,0,CYCLES,BACKEND,SUB-EVENT,_MatMul_6_post_reshape:OpId_164 (cycles)
301369910297,EXECUTE,10627,CYCLES,BACKEND,SUB-EVENT,_Sigmoid:OpId_165 (cycles)
301369910297,EXECUTE,54252,CYCLES,BACKEND,SUB-EVENT,_Mul_15:OpId_172 (cycles)
301369910297,EXECUTE,2898,CYCLES,BACKEND,SUB-EVENT,_MatMul_7:OpId_175 (cycles)
301369910297,EXECUTE,0,CYCLES,BACKEND,SUB-EVENT,_MatMul_7_post_reshape:OpId_178 (cycles)
301369910297,EXECUTE,28450,CYCLES,BACKEND,SUB-EVENT,_Mul_16:OpId_179 (cycles)
301369910297,EXECUTE,0,CYCLES,BACKEND,SUB-EVENT,_MatMul_8_pre_reshape:OpId_181 (cycles)
301369910297,EXECUTE,6254,CYCLES,BACKEND,SUB-EVENT,_MatMul_8:OpId_183 (cycles)
301369910297,EXECUTE,0,CYCLES,BACKEND,SUB-EVENT,_MatMul_8_post_reshape:OpId_186 (cycles)
301369910297,EXECUTE,0,CYCLES,BACKEND,SUB-EVENT,_MatMul_8_output_0_nfc:OpId_188 (cycles)
301369910297,EXECUTE,2800,CYCLES,BACKEND,SUB-EVENT,_Add_8:OpId_190 (cycles)
301369910297,EXECUTE,6536,CYCLES,BACKEND,SUB-EVENT,hidden_out_ncf:OpId_193 (cycles)
301369910297,EXECUTE,14938,CYCLES,BACKEND,SUB-EVENT,Output OpId_3 (cycles)
301369910297,EXECUTE,13154,US,BACKEND,ROOT,Accelerator (execute) time
301369910297,EXECUTE,11342,US,BACKEND,ROOT,Accelerator (execute excluding wait) time
301369910297,EXECUTE,17738,US,BACKEND,ROOT,QNN (execute) time
301369932567,EXECUTE,17631,US,NETRUN,ROOT,Graph 0: tiny_block_prefill
301369932567,EXECUTE,4,COUNT,BACKEND,ROOT,Number of HVX threads used
301369932567,EXECUTE,17175,US,BACKEND,ROOT,RPC (execute) time
301369932567,EXECUTE,14980,US,BACKEND,ROOT,QNN accelerator (execute) time
301369932567,EXECUTE,0,COUNT,BACKEND,ROOT,Num times yield occured
301369932567,EXECUTE,7215,US,BACKEND,ROOT,Time for initial VTCM acquire
301369932567,EXECUTE,4707,US,BACKEND,ROOT,Time for HVX + HMX power on and acquire
301369932567,EXECUTE,4408658,CYCLES,BACKEND,ROOT,Accelerator (execute) time (cycles)
301369932567,EXECUTE,1137,CYCLES,BACKEND,SUB-EVENT,Input OpId_2 (cycles)
301369932567,EXECUTE,0,CYCLES,BACKEND,SUB-EVENT,hidden_states_nfc:OpId_17 (cycles)
301369932567,EXECUTE,13251,CYCLES,BACKEND,SUB-EVENT,rms_norm__Mul_2_output_0:OpId_22 (cycles)
301369932567,EXECUTE,0,CYCLES,BACKEND,SUB-EVENT,_MatMul_2_pre_reshape:OpId_25 (cycles)
301369932567,EXECUTE,0,CYCLES,BACKEND,SUB-EVENT,_MatMul_1_pre_reshape:OpId_26 (cycles)
301369932567,EXECUTE,0,CYCLES,BACKEND,SUB-EVENT,_MatMul_pre_reshape:OpId_27 (cycles)
301369932567,EXECUTE,0,CYCLES,BACKEND,SUB-EVENT,_MatMul:OpId_30 (cycles)
301369932567,EXECUTE,0,CYCLES,BACKEND,SUB-EVENT,_MatMul_post_reshape:OpId_32 (cycles)
301369932567,EXECUTE,11764,CYCLES,BACKEND,SUB-EVENT,_Transpose:OpId_34 (cycles)
301369932567,EXECUTE,0,CYCLES,BACKEND,SUB-EVENT,_MatMul_1:OpId_37 (cycles)
301369932567,EXECUTE,0,CYCLES,BACKEND,SUB-EVENT,_MatMul_1_post_reshape:OpId_39 (cycles)
301369932567,EXECUTE,4782,CYCLES,BACKEND,SUB-EVENT,_Transpose_1:OpId_41 (cycles)
301369932567,EXECUTE,0,CYCLES,BACKEND,SUB-EVENT,_MatMul_2:OpId_44 (cycles)
301369932567,EXECUTE,0,CYCLES,BACKEND,SUB-EVENT,_MatMul_2_post_reshape:OpId_46 (cycles)
301369932567,EXECUTE,4975,CYCLES,BACKEND,SUB-EVENT,_Transpose_2:OpId_48 (cycles)
301369932567,EXECUTE,0,CYCLES,BACKEND,SUB-EVENT,_Slice:OpId_50 (cycles)
301369932567,EXECUTE,648,CYCLES,BACKEND,SUB-EVENT,_Slice_1:OpId_56 (cycles)
301369932567,EXECUTE,7022,CYCLES,BACKEND,SUB-EVENT,_Mul_3:OpId_62 (cycles)
301369932567,EXECUTE,6390,CYCLES,BACKEND,SUB-EVENT,_Mul_4:OpId_65 (cycles)
301369932567,EXECUTE,822,CYCLES,BACKEND,SUB-EVENT,_Sub:OpId_67 (cycles)
301369932567,EXECUTE,5795,CYCLES,BACKEND,SUB-EVENT,_Mul_5:OpId_69 (cycles)
301369932567,EXECUTE,7041,CYCLES,BACKEND,SUB-EVENT,_Mul_6:OpId_71 (cycles)
301369932567,EXECUTE,1498,CYCLES,BACKEND,SUB-EVENT,_Add_4:OpId_73 (cycles)
301369932567,EXECUTE,1131,CYCLES,BACKEND,SUB-EVENT,_Concat:OpId_75 (cycles)
301369932567,EXECUTE,0,CYCLES,BACKEND,SUB-EVENT,_Slice_2:OpId_78 (cycles)
301369932567,EXECUTE,1508,CYCLES,BACKEND,SUB-EVENT,_Slice_3:OpId_84 (cycles)
301369932567,EXECUTE,7953,CYCLES,BACKEND,SUB-EVENT,_Mul_7:OpId_89 (cycles)
301369932567,EXECUTE,6152,CYCLES,BACKEND,SUB-EVENT,_Mul_8:OpId_91 (cycles)
301369932567,EXECUTE,1085,CYCLES,BACKEND,SUB-EVENT,_Sub_1:OpId_93 (cycles)
301369932567,EXECUTE,6092,CYCLES,BACKEND,SUB-EVENT,_Mul_9:OpId_95 (cycles)
301369932567,EXECUTE,7945,CYCLES,BACKEND,SUB-EVENT,_Mul_10:OpId_97 (cycles)
301369932567,EXECUTE,585,CYCLES,BACKEND,SUB-EVENT,_Add_5:OpId_99 (cycles)
301369932567,EXECUTE,2080,CYCLES,BACKEND,SUB-EVENT,_Concat_1:OpId_101 (cycles)
301369932567,EXECUTE,0,CYCLES,BACKEND,SUB-EVENT,_Unsqueeze_4:OpId_103 (cycles)
301369932567,EXECUTE,2118,CYCLES,BACKEND,SUB-EVENT,_Tile:OpId_105 (cycles)
301369932567,EXECUTE,0,CYCLES,BACKEND,SUB-EVENT,_Reshape_3:OpId_106 (cycles)
301369932567,EXECUTE,0,CYCLES,BACKEND,SUB-EVENT,_Unsqueeze_5:OpId_107 (cycles)
301369932567,EXECUTE,2276,CYCLES,BACKEND,SUB-EVENT,_Tile_1:OpId_109 (cycles)
301369932567,EXECUTE,0,CYCLES,BACKEND,SUB-EVENT,_Reshape_4:OpId_110 (cycles)
301369932567,EXECUTE,0,CYCLES,BACKEND,SUB-EVENT,_Transpose_3:OpId_112 (cycles)
301369932567,EXECUTE,39531,CYCLES,BACKEND,SUB-EVENT,_MatMul_3:OpId_113 (cycles)
301369932567,EXECUTE,14615,CYCLES,BACKEND,SUB-EVENT,_Mul_11:OpId_118 (cycles)
301369932567,EXECUTE,0,CYCLES,BACKEND,SUB-EVENT,_Unsqueeze_7_output_0_cast_to_bool:OpId_121 (cycles)
301369932567,EXECUTE,14088,CYCLES,BACKEND,SUB-EVENT,_Where:OpId_123 (cycles)
301369932567,EXECUTE,15229,CYCLES,BACKEND,SUB-EVENT,_Softmax:OpId_124 (cycles)
301369932567,EXECUTE,13585,CYCLES,BACKEND,SUB-EVENT,_MatMul_4:OpId_127 (cycles)
301369932567,EXECUTE,0,CYCLES,BACKEND,SUB-EVENT,_Transpose_4:OpId_132 (cycles)
301369932567,EXECUTE,0,CYCLES,BACKEND,SUB-EVENT,_Reshape_5:OpId_133 (cycles)
301369932567,EXECUTE,1096,CYCLES,BACKEND,SUB-EVENT,_MatMul_5:OpId_135 (cycles)
301369932567,EXECUTE,0,CYCLES,BACKEND,SUB-EVENT,_MatMul_5_post_reshape:OpId_138 (cycles)
301369932567,EXECUTE,0,CYCLES,BACKEND,SUB-EVENT,_MatMul_5_output_0_nfc:OpId_140 (cycles)
301369932567,EXECUTE,1148,CYCLES,BACKEND,SUB-EVENT,_Add_6:OpId_142 (cycles)
301369932567,EXECUTE,0,CYCLES,BACKEND,SUB-EVENT,_Add_6_output_0_ncf:OpId_145 (cycles)
301369932567,EXECUTE,13289,CYCLES,BACKEND,SUB-EVENT,rms_norm__Mul_14_output_0:OpId_150 (cycles)
301369932567,EXECUTE,0,CYCLES,BACKEND,SUB-EVENT,_MatMul_7_pre_reshape:OpId_153 (cycles)
301369932567,EXECUTE,0,CYCLES,BACKEND,SUB-EVENT,_MatMul_6_pre_reshape:OpId_154 (cycles)
301369932567,EXECUTE,0,CYCLES,BACKEND,SUB-EVENT,_MatMul_6_lhs_reshape:OpId_156 (cycles)
301369932567,EXECUTE,0,CYCLES,BACKEND,SUB-EVENT,_MatMul_6_lhs_cast_fp16:OpId_157 (cycles)
301369932567,EXECUTE,6053,CYCLES,BACKEND,SUB-EVENT,_MatMul_6_pack_lhs_q13:OpId_158 (cycles)
301369932567,EXECUTE,20967,CYCLES,BACKEND,SUB-EVENT,_MatMul_6_weight_transpose:OpId_160 (cycles)
301369932567,EXECUTE,0,CYCLES,BACKEND,SUB-EVENT,_MatMul_6_rhs_cast_fp16:OpId_161 (cycles)
301369932567,EXECUTE,4002545,CYCLES,BACKEND,SUB-EVENT,_MatMul_6:OpId_162 (cycles)
301369932567,EXECUTE,0,CYCLES,BACKEND,SUB-EVENT,_MatMul_6_output_reshape:OpId_163 (cycles)
301369932567,EXECUTE,0,CYCLES,BACKEND,SUB-EVENT,_MatMul_6_post_reshape:OpId_164 (cycles)
301369932567,EXECUTE,10676,CYCLES,BACKEND,SUB-EVENT,_Sigmoid:OpId_165 (cycles)
301369932567,EXECUTE,53864,CYCLES,BACKEND,SUB-EVENT,_Mul_15:OpId_172 (cycles)
301369932567,EXECUTE,20604,CYCLES,BACKEND,SUB-EVENT,_MatMul_7:OpId_175 (cycles)
301369932567,EXECUTE,0,CYCLES,BACKEND,SUB-EVENT,_MatMul_7_post_reshape:OpId_178 (cycles)
301369932567,EXECUTE,46453,CYCLES,BACKEND,SUB-EVENT,_Mul_16:OpId_179 (cycles)
301369932567,EXECUTE,0,CYCLES,BACKEND,SUB-EVENT,_MatMul_8_pre_reshape:OpId_181 (cycles)
301369932567,EXECUTE,16887,CYCLES,BACKEND,SUB-EVENT,_MatMul_8:OpId_183 (cycles)
301369932567,EXECUTE,0,CYCLES,BACKEND,SUB-EVENT,_MatMul_8_post_reshape:OpId_186 (cycles)
301369932567,EXECUTE,0,CYCLES,BACKEND,SUB-EVENT,_MatMul_8_output_0_nfc:OpId_188 (cycles)
301369932567,EXECUTE,2761,CYCLES,BACKEND,SUB-EVENT,_Add_8:OpId_190 (cycles)
301369932567,EXECUTE,4240,CYCLES,BACKEND,SUB-EVENT,hidden_out_ncf:OpId_193 (cycles)
301369932567,EXECUTE,6977,CYCLES,BACKEND,SUB-EVENT,Output OpId_3 (cycles)
301369932567,EXECUTE,13161,US,BACKEND,ROOT,Accelerator (execute) time
301369932567,EXECUTE,11335,US,BACKEND,ROOT,Accelerator (execute excluding wait) time
301369932567,EXECUTE,17587,US,BACKEND,ROOT,QNN (execute) time
301369936775,EXECUTE IPS,43.417664,INF/SEC,NETRUN,ROOT,null
